persistence,drift,replicate,lo,hi,pattern,trades,gross_r,delta_r,p_delta_adjusted,paired_low,mde_delta_r,beats
0,0.0,1,1,5,bearish_engulfing,1523,-0.009518230039806,0.0332736947521865,1.0,-0.0152176578457761,0.1009670229966884,0
0,0.0,1,1,5,bearish_harami,647,-0.0739766393259982,-0.0376209958222309,1.0,-0.1333399783649834,0.1959161980476973,0
0,0.0,1,1,5,bearish_kicker,183,0.0157904379161464,0.0056265834156096,1.0,-0.1195235082741921,0.251898366099708,0
0,0.0,1,1,5,bullish_engulfing,1521,-0.0077354086105307,0.0339670108723113,1.0,-0.0119835140372037,0.0963368130256654,0
0,0.0,1,1,5,bullish_harami,666,-0.1147091332215967,-0.1268352274666501,1.0,-0.2153942364722668,0.1821451480374365,0
0,0.0,1,1,5,bullish_kicker,224,0.0003127506183883,0.0671946300492612,1.0,-0.0679229453360942,0.2775129888609958,0
0,0.0,1,1,5,dark_cloud_cover,197,0.0433856028240351,0.0243457304970419,1.0,-0.1155468821813489,0.2889560641026008,0
0,0.0,1,1,5,dragonfly_doji,516,-0.0549879510702296,-0.0266632146014603,1.0,-0.1349797580739219,0.2301128519840527,0
0,0.0,1,1,5,evening_star,49,0.0205267224617363,-0.269627999355095,1.0,-0.6085792686801453,0.6661989922907469,0
0,0.0,1,1,5,gravestone_doji,626,-0.046655088978862,-0.1160508369958238,1.0,-0.2060167673278424,0.1888356424913806,0
0,0.0,1,1,5,hammer,1473,-0.0203066182539841,-0.0418034415947305,1.0,-0.1013586388044433,0.1248003038035626,0
0,0.0,1,1,5,hanging_man,1657,-0.045221988751343,-0.0262664308106873,1.0,-0.1010425626096598,0.1524671271214959,0
0,0.0,1,1,5,inverted_hammer,1650,-0.0295816595306503,-0.0234932176547946,1.0,-0.0905868991460948,0.138863741174809,0
0,0.0,1,1,5,morning_star,47,0.3366186265230954,-0.0405521926889061,1.0,-0.2148646246558379,0.3745761246402299,0
0,0.0,1,1,5,piercing_line,194,0.0646216617252299,0.0328860844889018,1.0,-0.0826970721861312,0.2364466794166418,0
0,0.0,1,1,5,shooting_star,1623,0.0100345607835343,0.0622682213842891,0.9407059294070592,0.0038976756389812,0.1197414096519769,0
0,0.0,1,1,5,three_black_crows,20,-0.0164309832501346,-0.0925941461225767,1.0,,,0
0,0.0,1,1,5,three_white_soldiers,19,-0.0864758962665452,0.0555234722868838,1.0,,,0
0,0.0,1,1,5,tweezer_bottom,3078,-0.0049234810428424,0.0027074752079298,1.0,-0.0335697091172685,0.0758921055741068,0
0,0.0,1,1,5,tweezer_top,3163,-0.0356474231206801,0.0115795043988862,1.0,-0.0278067840535917,0.080416581553745,0
0,0.0,1,1,15,bearish_engulfing,1523,-0.009518230039806,0.0137503993068835,1.0,-0.0500192158619775,0.1349087941386142,0
0,0.0,1,1,15,bearish_harami,647,-0.0739766393259982,-0.0259545756588165,1.0,-0.152356648529819,0.2592132486402227,0
0,0.0,1,1,15,bearish_kicker,183,0.0157904379161464,0.0174009967030403,1.0,-0.1296205134147633,0.3069658485267637,0
0,0.0,1,1,15,bullish_engulfing,1521,-0.0077354086105307,0.0024342293262039,1.0,-0.054993485558248,0.1193093730267367,0
0,0.0,1,1,15,bullish_harami,666,-0.1147091332215967,-0.1209892396594085,1.0,-0.2075640287993786,0.1831249855777223,0
0,0.0,1,1,15,bullish_kicker,224,0.0003127506183883,0.0284883223422929,1.0,-0.1327353097408093,0.3366302143686776,0
0,0.0,1,1,15,dark_cloud_cover,197,0.0433856028240351,0.0247719321799425,1.0,-0.1508206961142788,0.3689779848250973,0
0,0.0,1,1,15,dragonfly_doji,516,-0.0549879510702296,-0.1226977135964498,1.0,-0.2486099300616391,0.2604885184930547,0
0,0.0,1,1,15,evening_star,49,0.0205267224617363,-0.3548617325439439,1.0,-0.769164669660625,0.8309113812094462,0
0,0.0,1,1,15,gravestone_doji,626,-0.046655088978862,0.0301721576744439,1.0,-0.086471072601029,0.2388601632238895,0
0,0.0,1,1,15,hammer,1473,-0.0203066182539841,-0.042691616579591,1.0,-0.1229615914896881,0.1661222301757445,0
0,0.0,1,1,15,hanging_man,1657,-0.045221988751343,0.012102786707428,1.0,-0.0566698595087583,0.1425093491619807,0
0,0.0,1,1,15,inverted_hammer,1650,-0.0295816595306503,-0.0433538903073555,1.0,-0.1245728442780562,0.1701783583395523,0
0,0.0,1,1,15,morning_star,47,0.3366186265230954,0.2179160477279791,1.0,-0.1792445518241028,0.8611517591247339,0
0,0.0,1,1,15,piercing_line,194,0.0646216617252299,0.0596839444261542,1.0,-0.1163042939629092,0.3639594501876034,0
0,0.0,1,1,15,shooting_star,1623,0.0100345607835343,-0.014620548719396,1.0,-0.0878510707935442,0.1522593850799733,0
0,0.0,1,1,15,three_black_crows,20,-0.0164309832501346,0.1546126094318062,1.0,,,0
0,0.0,1,1,15,three_white_soldiers,19,-0.0864758962665452,0.0857219427855788,1.0,,,0
0,0.0,1,1,15,tweezer_bottom,3078,-0.0049234810428424,-0.0080895425574487,1.0,-0.0502817132066409,0.0871208936053388,0
0,0.0,1,1,15,tweezer_top,3163,-0.0356474231206801,-0.0008243741319858,1.0,-0.0438323278366469,0.0905899406961572,0
0,0.0,1,1,30,bearish_engulfing,1523,-0.009518230039806,0.0621152364010515,1.0,-0.0109949920595272,0.1556630308193024,0
0,0.0,1,1,30,bearish_harami,647,-0.0739766393259982,-0.0496531103771895,1.0,-0.1844628773597126,0.2822245695453151,0
0,0.0,1,1,30,bearish_kicker,183,0.0157904379161464,0.0695844306135921,1.0,-0.1450593332888563,0.4368896569787637,0
0,0.0,1,1,30,bullish_engulfing,1521,-0.0077354086105307,-0.0440457907658473,1.0,-0.1112058503552505,0.1409983691986144,0
0,0.0,1,1,30,bullish_harami,666,-0.1147091332215967,-0.132766631962858,1.0,-0.2426182721130712,0.2242072115057546,0
0,0.0,1,1,30,bullish_kicker,224,0.0003127506183883,-0.0250273140687905,1.0,-0.2012390494114901,0.3536521977048062,0
0,0.0,1,1,30,dark_cloud_cover,197,0.0433856028240351,-0.0039472651106456,1.0,-0.1959733097248409,0.4040643009283993,0
0,0.0,1,1,30,dragonfly_doji,516,-0.0549879510702296,-0.0884904707608807,1.0,-0.2396839576450234,0.3025000584162881,0
0,0.0,1,1,30,evening_star,49,0.0205267224617363,-0.0335548147523296,1.0,-0.4039975180046632,0.7453589667536766,0
0,0.0,1,1,30,gravestone_doji,626,-0.046655088978862,0.0159146913785289,1.0,-0.1181750036448693,0.2827535684855733,0
0,0.0,1,1,30,hammer,1473,-0.0203066182539841,-0.0476553795047704,1.0,-0.1313635561312211,0.1717166880918428,0
0,0.0,1,1,30,hanging_man,1657,-0.045221988751343,-0.0047075226791101,1.0,-0.0875561662496729,0.1737396628708036,0
0,0.0,1,1,30,inverted_hammer,1650,-0.0295816595306503,-0.0426355010929914,1.0,-0.1345191104911466,0.1866967438589008,0
0,0.0,1,1,30,morning_star,47,0.3366186265230954,0.292047810355392,1.0,-0.1238642929803486,0.8801529877604496,0
0,0.0,1,1,30,piercing_line,194,0.0646216617252299,0.0329590696680085,1.0,-0.1667349585330942,0.4084454278077382,0
0,0.0,1,1,30,shooting_star,1623,0.0100345607835343,0.0178307140773723,1.0,-0.0518358346482621,0.1441638916323365,0
0,0.0,1,1,30,three_black_crows,20,-0.0164309832501346,-0.0815274237279108,1.0,,,0
0,0.0,1,1,30,three_white_soldiers,19,-0.0864758962665452,0.0646890002450247,1.0,,,0
0,0.0,1,1,30,tweezer_bottom,3078,-0.0049234810428424,0.0072981643297269,1.0,-0.0403561298591666,0.0998673116821633,0
0,0.0,1,1,30,tweezer_top,3163,-0.0356474231206801,-0.0126784686947674,1.0,-0.0576380328372299,0.0943168955433241,0
0,0.0,1,6,30,bearish_engulfing,1523,-0.009518230039806,0.0410584606182163,1.0,-0.0376945796770111,0.1688916814853342,0
0,0.0,1,6,30,bearish_harami,647,-0.0739766393259982,-0.0643848499160635,1.0,-0.208605996613232,0.2984756458333214,0
0,0.0,1,6,30,bearish_kicker,183,0.0157904379161464,0.0514503454604231,1.0,-0.1758716082534024,0.4673676376517743,0
0,0.0,1,6,30,bullish_engulfing,1521,-0.0077354086105307,-0.0351422221910883,1.0,-0.0999152151288267,0.1342745455760686,0
0,0.0,1,6,30,bullish_harami,666,-0.1147091332215967,-0.1273317296539296,1.0,-0.2399092371952654,0.2238750046514015,0
0,0.0,1,6,30,bullish_kicker,224,0.0003127506183883,-0.0264352677790193,1.0,-0.2181384320537501,0.3934289108003813,0
0,0.0,1,6,30,dark_cloud_cover,197,0.0433856028240351,-0.0107334310865838,1.0,-0.2265120881112393,0.4423180548929846,0
0,0.0,1,6,30,dragonfly_doji,516,-0.0549879510702296,-0.166805814534654,1.0,-0.3415496891768356,0.3543733440745596,0
0,0.0,1,6,30,evening_star,49,0.0205267224617363,0.0972871626217785,1.0,-0.319149494909712,0.8404709747112424,0
0,0.0,1,6,30,gravestone_doji,626,-0.046655088978862,-0.0136068852748927,1.0,-0.1543791044925105,0.2967122070503792,0
0,0.0,1,6,30,hammer,1473,-0.0203066182539841,-0.0372517682060793,1.0,-0.1197474078417834,0.1687550380525615,0
0,0.0,1,6,30,hanging_man,1657,-0.045221988751343,-0.0471322771454739,1.0,-0.1374422960351754,0.1864237849059015,0
0,0.0,1,6,30,inverted_hammer,1650,-0.0295816595306503,-0.0509108027601042,1.0,-0.1481190954999518,0.203596205889719,0
0,0.0,1,6,30,morning_star,47,0.3366186265230954,0.3024639870886512,1.0,-0.1530552027662615,0.9635786008159052,0
0,0.0,1,6,30,piercing_line,194,0.0646216617252299,0.1115605177969453,1.0,-0.1034277824892258,0.4506590335289828,0
0,0.0,1,6,30,shooting_star,1623,0.0100345607835343,0.0669903390359485,1.0,-0.0112070633513634,0.1668758678359091,0
0,0.0,1,6,30,three_black_crows,20,-0.0164309832501346,-0.0151755807687434,1.0,,,0
0,0.0,1,6,30,three_white_soldiers,19,-0.0864758962665452,0.0071510287774827,1.0,,,0
0,0.0,1,6,30,tweezer_bottom,3078,-0.0049234810428424,0.0091950745159095,1.0,-0.0426726193479486,0.1071027887807676,0
0,0.0,1,6,30,tweezer_top,3163,-0.0356474231206801,-0.0156724646066498,1.0,-0.0625172818214386,0.0975862547882058,0
0,0.0,1,11,30,bearish_engulfing,1523,-0.009518230039806,0.0615214192431762,1.0,-0.0152902989610824,0.1629029225816738,0
0,0.0,1,11,30,bearish_harami,647,-0.0739766393259982,-0.084153207509559,1.0,-0.2268920322018491,0.2968210155973876,0
0,0.0,1,11,30,bearish_kicker,183,0.0157904379161464,0.0607283189539448,1.0,-0.1591797246568951,0.4596736442995369,0
0,0.0,1,11,30,bullish_engulfing,1521,-0.0077354086105307,0.0101300027560268,1.0,-0.0591035298113269,0.1432912009897312,0
0,0.0,1,11,30,bullish_harami,666,-0.1147091332215967,-0.1812018919722375,1.0,-0.299346983050446,0.2397748865877446,0
0,0.0,1,11,30,bullish_kicker,224,0.0003127506183883,-0.0306807647495844,1.0,-0.2191943701412456,0.395718117515255,0
0,0.0,1,11,30,dark_cloud_cover,197,0.0433856028240351,-0.0066824952594997,1.0,-0.2175773818644705,0.441662548718143,0
0,0.0,1,11,30,dragonfly_doji,516,-0.0549879510702296,-0.1691328365395718,1.0,-0.3403316918063051,0.3493179866028831,0
0,0.0,1,11,30,evening_star,49,0.0205267224617363,0.020848607038417,1.0,-0.3816839530829135,0.8180310965557863,0
0,0.0,1,11,30,gravestone_doji,626,-0.046655088978862,-0.0003929472997303,1.0,-0.1304778165750001,0.2714127692714049,0
0,0.0,1,11,30,hammer,1473,-0.0203066182539841,-0.0572040466733466,1.0,-0.1419375483637304,0.178028980965653,0
0,0.0,1,11,30,hanging_man,1657,-0.045221988751343,-0.0362272335032436,1.0,-0.121087074235128,0.1798448360321017,0
0,0.0,1,11,30,inverted_hammer,1650,-0.0295816595306503,-0.0366569157599956,1.0,-0.1342167610045006,0.2014984740441961,0
0,0.0,1,11,30,morning_star,47,0.3366186265230954,0.3544510530714258,1.0,-0.1112049109378684,0.9864043377933164,0
0,0.0,1,11,30,piercing_line,194,0.0646216617252299,0.1259212327297826,1.0,-0.0978179823503559,0.4751763192121541,0
0,0.0,1,11,30,shooting_star,1623,0.0100345607835343,0.087855848296954,0.6943305669433056,0.0139023003224916,0.1574953814166492,0
0,0.0,1,11,30,three_black_crows,20,-0.0164309832501346,-0.0766485371933417,1.0,,,0
0,0.0,1,11,30,three_white_soldiers,19,-0.0864758962665452,-0.0182457706944317,1.0,,,0
0,0.0,1,11,30,tweezer_bottom,3078,-0.0049234810428424,0.0049843894236024,1.0,-0.0485747365850317,0.1109839397141073,0
0,0.0,1,11,30,tweezer_top,3163,-0.0356474231206801,0.0024449049787071,1.0,-0.0453198503228124,0.0993727187463828,0
0,0.0,2,1,5,bearish_engulfing,1508,-0.0146133700898895,0.0279509876853156,1.0,-0.0102586578168431,0.0794162129360938,0
0,0.0,2,1,5,bearish_harami,642,0.0293219676766747,0.0076752851187416,1.0,-0.0975223592540763,0.2166650963435042,0
0,0.0,2,1,5,bearish_kicker,159,-0.140362455502053,0.0837012496319982,1.0,-0.0642474251404025,0.3059723244332601,0
0,0.0,2,1,5,bullish_engulfing,1532,-0.0129499498383317,-2.880285509991587e-05,1.0,-0.0429104671698367,0.0900511732579042,0
0,0.0,2,1,5,bullish_harami,616,-0.0054435164680143,0.0706011413680569,1.0,-0.0249192561144236,0.2014560682611217,0
0,0.0,2,1,5,bullish_kicker,201,-0.1263557372404261,-0.0725632765474979,1.0,-0.226813644042175,0.3117954105287294,0
0,0.0,2,1,5,dark_cloud_cover,189,-0.0670842526001652,-0.0360445901715624,1.0,-0.1730378108762629,0.2785303064607382,0
0,0.0,2,1,5,dragonfly_doji,488,-0.1114783018377275,-0.0250288089595987,1.0,-0.1324583557455352,0.2241228003167764,0
0,0.0,2,1,5,evening_star,58,-0.0486601871093693,-0.0803775469628622,1.0,-0.2911902458625719,0.4353280172448663,0
0,0.0,2,1,5,gravestone_doji,458,0.0044567093079385,-0.0741006958615883,1.0,-0.1928192103998264,0.249278170939889,0
0,0.0,2,1,5,hammer,1532,-0.0582824835186316,-0.0353972557001507,1.0,-0.102657747198688,0.1405671539462643,0
0,0.0,2,1,5,hanging_man,1700,-0.0610713508707497,-0.0365646005487824,1.0,-0.1059631248839847,0.1481886693689708,0
0,0.0,2,1,5,inverted_hammer,1682,-0.0593744599104529,0.0261969291089801,1.0,-0.0355378323643583,0.1308402615256441,0
0,0.0,2,1,5,morning_star,48,-0.2684159946983469,-0.074812032921944,1.0,-0.3171364305652029,0.4923660074968345,0
0,0.0,2,1,5,piercing_line,199,0.0249144781176947,0.0198874454947302,1.0,-0.1111383120617123,0.2665125252992367,0
0,0.0,2,1,5,shooting_star,1506,0.0177585073783161,0.0007914223116469,1.0,-0.0595599228101809,0.1274651083970666,0
0,0.0,2,1,5,three_black_crows,23,-0.1534331139789394,-0.1229464266909792,1.0,,,0
0,0.0,2,1,5,three_white_soldiers,20,-0.0146490366576746,0.0780597241531549,1.0,,,0
0,0.0,2,1,5,tweezer_bottom,3197,-0.0103482800533463,0.0016052214291745,1.0,-0.0309380861098654,0.0689139537191834,0
0,0.0,2,1,5,tweezer_top,3189,0.0021169304095747,0.0363280787101832,0.8927107289271073,0.0026025358897651,0.070387124444133,0
0,0.0,2,1,15,bearish_engulfing,1508,-0.0146133700898895,0.0273271353596924,1.0,-0.0257939814364991,0.111401960251483,0
0,0.0,2,1,15,bearish_harami,642,0.0293219676766747,0.0758706632446001,1.0,-0.0339135275826227,0.2298674897978655,0
0,0.0,2,1,15,bearish_kicker,159,-0.140362455502053,0.0336421613434954,1.0,-0.1510238914981775,0.4008874157604838,0
0,0.0,2,1,15,bullish_engulfing,1532,-0.0129499498383317,-0.0261950519096956,1.0,-0.0860531070203529,0.1263137552813077,0
0,0.0,2,1,15,bullish_harami,616,-0.0054435164680143,-0.0448937843829002,1.0,-0.1584022947616724,0.2363709082788705,0
0,0.0,2,1,15,bullish_kicker,201,-0.1263557372404261,-0.0779384803361347,1.0,-0.2461861814422051,0.3505919961665307,0
0,0.0,2,1,15,dark_cloud_cover,189,-0.0670842526001652,-0.0916419005066785,1.0,-0.2585288253764632,0.3465031445183702,0
0,0.0,2,1,15,dragonfly_doji,488,-0.1114783018377275,-0.0942919726362661,1.0,-0.221710935536183,0.2639159425812338,0
0,0.0,2,1,15,evening_star,58,-0.0486601871093693,0.12435650735012,1.0,-0.157345711859765,0.559597072934188,0
0,0.0,2,1,15,gravestone_doji,458,0.0044567093079385,0.0647957358476701,1.0,-0.0791455653818756,0.3002634317019236,0
0,0.0,2,1,15,hammer,1532,-0.0582824835186316,-0.0151286024296094,1.0,-0.0920688403716717,0.1590531694460616,0
0,0.0,2,1,15,hanging_man,1700,-0.0610713508707497,-0.0754463402121292,1.0,-0.1547285181673785,0.1668451645695432,0
0,0.0,2,1,15,inverted_hammer,1682,-0.0593744599104529,0.0208513173205938,1.0,-0.0665881866423359,0.1835785316363471,0
0,0.0,2,1,15,morning_star,48,-0.2684159946983469,-0.0633867793969671,1.0,-0.2563100647191874,0.4040081251157441,0
0,0.0,2,1,15,piercing_line,199,0.0249144781176947,0.1243964622849,1.0,-0.0455791269143341,0.3453219413956155,0
0,0.0,2,1,15,shooting_star,1506,0.0177585073783161,0.0373896257602623,1.0,-0.0316133821809751,0.1466190443044421,0
0,0.0,2,1,15,three_black_crows,23,-0.1534331139789394,-0.3743719218634999,1.0,,,0
0,0.0,2,1,15,three_white_soldiers,20,-0.0146490366576746,0.1466969383876863,1.0,,,0
0,0.0,2,1,15,tweezer_bottom,3197,-0.0103482800533463,-0.0164435741006409,1.0,-0.0657745353198925,0.1014911123496954,0
0,0.0,2,1,15,tweezer_top,3189,0.0021169304095747,0.020438490288812,1.0,-0.022748838209311,0.088706576529631,0
0,0.0,2,1,30,bearish_engulfing,1508,-0.0146133700898895,0.0123173308186883,1.0,-0.0481350732621334,0.126946850550836,0
0,0.0,2,1,30,bearish_harami,642,0.0293219676766747,-0.0396349151494797,1.0,-0.1647855422393105,0.265486896067595,0
0,0.0,2,1,30,bearish_kicker,159,-0.140362455502053,-0.1095280747350527,1.0,-0.3288801732683484,0.4555208889406902,0
0,0.0,2,1,30,bullish_engulfing,1532,-0.0129499498383317,0.0289075669469205,1.0,-0.0344280178675033,0.1322562425907044,0
0,0.0,2,1,30,bullish_harami,616,-0.0054435164680143,-0.0155830657689219,1.0,-0.1312081841562022,0.2428365235078307,0
0,0.0,2,1,30,bullish_kicker,201,-0.1263557372404261,-0.1484459106864602,1.0,-0.3922962770226206,0.500016669725049,0
0,0.0,2,1,30,dark_cloud_cover,189,-0.0670842526001652,-0.0298244348738313,1.0,-0.2210093259355001,0.3916974132548329,0
0,0.0,2,1,30,dragonfly_doji,488,-0.1114783018377275,-0.2086693743074995,1.0,-0.3446140167830698,0.2864343523162752,0
0,0.0,2,1,30,evening_star,58,-0.0486601871093693,-0.004991112792493,1.0,-0.355997512126511,0.7115826446340244,0
0,0.0,2,1,30,gravestone_doji,458,0.0044567093079385,0.0869540073849946,1.0,-0.0767756352853041,0.3492030321876804,0
0,0.0,2,1,30,hammer,1532,-0.0582824835186316,-0.034479570875142,1.0,-0.1146747892046312,0.169954367501533,0
0,0.0,2,1,30,hanging_man,1700,-0.0610713508707497,-0.0560688590639756,1.0,-0.1420545604304172,0.1789947124158572,0
0,0.0,2,1,30,inverted_hammer,1682,-0.0593744599104529,0.0049271571608894,1.0,-0.087438141653361,0.1906939965043997,0
0,0.0,2,1,30,morning_star,48,-0.2684159946983469,-0.463983620369592,1.0,-0.773498550388801,0.6441564147270268,0
0,0.0,2,1,30,piercing_line,199,0.0249144781176947,0.0934617920423715,1.0,-0.1296006005007416,0.4558309757119969,0
0,0.0,2,1,30,shooting_star,1506,0.0177585073783161,0.068986462839965,1.0,-0.0205405727645954,0.1855752289624184,0
0,0.0,2,1,30,three_black_crows,23,-0.1534331139789394,-0.1918084514032573,1.0,,,0
0,0.0,2,1,30,three_white_soldiers,20,-0.0146490366576746,0.0785211175517767,1.0,,,0
0,0.0,2,1,30,tweezer_bottom,3197,-0.0103482800533463,-0.0060743689691052,1.0,-0.059264931215053,0.1093975435503333,0
0,0.0,2,1,30,tweezer_top,3189,0.0021169304095747,0.0758504574358498,0.0503949605039496,0.0317296428916255,0.091357921306307,0
0,0.0,2,6,30,bearish_engulfing,1508,-0.0146133700898895,-0.0130075608972274,1.0,-0.0801822136645545,0.139832776717879,0
0,0.0,2,6,30,bearish_harami,642,0.0293219676766747,-0.0356807835476462,1.0,-0.1814926865018339,0.3078482203099834,0
0,0.0,2,6,30,bearish_kicker,159,-0.140362455502053,-0.1413464333817769,1.0,-0.3933514011663927,0.5151468413079913,0
0,0.0,2,6,30,bullish_engulfing,1532,-0.0129499498383317,0.0134546330024509,1.0,-0.0503439000096029,0.1320126227679457,0
0,0.0,2,6,30,bullish_harami,616,-0.0054435164680143,-0.0215664650017826,1.0,-0.1466481026188611,0.2600301893811262,0
0,0.0,2,6,30,bullish_kicker,201,-0.1263557372404261,-0.160924381206016,1.0,-0.3876015612011926,0.4601107570037289,0
0,0.0,2,6,30,dark_cloud_cover,189,-0.0670842526001652,0.0073752328940588,1.0,-0.1975712643451355,0.4166393923268658,0
0,0.0,2,6,30,dragonfly_doji,488,-0.1114783018377275,-0.1663421914962054,1.0,-0.3154654586294219,0.3076395726799016,0
0,0.0,2,6,30,evening_star,58,-0.0486601871093693,0.034263499364533,1.0,-0.2970217142351288,0.6657222543842847,0
0,0.0,2,6,30,gravestone_doji,458,0.0044567093079385,0.1159598775686432,1.0,-0.0723362802884858,0.3884927291207967,0
0,0.0,2,6,30,hammer,1532,-0.0582824835186316,-0.0483658240682521,1.0,-0.1270879724843705,0.1640283562536978,0
0,0.0,2,6,30,hanging_man,1700,-0.0610713508707497,-0.0155652726998962,1.0,-0.093479998505857,0.1628826353648902,0
0,0.0,2,6,30,inverted_hammer,1682,-0.0593744599104529,-0.0278137970069999,1.0,-0.1129992991896893,0.1770957277740088,0
0,0.0,2,6,30,morning_star,48,-0.2684159946983469,-0.264823858597062,1.0,-0.6368095535770556,0.7523691369654758,0
0,0.0,2,6,30,piercing_line,199,0.0249144781176947,0.1710201768875868,1.0,-0.0681532615007232,0.4967994420119852,0
0,0.0,2,6,30,shooting_star,1506,0.0177585073783161,0.0338136754748853,1.0,-0.0590818840868191,0.1932655192547367,0
0,0.0,2,6,30,three_black_crows,23,-0.1534331139789394,-0.2518202615694877,1.0,,,0
0,0.0,2,6,30,three_white_soldiers,20,-0.0146490366576746,0.0159849286478511,1.0,,,0
0,0.0,2,6,30,tweezer_bottom,3197,-0.0103482800533463,0.0115872513510151,1.0,-0.0404226114958321,0.1071389197823761,0
0,0.0,2,6,30,tweezer_top,3189,0.0021169304095747,0.0241380104123537,1.0,-0.0221190725954232,0.0967229007531595,0
0,0.0,2,11,30,bearish_engulfing,1508,-0.0146133700898895,0.0140355387975095,1.0,-0.0529363357591292,0.1418207306485961,0
0,0.0,2,11,30,bearish_harami,642,0.0293219676766747,-0.002313682761028,1.0,-0.1373051954705921,0.2879973279333103,0
0,0.0,2,11,30,bearish_kicker,159,-0.140362455502053,-0.0476495181778956,1.0,-0.2827734482297498,0.4828401389752599,0
0,0.0,2,11,30,bullish_engulfing,1532,-0.0129499498383317,0.02745230291104,1.0,-0.0402886037912957,0.1415466624419796,0
0,0.0,2,11,30,bullish_harami,616,-0.0054435164680143,0.005605816953993,1.0,-0.1163888922699795,0.2570002190343938,0
0,0.0,2,11,30,bullish_kicker,201,-0.1263557372404261,-0.0081270764515634,1.0,-0.2404281367818494,0.4692466499064859,0
0,0.0,2,11,30,dark_cloud_cover,189,-0.0670842526001652,0.0419736166375333,1.0,-0.1429061181479845,0.3835884081832888,0
0,0.0,2,11,30,dragonfly_doji,488,-0.1114783018377275,-0.1653568595253715,1.0,-0.3276695539799899,0.3361273828399415,0
0,0.0,2,11,30,evening_star,58,-0.0486601871093693,0.0734770743425237,1.0,-0.3111895464429122,0.7753320198025191,0
0,0.0,2,11,30,gravestone_doji,458,0.0044567093079385,0.1657776691920514,1.0,0.0010892157636158,0.3454050436710985,0
0,0.0,2,11,30,hammer,1532,-0.0582824835186316,-0.0203825308291742,1.0,-0.0930383943222156,0.1516073357934465,0
0,0.0,2,11,30,hanging_man,1700,-0.0610713508707497,-0.0056034383725648,1.0,-0.0879208241248138,0.1706748633763861,0
0,0.0,2,11,30,inverted_hammer,1682,-0.0593744599104529,-0.0328673738900095,1.0,-0.1134285792049684,0.1677361372940578,0
0,0.0,2,11,30,morning_star,48,-0.2684159946983469,-0.3543034807618678,1.0,-0.7145467733985442,0.7287755432744515,0
0,0.0,2,11,30,piercing_line,199,0.0249144781176947,0.2135261835802782,1.0,-0.0018135437032367,0.4465725401342874,0
0,0.0,2,11,30,shooting_star,1506,0.0177585073783161,0.0496172622738489,1.0,-0.0320084832414554,0.1694649786033224,0
0,0.0,2,11,30,three_black_crows,23,-0.1534331139789394,-0.1607192171088544,1.0,,,0
0,0.0,2,11,30,three_white_soldiers,20,-0.0146490366576746,-0.1080728383215723,1.0,,,0
0,0.0,2,11,30,tweezer_bottom,3197,-0.0103482800533463,0.0023186639505924,1.0,-0.0483559042805102,0.1050987160300507,0
0,0.0,2,11,30,tweezer_top,3189,0.0021169304095747,0.0447606606300235,1.0,-0.0011140604806648,0.0958865070468794,0
0,0.0,3,1,5,bearish_engulfing,1471,0.0053703268440636,-0.004137253847969,1.0,-0.0518914246602259,0.0979199984479544,0
0,0.0,3,1,5,bearish_harami,680,-0.0472184708952411,-0.0309442128126086,1.0,-0.1172648640773142,0.1829258246876912,0
0,0.0,3,1,5,bearish_kicker,162,0.0053855147012814,0.0775889952963373,1.0,-0.0552490685215677,0.2741767226662804,0
0,0.0,3,1,5,bullish_engulfing,1409,0.0044748755163665,0.0176303100600448,1.0,-0.0315127261267111,0.1026671102135129,0
0,0.0,3,1,5,bullish_harami,682,-0.0119146502571284,0.0110310318174702,1.0,-0.0800733258631434,0.1931449720193176,0
0,0.0,3,1,5,bullish_kicker,161,-0.1935018319404482,-0.0480724316506041,1.0,-0.2165245906814362,0.3520402385850688,0
0,0.0,3,1,5,dark_cloud_cover,194,-0.1552389555799366,0.0058733280378327,1.0,-0.1116274101094387,0.2405890641540577,0
0,0.0,3,1,5,dragonfly_doji,702,0.0289517374695969,-0.0349643698509227,1.0,-0.1128638790001213,0.1668964686781205,0
0,0.0,3,1,5,evening_star,46,-0.2529120942175707,-0.1025668171859041,1.0,-0.4503956341928222,0.7267526068008193,0
0,0.0,3,1,5,gravestone_doji,721,-0.0308738000539166,0.0297054314723178,1.0,-0.0469048013990239,0.1622437925663271,0
0,0.0,3,1,5,hammer,1602,-0.0313964369450028,0.0011814057374542,1.0,-0.0562160903813832,0.1230827171950929,0
0,0.0,3,1,5,hanging_man,1809,-0.0246586152929764,0.0011636678975199,1.0,-0.0759503433171112,0.1604185771493769,0
0,0.0,3,1,5,inverted_hammer,1821,-0.0004523849953557,0.0771079654598091,1.0,-0.0005042383294205,0.1673052945844755,0
0,0.0,3,1,5,morning_star,38,0.0195795293478628,-0.0577107558474115,1.0,-0.3411765628535794,0.5935909175230504,0
0,0.0,3,1,5,piercing_line,173,-0.0957845987163493,-0.0662693187645397,1.0,-0.2206229876810163,0.3124245887885246,0
0,0.0,3,1,5,shooting_star,1660,0.0213829797812618,0.0267852809562474,1.0,-0.0318440746011325,0.1253531695293222,0
0,0.0,3,1,5,three_black_crows,16,0.0139794336972916,-0.0113651605261297,1.0,,,0
0,0.0,3,1,5,three_white_soldiers,17,-0.0739172693600872,-0.1179173942519609,1.0,,,0
0,0.0,3,1,5,tweezer_bottom,2904,-0.0054072699755921,0.0278893045516896,1.0,-0.0020595596707849,0.064074904077801,0
0,0.0,3,1,5,tweezer_top,2902,-0.0174583778856967,0.00761108667819,1.0,-0.0257746825444812,0.0699182784853938,0
0,0.0,3,1,15,bearish_engulfing,1471,0.0053703268440636,0.0031940516328819,1.0,-0.0551096785618478,0.1224633852882374,0
0,0.0,3,1,15,bearish_harami,680,-0.0472184708952411,-0.0476779653004589,1.0,-0.1364983389293303,0.1872834721354206,0
0,0.0,3,1,15,bearish_kicker,162,0.0053855147012814,0.0891606341527982,1.0,-0.1046894243256375,0.3980216077437937,0
0,0.0,3,1,15,bullish_engulfing,1409,0.0044748755163665,0.0400289570778462,1.0,-0.0196161457963105,0.1228269227220766,0
0,0.0,3,1,15,bullish_harami,682,-0.0119146502571284,0.0334889276195305,1.0,-0.063325822273752,0.2031568605856538,0
0,0.0,3,1,15,bullish_kicker,161,-0.1935018319404482,-0.1116774209485589,1.0,-0.308204606632135,0.4098782129507511,0
0,0.0,3,1,15,dark_cloud_cover,194,-0.1552389555799366,-0.1205752101443099,1.0,-0.2868625659772327,0.3491096221706996,0
0,0.0,3,1,15,dragonfly_doji,702,0.0289517374695969,-0.0558666127927184,1.0,-0.1535977017064815,0.2113118523973551,0
0,0.0,3,1,15,evening_star,46,-0.2529120942175707,-0.2815359281992267,1.0,-0.7149749739807751,0.9121229038682548,0
0,0.0,3,1,15,gravestone_doji,721,-0.0308738000539166,0.0548981883449747,1.0,-0.0377099792164068,0.1928352757149968,0
0,0.0,3,1,15,hammer,1602,-0.0313964369450028,-0.0107064157997404,1.0,-0.0843115513089701,0.1567534482536854,0
0,0.0,3,1,15,hanging_man,1809,-0.0246586152929764,0.016624735209752,1.0,-0.0693349348340907,0.1833537574050358,0
0,0.0,3,1,15,inverted_hammer,1821,-0.0004523849953557,0.0762186812526714,1.0,-0.0132401256365152,0.1862485023371836,0
0,0.0,3,1,15,morning_star,38,0.0195795293478628,-0.0886523577294772,1.0,-0.5015319166946941,0.8701776454865655,0
0,0.0,3,1,15,piercing_line,173,-0.0957845987163493,-0.0095270193545481,1.0,-0.1979901073749811,0.389310339103023,0
0,0.0,3,1,15,shooting_star,1660,0.0213829797812618,0.0554893491053039,1.0,-0.0101281585947995,0.1361571922914548,0
0,0.0,3,1,15,three_black_crows,16,0.0139794336972916,-0.1044374112427657,1.0,,,0
0,0.0,3,1,15,three_white_soldiers,17,-0.0739172693600872,-0.0535191305743701,1.0,,,0
0,0.0,3,1,15,tweezer_bottom,2904,-0.0054072699755921,0.0157283097300759,1.0,-0.0331604885254775,0.1004785938733708,0
0,0.0,3,1,15,tweezer_top,2902,-0.0174583778856967,-0.0042881319673686,1.0,-0.0531998534246508,0.1002025471326803,0
0,0.0,3,1,30,bearish_engulfing,1471,0.0053703268440636,0.0249750508397669,1.0,-0.0376239399563908,0.1290658685365922,0
0,0.0,3,1,30,bearish_harami,680,-0.0472184708952411,-0.0488078890821023,1.0,-0.1479523018375544,0.2041296478792373,0
0,0.0,3,1,30,bearish_kicker,162,0.0053855147012814,0.0506450606692527,1.0,-0.1591451396384077,0.4236117835948316,0
0,0.0,3,1,30,bullish_engulfing,1409,0.0044748755163665,0.016725341594828,1.0,-0.047129864527713,0.1350048962351546,0
0,0.0,3,1,30,bullish_harami,682,-0.0119146502571284,-0.0702090570206647,1.0,-0.1894909634172621,0.2518096832786263,0
0,0.0,3,1,30,bullish_kicker,161,-0.1935018319404482,-0.093247629101333,1.0,-0.3046258408404704,0.4321815961643513,0
0,0.0,3,1,30,dark_cloud_cover,194,-0.1552389555799366,-0.0931413332274492,1.0,-0.3003735152853256,0.431190134052485,0
0,0.0,3,1,30,dragonfly_doji,702,0.0289517374695969,-0.0268257718789272,1.0,-0.1357316549422308,0.2197392129885576,0
0,0.0,3,1,30,evening_star,46,-0.2529120942175707,-0.2619447206584507,1.0,-0.6893339652530266,0.8996948402139855,0
0,0.0,3,1,30,gravestone_doji,721,-0.0308738000539166,0.0955247750171433,1.0,-0.0006391106733558,0.2048724382589417,0
0,0.0,3,1,30,hammer,1602,-0.0313964369450028,-0.0415573610214601,1.0,-0.1221813911578546,0.1709079317089688,0
0,0.0,3,1,30,hanging_man,1809,-0.0246586152929764,0.1145693820143425,0.124987501249875,0.0372380555256401,0.1624097452785625,0
0,0.0,3,1,30,inverted_hammer,1821,-0.0004523849953557,0.0681830809321334,1.0,-0.013516660085765,0.1695973888779005,0
0,0.0,3,1,30,morning_star,38,0.0195795293478628,-0.0918545770744325,1.0,-0.513268460901198,0.8916900072677947,0
0,0.0,3,1,30,piercing_line,173,-0.0957845987163493,-0.080408366042782,1.0,-0.2831638195805669,0.4309819879979412,0
0,0.0,3,1,30,shooting_star,1660,0.0213829797812618,0.0480615377829648,1.0,-0.0213228718110361,0.1459358592824898,0
0,0.0,3,1,30,three_black_crows,16,0.0139794336972916,-0.3242448119658804,1.0,,,0
0,0.0,3,1,30,three_white_soldiers,17,-0.0739172693600872,-0.0233911156851411,1.0,,,0
0,0.0,3,1,30,tweezer_bottom,2904,-0.0054072699755921,0.0190292460883551,1.0,-0.0216268598015194,0.0835382191462363,0
0,0.0,3,1,30,tweezer_top,2902,-0.0174583778856967,-0.0070295366229534,1.0,-0.0532363633752123,0.0962355616277934,0
0,0.0,3,6,30,bearish_engulfing,1471,0.0053703268440636,0.0666935867023422,0.6531346865313469,0.0056563745972635,0.1269226436596738,0
0,0.0,3,6,30,bearish_harami,680,-0.0472184708952411,-0.067822303355664,1.0,-0.1811068805816303,0.238413900485723,0
0,0.0,3,6,30,bearish_kicker,162,0.0053855147012814,0.1642112928559045,1.0,-0.0437469875771479,0.4300282799450552,0
0,0.0,3,6,30,bullish_engulfing,1409,0.0044748755163665,0.009836436351747,1.0,-0.0513546685617004,0.1286617888677594,0
0,0.0,3,6,30,bullish_harami,682,-0.0119146502571284,0.0248140128232593,1.0,-0.0956224160364231,0.2497495202833406,0
0,0.0,3,6,30,bullish_kicker,161,-0.1935018319404482,-0.1324406266278233,1.0,-0.3334714042244881,0.4151567901134056,0
0,0.0,3,6,30,dark_cloud_cover,194,-0.1552389555799366,-0.1287514186867758,1.0,-0.3353943936665663,0.429406595856856,0
0,0.0,3,6,30,dragonfly_doji,702,0.0289517374695969,0.0034467185207227,1.0,-0.1028847408094939,0.2149329997452649,0
0,0.0,3,6,30,evening_star,46,-0.2529120942175707,-0.288726817722255,1.0,-0.6614249794110983,0.7667826616188949,0
0,0.0,3,6,30,gravestone_doji,721,-0.0308738000539166,0.0772639772833616,1.0,-0.0266203989250395,0.2199238105081833,0
0,0.0,3,6,30,hammer,1602,-0.0313964369450028,-0.0731760208012731,1.0,-0.1575691800612331,0.1793640123863725,0
0,0.0,3,6,30,hanging_man,1809,-0.0246586152929764,0.1158262887310434,0.22997700229977,0.0291009089168476,0.1821893766817814,0
0,0.0,3,6,30,inverted_hammer,1821,-0.0004523849953557,0.0519419087206278,1.0,-0.0321806564253667,0.1734273613059762,0
0,0.0,3,6,30,morning_star,38,0.0195795293478628,0.0576947859933803,1.0,-0.3684252724680794,0.8851179170130883,0
0,0.0,3,6,30,piercing_line,173,-0.0957845987163493,-0.1450751685690054,1.0,-0.3474648793630521,0.437991851184985,0
0,0.0,3,6,30,shooting_star,1660,0.0213829797812618,0.0517057653572725,1.0,-0.026671969578507,0.1657610905213118,0
0,0.0,3,6,30,three_black_crows,16,0.0139794336972916,-0.2319053196949494,1.0,,,0
0,0.0,3,6,30,three_white_soldiers,17,-0.0739172693600872,0.1296135323977432,1.0,,,0
0,0.0,3,6,30,tweezer_bottom,2904,-0.0054072699755921,0.0008741608391215,1.0,-0.0458648957572768,0.0960319356743329,0
0,0.0,3,6,30,tweezer_top,2902,-0.0174583778856967,0.0147758541352113,1.0,-0.0312379203649846,0.0964862077157724,0
0,0.0,3,11,30,bearish_engulfing,1471,0.0053703268440636,0.0399136914417015,1.0,-0.0254888855629594,0.1369673862793785,0
0,0.0,3,11,30,bearish_harami,680,-0.0472184708952411,-0.0550689035288412,1.0,-0.1787842208889684,0.2506217989063552,0
0,0.0,3,11,30,bearish_kicker,162,0.0053855147012814,0.0165185899077082,1.0,-0.2163259664590455,0.4630316835807417,0
0,0.0,3,11,30,bullish_engulfing,1409,0.0044748755163665,-0.0012875905330167,1.0,-0.068360095162188,0.1417609952178945,0
0,0.0,3,11,30,bullish_harami,682,-0.0119146502571284,0.037172997662395,1.0,-0.078405165072986,0.2435537142410413,0
0,0.0,3,11,30,bullish_kicker,161,-0.1935018319404482,-0.1365326355898033,1.0,-0.3651815994761548,0.4656650623025529,0
0,0.0,3,11,30,dark_cloud_cover,194,-0.1552389555799366,-0.1049416963246857,1.0,-0.3098120455875205,0.42329528108248,0
0,0.0,3,11,30,dragonfly_doji,702,0.0289517374695969,0.0276966707821373,1.0,-0.1020409149002663,0.2612994473527461,0
0,0.0,3,11,30,evening_star,46,-0.2529120942175707,-0.3370952909413585,1.0,-0.7665524094903182,0.8762244314362071,0
0,0.0,3,11,30,gravestone_doji,721,-0.0308738000539166,0.0544806467203548,1.0,-0.0472886708221355,0.212204087467797,0
0,0.0,3,11,30,hammer,1602,-0.0313964369450028,-0.0443589152290436,1.0,-0.1319658322399569,0.181007074713118,0
0,0.0,3,11,30,hanging_man,1809,-0.0246586152929764,0.0221033792363051,1.0,-0.0709579611731685,0.1926302589823024,0
0,0.0,3,11,30,inverted_hammer,1821,-0.0004523849953557,0.1097083568138648,0.31996800319968,0.0229119072924328,0.1803819323784576,0
0,0.0,3,11,30,morning_star,38,0.0195795293478628,0.1779252028217785,1.0,-0.24714331341153,0.8837542489407603,0
0,0.0,3,11,30,piercing_line,173,-0.0957845987163493,-0.0835660419672574,1.0,-0.3058206412053299,0.4600498676423373,0
0,0.0,3,11,30,shooting_star,1660,0.0213829797812618,0.0598272565388048,1.0,-0.0268991063145384,0.1821437780439267,0
0,0.0,3,11,30,three_black_crows,16,0.0139794336972916,-0.1500439671227053,1.0,,,0
0,0.0,3,11,30,three_white_soldiers,17,-0.0739172693600872,0.0912899150265669,1.0,,,0
0,0.0,3,11,30,tweezer_bottom,2904,-0.0054072699755921,-0.0041206165400608,1.0,-0.0454471496894624,0.0857153511256237,0
0,0.0,3,11,30,tweezer_top,2902,-0.0174583778856967,0.0299277764449863,1.0,-0.0149808713224464,0.0942975889173571,0
0,0.0,4,1,5,bearish_engulfing,1592,-0.0156480734553738,-0.0057764957839495,1.0,-0.0543587538413643,0.1013197556594224,0
0,0.0,4,1,5,bearish_harami,752,-0.0293403163529562,0.0626108187014565,1.0,-0.0224221267256765,0.1802032194650826,0
0,0.0,4,1,5,bearish_kicker,203,0.1594770324364441,-0.0344114330915881,1.0,-0.1785049945685472,0.3048158702938414,0
0,0.0,4,1,5,bullish_engulfing,1525,-0.0069079861705697,0.0027790157542315,1.0,-0.0409394440711646,0.0929142354118818,0
0,0.0,4,1,5,bullish_harami,735,-0.0430413132960228,-0.034979832490104,1.0,-0.1187819030013145,0.1758258447158994,0
0,0.0,4,1,5,bullish_kicker,195,-0.0791199607853699,-0.0169101930922984,1.0,-0.1529581128777447,0.2798799459918272,0
0,0.0,4,1,5,dark_cloud_cover,155,-0.1420061857799994,0.1239549295837969,1.0,-0.0211110935046292,0.3031125860851814,0
0,0.0,4,1,5,dragonfly_doji,683,0.0280364678769265,0.0205161397355495,1.0,-0.0848722463107187,0.2189406180725558,0
0,0.0,4,1,5,evening_star,42,-0.0616032662149615,0.0786354564427384,1.0,-0.0891103472344436,0.3448407471650467,0
0,0.0,4,1,5,gravestone_doji,678,-0.0377093597385038,-0.0492980600639403,1.0,-0.1403555700899256,0.1900098950122016,0
0,0.0,4,1,5,hammer,1466,-0.0168009367086171,-0.00934685562192,1.0,-0.0741686928246103,0.1346531781950381,0
0,0.0,4,1,5,hanging_man,1669,-0.0243532739954677,0.0538339435549168,1.0,-0.0258547611207023,0.1638577750414439,0
0,0.0,4,1,5,inverted_hammer,1597,-0.0030991396735177,0.0146267604841242,1.0,-0.0680118280527775,0.1718340543681303,0
0,0.0,4,1,5,morning_star,46,-0.1491998369236788,-0.01462394875066,1.0,-0.2378785129082932,0.4738129804340122,0
0,0.0,4,1,5,piercing_line,165,-0.0592260692193996,0.0023091985685126,1.0,-0.1751580949168127,0.3656631669123488,0
0,0.0,4,1,5,shooting_star,1520,-0.0332862734823731,-0.0159364443961335,1.0,-0.0725131423319453,0.1175758228529366,0
0,0.0,4,1,5,three_black_crows,17,-0.0028650294758665,-0.1983679405748036,1.0,,,0
0,0.0,4,1,5,three_white_soldiers,14,0.2136351232208399,-0.1434895924878007,1.0,,,0
0,0.0,4,1,5,tweezer_bottom,2978,0.0046690098117767,0.007490506741154,1.0,-0.0285237684165591,0.0730966767163777,0
0,0.0,4,1,5,tweezer_top,3015,-0.0262727526728983,-0.0111977255377938,1.0,-0.0483390935407696,0.0772341995435042,0
0,0.0,4,1,15,bearish_engulfing,1592,-0.0156480734553738,-0.0311680185721934,1.0,-0.0921266468429367,0.1271054957295039,0
0,0.0,4,1,15,bearish_harami,752,-0.0293403163529562,-0.0115057663100393,1.0,-0.1170976330632673,0.2168932438958247,0
0,0.0,4,1,15,bearish_kicker,203,0.1594770324364441,0.1243499563874927,1.0,-0.0482388291830799,0.3556973187226162,0
0,0.0,4,1,15,bullish_engulfing,1525,-0.0069079861705697,-0.0026921135168728,1.0,-0.0581186882141764,0.1183829761001124,0
0,0.0,4,1,15,bullish_harami,735,-0.0430413132960228,0.0047988220743134,1.0,-0.0929943726949385,0.1995454664358917,0
0,0.0,4,1,15,bullish_kicker,195,-0.0791199607853699,-0.0090404131731412,1.0,-0.1896908300542351,0.3739011913415382,0
0,0.0,4,1,15,dark_cloud_cover,155,-0.1420061857799994,-0.0605603527163831,1.0,-0.2279300696232489,0.3575135699337762,0
0,0.0,4,1,15,dragonfly_doji,683,0.0280364678769265,-0.002389183454032,1.0,-0.1155277439464961,0.2398776381525016,0
0,0.0,4,1,15,evening_star,42,-0.0616032662149615,0.126695237795312,1.0,-0.1789981817954281,0.6535831878284901,0
0,0.0,4,1,15,gravestone_doji,678,-0.0377093597385038,-0.0292909886506643,1.0,-0.1224075884359435,0.1940160715963919,0
0,0.0,4,1,15,hammer,1466,-0.0168009367086171,-0.0020139385612982,1.0,-0.0715745159392394,0.1474429859282617,0
0,0.0,4,1,15,hanging_man,1669,-0.0243532739954677,0.0577611439569526,1.0,-0.0311258057944428,0.1861654863146866,0
0,0.0,4,1,15,inverted_hammer,1597,-0.0030991396735177,0.0327105354927116,1.0,-0.0464317556649881,0.1624479651067489,0
0,0.0,4,1,15,morning_star,46,-0.1491998369236788,-0.0483311450059652,1.0,-0.3437634009838944,0.6316338431713052,0
0,0.0,4,1,15,piercing_line,165,-0.0592260692193996,-0.1253517074297517,1.0,-0.2998661925739405,0.3710837452615436,0
0,0.0,4,1,15,shooting_star,1520,-0.0332862734823731,0.0260586063412111,1.0,-0.0397606177980721,0.1386962426217413,0
0,0.0,4,1,15,three_black_crows,17,-0.0028650294758665,0.042099093651633,1.0,,,0
0,0.0,4,1,15,three_white_soldiers,14,0.2136351232208399,-0.14057569399608,1.0,,,0
0,0.0,4,1,15,tweezer_bottom,2978,0.0046690098117767,-0.0163248285250839,1.0,-0.0640806952055505,0.0963675021172106,0
0,0.0,4,1,15,tweezer_top,3015,-0.0262727526728983,0.0324450007278997,1.0,-0.0097214241484529,0.0857289637535308,0
0,0.0,4,1,30,bearish_engulfing,1592,-0.0156480734553738,-0.0223590459681769,1.0,-0.0927641574775232,0.1451313503457544,0
0,0.0,4,1,30,bearish_harami,752,-0.0293403163529562,0.0094541598614146,1.0,-0.1024477870703159,0.236196154089175,0
0,0.0,4,1,30,bearish_kicker,203,0.1594770324364441,0.1189651422114625,1.0,-0.0732216458472402,0.3938211671565948,0
0,0.0,4,1,30,bullish_engulfing,1525,-0.0069079861705697,-0.0146597146524859,1.0,-0.0753317680015669,0.1282325182282937,0
0,0.0,4,1,30,bullish_harami,735,-0.0430413132960228,-0.1059088601270188,1.0,-0.2154313931821345,0.2255026346191341,0
0,0.0,4,1,30,bullish_kicker,195,-0.0791199607853699,-0.0357845295553452,1.0,-0.2553762846620017,0.4534279409809994,0
0,0.0,4,1,30,dark_cloud_cover,155,-0.1420061857799994,-0.0268767430159758,1.0,-0.2506195988781684,0.4615673541520806,0
0,0.0,4,1,30,dragonfly_doji,683,0.0280364678769265,0.0385107358708629,1.0,-0.0893059957250433,0.2628780233147368,0
0,0.0,4,1,30,evening_star,42,-0.0616032662149615,-0.003210801451466,1.0,-0.3380053559165493,0.7228907133887765,0
0,0.0,4,1,30,gravestone_doji,678,-0.0377093597385038,-0.0025861235392526,1.0,-0.1105442164068404,0.2302057058449848,0
0,0.0,4,1,30,hammer,1466,-0.0168009367086171,-0.026555665636847,1.0,-0.117455525871829,0.1916803679654523,0
0,0.0,4,1,30,hanging_man,1669,-0.0243532739954677,0.0100043415568322,1.0,-0.0698817802400845,0.1686769966782014,0
0,0.0,4,1,30,inverted_hammer,1597,-0.0030991396735177,0.018957478359343,1.0,-0.0660627743348859,0.1792904602329228,0
0,0.0,4,1,30,morning_star,46,-0.1491998369236788,-0.0665902209230639,1.0,-0.4682943312031724,0.8419949572613146,0
0,0.0,4,1,30,piercing_line,165,-0.0592260692193996,-0.0560592226186562,1.0,-0.2748719550720546,0.4417627421483068,0
0,0.0,4,1,30,shooting_star,1520,-0.0332862734823731,-0.0536079675078596,1.0,-0.1260604491242526,0.1502768322474158,0
0,0.0,4,1,30,three_black_crows,17,-0.0028650294758665,-0.0499021056707094,1.0,,,0
0,0.0,4,1,30,three_white_soldiers,14,0.2136351232208399,0.0461249095301846,1.0,,,0
0,0.0,4,1,30,tweezer_bottom,2978,0.0046690098117767,-0.0123693524255325,1.0,-0.0617055173078128,0.101810385623296,0
0,0.0,4,1,30,tweezer_top,3015,-0.0262727526728983,-0.0029448352003484,1.0,-0.0486363151607736,0.0964478131322698,0
0,0.0,4,6,30,bearish_engulfing,1592,-0.0156480734553738,-0.0389937570605795,1.0,-0.1129899831266529,0.1523847619801495,0
0,0.0,4,6,30,bearish_harami,752,-0.0293403163529562,-0.0413465917453593,1.0,-0.1661049996373364,0.2601126255324725,0
0,0.0,4,6,30,bearish_kicker,203,0.1594770324364441,0.1364360049377451,1.0,-0.0784083752813584,0.4505030597677407,0
0,0.0,4,6,30,bullish_engulfing,1525,-0.0069079861705697,-0.0090413017079187,1.0,-0.0812562359033641,0.1481281577421095,0
0,0.0,4,6,30,bullish_harami,735,-0.0430413132960228,-0.1006943677827168,1.0,-0.2183137864227753,0.2439558142529248,0
0,0.0,4,6,30,bullish_kicker,195,-0.0791199607853699,0.0481663433172945,1.0,-0.1619960641617053,0.4443955190468421,0
0,0.0,4,6,30,dark_cloud_cover,155,-0.1420061857799994,-0.1016209742158361,1.0,-0.3577774837374891,0.5182157842913417,0
0,0.0,4,6,30,dragonfly_doji,683,0.0280364678769265,0.0237541601370549,1.0,-0.1153227346689618,0.2878164809872355,0
0,0.0,4,6,30,evening_star,42,-0.0616032662149615,-0.0201189159439511,1.0,-0.3666178563699199,0.7568229688647344,0
0,0.0,4,6,30,gravestone_doji,678,-0.0377093597385038,0.012114864240374,1.0,-0.1055109515029688,0.245510545843836,0
0,0.0,4,6,30,hammer,1466,-0.0168009367086171,-0.0238386692451783,1.0,-0.1123695639876213,0.1866508484091242,0
0,0.0,4,6,30,hanging_man,1669,-0.0243532739954677,-0.0298639827803722,1.0,-0.112123253967441,0.171206469568951,0
0,0.0,4,6,30,inverted_hammer,1597,-0.0030991396735177,-0.0116936443011109,1.0,-0.1037860944777097,0.192793772936402,0
0,0.0,4,6,30,morning_star,46,-0.1491998369236788,-0.0986696640170089,1.0,-0.5231137525516577,0.8932438097366854,0
0,0.0,4,6,30,piercing_line,165,-0.0592260692193996,0.016512306266118,1.0,-0.2104265476692007,0.4601812238468906,0
0,0.0,4,6,30,shooting_star,1520,-0.0332862734823731,-0.0488167906927519,1.0,-0.1284967101439456,0.1601235607859839,0
0,0.0,4,6,30,three_black_crows,17,-0.0028650294758665,-0.0709143544918977,1.0,,,0
0,0.0,4,6,30,three_white_soldiers,14,0.2136351232208399,0.1064045936887258,1.0,,,0
0,0.0,4,6,30,tweezer_bottom,2978,0.0046690098117767,0.0084410012097179,1.0,-0.0381385924619118,0.0952337576541553,0
0,0.0,4,6,30,tweezer_top,3015,-0.0262727526728983,-0.0320394824205901,1.0,-0.0799317106439194,0.0973815974772786,0
0,0.0,4,11,30,bearish_engulfing,1592,-0.0156480734553738,-0.0431950098765903,1.0,-0.1222533941048028,0.1641853576333728,0
0,0.0,4,11,30,bearish_harami,752,-0.0293403163529562,-0.019152651706744,1.0,-0.1415887942830411,0.2590831740416611,0
0,0.0,4,11,30,bearish_kicker,203,0.1594770324364441,0.2374689645186602,0.7999200079992,0.0120774793869085,0.4603402675110802,0
0,0.0,4,11,30,bullish_engulfing,1525,-0.0069079861705697,0.0287815870996613,1.0,-0.0403694581776409,0.1425712553289869,0
0,0.0,4,11,30,bullish_harami,735,-0.0430413132960228,-0.0748593682152222,1.0,-0.1938146733564294,0.2423770659694128,0
0,0.0,4,11,30,bullish_kicker,195,-0.0791199607853699,-0.0673851703221431,1.0,-0.2965708593121812,0.4716919099152142,0
0,0.0,4,11,30,dark_cloud_cover,155,-0.1420061857799994,-0.114863672679943,1.0,-0.3636102914368748,0.5016914143931125,0
0,0.0,4,11,30,dragonfly_doji,683,0.0280364678769265,-0.0662639044618665,1.0,-0.1947625140127894,0.2696933536725669,0
0,0.0,4,11,30,evening_star,42,-0.0616032662149615,0.1114196555355443,1.0,-0.2728212776229814,0.8292279930629611,0
0,0.0,4,11,30,gravestone_doji,678,-0.0377093597385038,0.027224480170948,1.0,-0.1110105258057964,0.28535487536171,0
0,0.0,4,11,30,hammer,1466,-0.0168009367086171,-0.024390026407981,1.0,-0.1044263394784246,0.1686757510515336,0
0,0.0,4,11,30,hanging_man,1669,-0.0243532739954677,-0.0351550438676184,1.0,-0.1319250461616438,0.2059461672227545,0
0,0.0,4,11,30,inverted_hammer,1597,-0.0030991396735177,-0.0188026689494189,1.0,-0.1159127045250036,0.2040082034584718,0
0,0.0,4,11,30,morning_star,46,-0.1491998369236788,0.1225034782345815,1.0,-0.2542532066727471,0.8096510421486266,0
0,0.0,4,11,30,piercing_line,165,-0.0592260692193996,0.1693762031274599,1.0,-0.0612745783784092,0.4657599793137121,0
0,0.0,4,11,30,shooting_star,1520,-0.0332862734823731,-0.0150708130028609,1.0,-0.1038728018788046,0.1793533558845086,0
0,0.0,4,11,30,three_black_crows,17,-0.0028650294758665,-0.1570366683880482,1.0,,,0
0,0.0,4,11,30,three_white_soldiers,14,0.2136351232208399,0.2724539460969016,1.0,,,0
0,0.0,4,11,30,tweezer_bottom,2978,0.0046690098117767,0.0164370598274421,1.0,-0.0335848913820153,0.1040120379109759,0
0,0.0,4,11,30,tweezer_top,3015,-0.0262727526728983,-0.0319704785954667,1.0,-0.0821441069180077,0.1044872564354703,0
0,0.0,5,1,5,bearish_engulfing,1560,0.0110727098044463,0.018363219698996,1.0,-0.0308433091397085,0.1033537805827364,0
0,0.0,5,1,5,bearish_harami,751,0.0170416691995869,0.043709025124606,1.0,-0.0483448031021718,0.1862799783651409,0
0,0.0,5,1,5,bearish_kicker,198,-0.0730264668861713,-0.0021685228634523,1.0,-0.130349332262755,0.2617968179281587,0
0,0.0,5,1,5,bullish_engulfing,1563,-0.007814912896989,0.0176604098557585,1.0,-0.0303614512452565,0.1008928620569036,0
0,0.0,5,1,5,bullish_harami,719,-0.0055890965563529,-0.0622915652712637,1.0,-0.1449096163153553,0.1728350989483749,0
0,0.0,5,1,5,bullish_kicker,199,-0.1893109125041353,-0.0486886553233844,1.0,-0.1532992607216904,0.2148982242648234,0
0,0.0,5,1,5,dark_cloud_cover,131,0.047501709467313,0.0228125872942154,1.0,-0.1373334649344241,0.3318271589947326,0
0,0.0,5,1,5,dragonfly_doji,551,-0.0746453027158652,0.0429132485366127,1.0,-0.0713414515742025,0.2437435771389752,0
0,0.0,5,1,5,evening_star,33,-0.0680341025147851,-0.153202065573383,1.0,-0.5224756665863114,0.7310050278611692,0
0,0.0,5,1,5,gravestone_doji,557,-0.0278311221323586,0.057179885809864,1.0,-0.0632111654181756,0.2479951168141166,0
0,0.0,5,1,5,hammer,1536,-0.03591084511347,0.004482123087219,1.0,-0.0529788622571824,0.1228658553622719,0
0,0.0,5,1,5,hanging_man,1625,-0.0087035736067691,-0.0497135500222091,1.0,-0.1195308787051214,0.146175640397891,0
0,0.0,5,1,5,inverted_hammer,1575,-0.055662627928998,-0.0139421135918915,1.0,-0.0959507036883528,0.1689697321287165,0
0,0.0,5,1,5,morning_star,52,0.1095530268734391,0.1800461011862807,1.0,-0.0247564314341203,0.4649535030678146,0
0,0.0,5,1,5,piercing_line,168,-0.0796241146038248,-0.0323519658185964,1.0,-0.174244149356062,0.2963257782929986,0
0,0.0,5,1,5,shooting_star,1466,-0.014595633438027,0.0109502523613222,1.0,-0.053570265054754,0.1359200111787323,0
0,0.0,5,1,5,three_black_crows,19,0.1637659374409765,0.0419932468464453,1.0,,,0
0,0.0,5,1,5,three_white_soldiers,20,-0.0790770753952819,-0.0719155787633159,1.0,,,0
0,0.0,5,1,5,tweezer_bottom,3122,-0.0317975830136269,0.0238623994169152,1.0,-0.0122893090125273,0.0751382680418301,0
0,0.0,5,1,5,tweezer_top,3081,-0.0165127995523823,-0.0152647190392229,1.0,-0.0452891246832403,0.062999825747254,0
0,0.0,5,1,15,bearish_engulfing,1560,0.0110727098044463,0.0085033304976401,1.0,-0.0527404693086471,0.126128508285527,0
0,0.0,5,1,15,bearish_harami,751,0.0170416691995869,0.0209100839608284,1.0,-0.0742012312500652,0.1983561875452741,0
0,0.0,5,1,15,bearish_kicker,198,-0.0730264668861713,0.0051457500941345,1.0,-0.1782257880665748,0.3776800243945893,0
0,0.0,5,1,15,bullish_engulfing,1563,-0.007814912896989,0.009117595637163,1.0,-0.0583502417987531,0.1370466730518343,0
0,0.0,5,1,15,bullish_harami,719,-0.0055890965563529,-0.0560722134607002,1.0,-0.1503196243394565,0.1933193709579646,0
0,0.0,5,1,15,bullish_kicker,199,-0.1893109125041353,0.0236679027414863,1.0,-0.1274304119789397,0.3219554951810238,0
0,0.0,5,1,15,dark_cloud_cover,131,0.047501709467313,0.1324240208358244,1.0,-0.089771051924465,0.4651776382056914,0
0,0.0,5,1,15,dragonfly_doji,551,-0.0746453027158652,-0.026857317673274,1.0,-0.1826851779894118,0.3210011890548822,0
0,0.0,5,1,15,evening_star,33,-0.0680341025147851,-0.4169406850223998,1.0,-0.9145329872353634,1.0365809240568309,0
0,0.0,5,1,15,gravestone_doji,557,-0.0278311221323586,0.092700081565302,1.0,-0.014554971405371,0.226943835743856,0
0,0.0,5,1,15,hammer,1536,-0.03591084511347,-0.0183910012282898,1.0,-0.0950609575204875,0.1609187350295421,0
0,0.0,5,1,15,hanging_man,1625,-0.0087035736067691,0.0257795941737402,1.0,-0.0622022146173926,0.1817237145510817,0
0,0.0,5,1,15,inverted_hammer,1575,-0.055662627928998,0.0355525368567735,1.0,-0.0578150095098631,0.1963273404633662,0
0,0.0,5,1,15,morning_star,52,0.1095530268734391,0.3772918853047876,0.5249475052494751,0.0808946179445457,0.6367430925597639,0
0,0.0,5,1,15,piercing_line,168,-0.0796241146038248,-0.000467122410205,1.0,-0.1964704015787879,0.4012744388701516,0
0,0.0,5,1,15,shooting_star,1466,-0.014595633438027,0.0471943902658917,1.0,-0.0210062817709562,0.1392639026200455,0
0,0.0,5,1,15,three_black_crows,19,0.1637659374409765,0.1865487916727886,1.0,,,0
0,0.0,5,1,15,three_white_soldiers,20,-0.0790770753952819,-0.1767440657511582,1.0,,,0
0,0.0,5,1,15,tweezer_bottom,3122,-0.0317975830136269,0.0138934476163758,1.0,-0.023996487122524,0.0782023889425206,0
0,0.0,5,1,15,tweezer_top,3081,-0.0165127995523823,-0.008230275521562,1.0,-0.0534330876231896,0.094722972721007,0
0,0.0,5,1,30,bearish_engulfing,1560,0.0110727098044463,0.0670774603328055,0.6699330066993301,0.008031473761338,0.1232810999087239,0
0,0.0,5,1,30,bearish_harami,751,0.0170416691995869,0.0461864535953442,1.0,-0.0540140542557665,0.2075232533567134,0
0,0.0,5,1,30,bearish_kicker,198,-0.0730264668861713,-0.1581073978902106,1.0,-0.3735614966307908,0.4420688590961261,0
0,0.0,5,1,30,bullish_engulfing,1563,-0.007814912896989,0.0011226295435283,1.0,-0.0679309790991597,0.1446332598940563,0
0,0.0,5,1,30,bullish_harami,719,-0.0055890965563529,0.0965887629130702,1.0,-0.0049266930559027,0.2162373930822363,0
0,0.0,5,1,30,bullish_kicker,199,-0.1893109125041353,0.015734071223495,1.0,-0.158941484661926,0.3692379091602032,0
0,0.0,5,1,30,dark_cloud_cover,131,0.047501709467313,0.1179871911822725,1.0,-0.158375257876222,0.5937248489004904,0
0,0.0,5,1,30,dragonfly_doji,551,-0.0746453027158652,-0.0948472960178211,1.0,-0.2474705580888438,0.3196545992380811,0
0,0.0,5,1,30,evening_star,33,-0.0680341025147851,-0.3601150206820867,1.0,-0.9098977831006666,1.1889524501153728,0
0,0.0,5,1,30,gravestone_doji,557,-0.0278311221323586,-0.0901244651550802,1.0,-0.2195893467303727,0.2753133989196265,0
0,0.0,5,1,30,hammer,1536,-0.03591084511347,0.014621396067527,1.0,-0.0670752917526605,0.1726303431909165,0
0,0.0,5,1,30,hanging_man,1625,-0.0087035736067691,0.0109768390232032,1.0,-0.0680760137943846,0.1626681413043409,0
0,0.0,5,1,30,inverted_hammer,1575,-0.055662627928998,0.0572463047939479,1.0,-0.027090671386281,0.1766927308707594,0
0,0.0,5,1,30,morning_star,52,0.1095530268734391,0.0806600791135186,1.0,-0.367936579943834,0.94938560925092,0
0,0.0,5,1,30,piercing_line,168,-0.0796241146038248,-0.0321216561958768,1.0,-0.2785664742621968,0.5055891468895088,0
0,0.0,5,1,30,shooting_star,1466,-0.014595633438027,0.04052406860152,1.0,-0.0532839389877535,0.1921786476616172,0
0,0.0,5,1,30,three_black_crows,19,0.1637659374409765,0.2461564338508296,1.0,,,0
0,0.0,5,1,30,three_white_soldiers,20,-0.0790770753952819,-0.1427841335178675,1.0,,,0
0,0.0,5,1,30,tweezer_bottom,3122,-0.0317975830136269,0.0072415986190742,1.0,-0.0365909001553708,0.0920087050575675,0
0,0.0,5,1,30,tweezer_top,3081,-0.0165127995523823,0.0135296531636455,1.0,-0.0343118303657123,0.0995236669325157,0
0,0.0,5,6,30,bearish_engulfing,1560,0.0110727098044463,0.0453282087005023,1.0,-0.0138885676404434,0.1230681890320258,0
0,0.0,5,6,30,bearish_harami,751,0.0170416691995869,-0.0160023839438775,1.0,-0.1320191974202921,0.2361686906125946,0
0,0.0,5,6,30,bearish_kicker,198,-0.0730264668861713,-0.2082480312882966,1.0,-0.4385775956423685,0.4782814702208105,0
0,0.0,5,6,30,bullish_engulfing,1563,-0.007814912896989,0.0138403188644006,1.0,-0.0578362600532737,0.149169703644064,0
0,0.0,5,6,30,bullish_harami,719,-0.0055890965563529,0.1465301989478857,0.1943805619438056,0.0366707496949049,0.2268943918219293,0
0,0.0,5,6,30,bullish_kicker,199,-0.1893109125041353,0.0067909336825348,1.0,-0.182163207501191,0.3855159748845842,0
0,0.0,5,6,30,dark_cloud_cover,131,0.047501709467313,0.172656708988087,1.0,-0.1029554990637665,0.5754833392977852,0
0,0.0,5,6,30,dragonfly_doji,551,-0.0746453027158652,-0.1350130775033449,1.0,-0.3042455710502135,0.3545668807261663,0
0,0.0,5,6,30,evening_star,33,-0.0680341025147851,-0.1207221662340458,1.0,-0.6849407506500097,1.1757934476947411,0
0,0.0,5,6,30,gravestone_doji,557,-0.0278311221323586,-0.0779526273399554,1.0,-0.2258662296005433,0.3102958747646204,0
0,0.0,5,6,30,hammer,1536,-0.03591084511347,-0.0441006413326058,1.0,-0.1374001746968978,0.1912833767274957,0
0,0.0,5,6,30,hanging_man,1625,-0.0087035736067691,0.0548414245373441,1.0,-0.0428761001032148,0.2018736285729889,0
0,0.0,5,6,30,inverted_hammer,1575,-0.055662627928998,0.0156268851913777,1.0,-0.0828500888431704,0.2002931108585139,0
0,0.0,5,6,30,morning_star,52,0.1095530268734391,0.0401701217405498,1.0,-0.4843942653216255,1.0966976350599549,0
0,0.0,5,6,30,piercing_line,168,-0.0796241146038248,-0.0212201443322103,1.0,-0.2499029165931802,0.4804418917691711,0
0,0.0,5,6,30,shooting_star,1466,-0.014595633438027,0.0442141946599544,1.0,-0.0402895785832698,0.1760455658698086,0
0,0.0,5,6,30,three_black_crows,19,0.1637659374409765,0.2612182944366612,1.0,,,0
0,0.0,5,6,30,three_white_soldiers,20,-0.0790770753952819,-0.0934981932919859,1.0,,,0
0,0.0,5,6,30,tweezer_bottom,3122,-0.0317975830136269,0.0103640691690378,1.0,-0.0332988877433564,0.0930508293720601,0
0,0.0,5,6,30,tweezer_top,3081,-0.0165127995523823,0.0124094078042688,1.0,-0.0370105991955625,0.1008489550632029,0
0,0.0,5,11,30,bearish_engulfing,1560,0.0110727098044463,0.0353513914077169,1.0,-0.024720456169513,0.1257825025100028,0
0,0.0,5,11,30,bearish_harami,751,0.0170416691995869,-0.0089264432511771,1.0,-0.1271532387852142,0.2368607960581218,0
0,0.0,5,11,30,bearish_kicker,198,-0.0730264668861713,-0.2288607308104604,1.0,-0.4475876122800105,0.4557014498848121,0
0,0.0,5,11,30,bullish_engulfing,1563,-0.007814912896989,0.049560463035493,1.0,-0.0222008563223428,0.1475810322200233,0
0,0.0,5,11,30,bullish_harami,719,-0.0055890965563529,0.0277867997876655,1.0,-0.0899622141938639,0.2465804664452729,0
0,0.0,5,11,30,bullish_kicker,199,-0.1893109125041353,-0.0014672595244694,1.0,-0.1830349495783779,0.3666645984377371,0
0,0.0,5,11,30,dark_cloud_cover,131,0.047501709467313,0.2180096603747317,1.0,-0.0887732231479631,0.6414927632153361,0
0,0.0,5,11,30,dragonfly_doji,551,-0.0746453027158652,-0.1729297477327598,1.0,-0.3283926649374816,0.3326850474943947,0
0,0.0,5,11,30,evening_star,33,-0.0680341025147851,0.2520405163008437,1.0,-0.2556952567404573,1.111277830525186,0
0,0.0,5,11,30,gravestone_doji,557,-0.0278311221323586,-0.0706391354299772,1.0,-0.2221272846650555,0.3079118510585537,0
0,0.0,5,11,30,hammer,1536,-0.03591084511347,-0.0103397463798634,1.0,-0.0931173703850025,0.1697344271248692,0
0,0.0,5,11,30,hanging_man,1625,-0.0087035736067691,0.0161668917506987,1.0,-0.0682054617259636,0.1761063612098862,0
0,0.0,5,11,30,inverted_hammer,1575,-0.055662627928998,-0.0196492697001814,1.0,-0.1157069970631785,0.1973008689913561,0
0,0.0,5,11,30,morning_star,52,0.1095530268734391,0.1406561288795633,1.0,-0.3061788121425425,0.93999382623792,0
0,0.0,5,11,30,piercing_line,168,-0.0796241146038248,-0.0066412837800277,1.0,-0.261684563068857,0.5218077879616065,0
0,0.0,5,11,30,shooting_star,1466,-0.014595633438027,0.0101271512834403,1.0,-0.0892243231207528,0.2051482340673497,0
0,0.0,5,11,30,three_black_crows,19,0.1637659374409765,0.3458872582178789,1.0,,,0
0,0.0,5,11,30,three_white_soldiers,20,-0.0790770753952819,-0.0422568821277713,1.0,,,0
0,0.0,5,11,30,tweezer_bottom,3122,-0.0317975830136269,0.0152757706917091,1.0,-0.0310489149203435,0.0980054668421289,0
0,0.0,5,11,30,tweezer_top,3081,-0.0165127995523823,-0.0091368533077526,1.0,-0.0681611518906347,0.1233984844733116,0
0,0.0,6,1,5,bearish_engulfing,1422,0.0088609137685628,0.0365013056238764,1.0,-0.0117555453476144,0.1014766360127847,0
0,0.0,6,1,5,bearish_harami,643,-0.0911696412632654,0.0321800360750251,1.0,-0.0499283224309063,0.1758561818172606,0
0,0.0,6,1,5,bearish_kicker,181,-0.0349764978269953,-0.0136281329596107,1.0,-0.1717334922595682,0.3156955772926307,0
0,0.0,6,1,5,bullish_engulfing,1424,-0.026335518071228,0.0170065620400158,1.0,-0.0266223779713723,0.0924138337728427,0
0,0.0,6,1,5,bullish_harami,664,-0.0283031125469877,-0.0167161572060952,1.0,-0.102652148700101,0.1775009378944599,0
0,0.0,6,1,5,bullish_kicker,195,0.0445907702952923,0.0128375794097024,1.0,-0.1675814044974013,0.3668829521060747,0
0,0.0,6,1,5,dark_cloud_cover,188,-0.0088382745988749,0.026639810636052,1.0,-0.1376982234132664,0.3365986656724661,0
0,0.0,6,1,5,dragonfly_doji,593,-0.025306061921001,-0.013784025043496,1.0,-0.1130648070564881,0.2045798923786087,0
0,0.0,6,1,5,evening_star,45,0.0541733266758274,-0.0494341825533344,1.0,-0.3701375079074299,0.6694989486286773,0
0,0.0,6,1,5,gravestone_doji,661,-0.057277789004417,-0.060236626933312,1.0,-0.1608726685048979,0.2130239211636026,0
0,0.0,6,1,5,hammer,1582,-0.0323282883915083,-0.0053155043699848,1.0,-0.0622148767155428,0.119695567749038,0
0,0.0,6,1,5,hanging_man,1789,-0.0286019592121249,0.0692822172933899,1.0,-0.0039887481555329,0.1481099129708487,0
0,0.0,6,1,5,inverted_hammer,1727,0.0086875098244227,0.0692596834389938,1.0,-0.0034715115655615,0.1542669483318449,0
0,0.0,6,1,5,morning_star,50,0.0301275119852205,-0.1292427521440859,1.0,-0.3565203046481668,0.4802892765795853,0
0,0.0,6,1,5,piercing_line,192,-0.0810308340607629,0.0693450149383831,1.0,-0.0579931064204091,0.262198876196892,0
0,0.0,6,1,5,shooting_star,1622,-0.0221394480737553,-0.0179114280100154,1.0,-0.0695339175748126,0.1081030442426404,0
0,0.0,6,1,5,three_black_crows,16,-0.1843920200631478,-0.0307427761284014,1.0,,,0
0,0.0,6,1,5,three_white_soldiers,16,-0.1088194533771914,0.0409713470680777,1.0,,,0
0,0.0,6,1,5,tweezer_bottom,3092,-0.0347682946003072,-0.0166514839044151,1.0,-0.0540710138804401,0.0759390515036588,0
0,0.0,6,1,5,tweezer_top,3046,-0.0044807836298204,0.0022853309696603,1.0,-0.0331569244249684,0.0743580879530347,0
0,0.0,6,1,15,bearish_engulfing,1422,0.0088609137685628,0.0090513215528387,1.0,-0.048348313289629,0.1225592650881994,0
0,0.0,6,1,15,bearish_harami,643,-0.0911696412632654,-0.0256114056097285,1.0,-0.139436117129414,0.2374480117650569,0
0,0.0,6,1,15,bearish_kicker,181,-0.0349764978269953,0.0940449738015171,1.0,-0.0854678370860979,0.3713169985216562,0
0,0.0,6,1,15,bullish_engulfing,1424,-0.026335518071228,0.0182513837625689,1.0,-0.0436563521485922,0.127093185742859,0
0,0.0,6,1,15,bullish_harami,664,-0.0283031125469877,0.007901557232456,1.0,-0.1012721658638111,0.2268470840119685,0
0,0.0,6,1,15,bullish_kicker,195,0.0445907702952923,0.1440161561495442,1.0,-0.0559620425035828,0.4116635144344251,0
0,0.0,6,1,15,dark_cloud_cover,188,-0.0088382745988749,-0.0413671434857856,1.0,-0.2111678474562103,0.3505953907858342,0
0,0.0,6,1,15,dragonfly_doji,593,-0.025306061921001,0.0055585311749762,1.0,-0.1171892147558939,0.2552913503470071,0
0,0.0,6,1,15,evening_star,45,0.0541733266758274,0.120081400177976,1.0,-0.3099393785936329,0.8737988303618762,0
0,0.0,6,1,15,gravestone_doji,661,-0.057277789004417,-0.0394309234520973,1.0,-0.1536055662696149,0.2406051534335281,0
0,0.0,6,1,15,hammer,1582,-0.0323282883915083,-0.0302340593459893,1.0,-0.1017836265681258,0.1481005851335642,0
0,0.0,6,1,15,hanging_man,1789,-0.0286019592121249,0.019306198300664,1.0,-0.0679867904734316,0.1826558316995301,0
0,0.0,6,1,15,inverted_hammer,1727,0.0086875098244227,0.0567986641873923,1.0,-0.0222357368929002,0.1644049123919837,0
0,0.0,6,1,15,morning_star,50,0.0301275119852205,-0.2156454421117531,1.0,-0.5284773736414844,0.6237812410761878,0
0,0.0,6,1,15,piercing_line,192,-0.0810308340607629,0.0758303309339394,1.0,-0.0981594500206364,0.3576932074541207,0
0,0.0,6,1,15,shooting_star,1622,-0.0221394480737553,-0.0454036243555599,1.0,-0.1097764473718505,0.1368726731385569,0
0,0.0,6,1,15,three_black_crows,16,-0.1843920200631478,-0.222822221858273,1.0,,,0
0,0.0,6,1,15,three_white_soldiers,16,-0.1088194533771914,0.2493892276932268,1.0,,,0
0,0.0,6,1,15,tweezer_bottom,3092,-0.0347682946003072,-0.0048452577330016,1.0,-0.0512203971669919,0.0968645586452921,0
0,0.0,6,1,15,tweezer_top,3046,-0.0044807836298204,0.0184354101965679,1.0,-0.0258243472459279,0.0940966782312712,0
0,0.0,6,1,30,bearish_engulfing,1422,0.0088609137685628,0.074483195630093,0.8045195480451955,0.0103795250828352,0.1350734621396936,0
0,0.0,6,1,30,bearish_harami,643,-0.0911696412632654,-0.0508972801907175,1.0,-0.1793068293817252,0.2655458504658053,0
0,0.0,6,1,30,bearish_kicker,181,-0.0349764978269953,0.1171054265675584,1.0,-0.1014037499323576,0.458804132725882,0
0,0.0,6,1,30,bullish_engulfing,1424,-0.026335518071228,-0.0023272752363441,1.0,-0.0666329604017959,0.1306469672276168,0
0,0.0,6,1,30,bullish_harami,664,-0.0283031125469877,-0.0100013193571579,1.0,-0.1319869409986724,0.2510480615992667,0
0,0.0,6,1,30,bullish_kicker,195,0.0445907702952923,0.2232757500520409,0.9879012098790122,0.0127168759136142,0.4423703181706885,0
0,0.0,6,1,30,dark_cloud_cover,188,-0.0088382745988749,-0.0986886446400584,1.0,-0.3142409572829748,0.4441101333108161,0
0,0.0,6,1,30,dragonfly_doji,593,-0.025306061921001,-0.0627413615256273,1.0,-0.188820046064759,0.2637429631278615,0
0,0.0,6,1,30,evening_star,45,0.0541733266758274,0.2746821486185599,1.0,-0.1713758441868547,0.9056942440997258,0
0,0.0,6,1,30,gravestone_doji,661,-0.057277789004417,0.0541392072752362,1.0,-0.0870740026557447,0.2909891194367788,0
0,0.0,6,1,30,hammer,1582,-0.0323282883915083,-0.0913634791514958,1.0,-0.171584852350533,0.1631850538990666,0
0,0.0,6,1,30,hanging_man,1789,-0.0286019592121249,0.045185212806663,1.0,-0.0384244222028838,0.1743433172513987,0
0,0.0,6,1,30,inverted_hammer,1727,0.0086875098244227,0.0658368535835883,1.0,-0.0137989983748868,0.1659021603957509,0
0,0.0,6,1,30,morning_star,50,0.0301275119852205,-0.1046713909468648,1.0,-0.4602830080733955,0.72946767341411,0
0,0.0,6,1,30,piercing_line,192,-0.0810308340607629,-0.0798947689583507,1.0,-0.2688947826465403,0.393835696738102,0
0,0.0,6,1,30,shooting_star,1622,-0.0221394480737553,0.0165887720577868,1.0,-0.0576956601465223,0.1529461773102456,0
0,0.0,6,1,30,three_black_crows,16,-0.1843920200631478,-0.1705900480492075,1.0,,,0
0,0.0,6,1,30,three_white_soldiers,16,-0.1088194533771914,0.0792850426948562,1.0,,,0
0,0.0,6,1,30,tweezer_bottom,3092,-0.0347682946003072,-0.0127118222472288,1.0,-0.0610989092813834,0.101680563940776,0
0,0.0,6,1,30,tweezer_top,3046,-0.0044807836298204,0.0129184238223002,1.0,-0.0296671171980864,0.0893340732435218,0
0,0.0,6,6,30,bearish_engulfing,1422,0.0088609137685628,0.0725642519308016,1.0,0.0035237984328622,0.1438605450956652,0
0,0.0,6,6,30,bearish_harami,643,-0.0911696412632654,-0.1085187210790713,1.0,-0.2248080636810272,0.247522575210773,0
0,0.0,6,6,30,bearish_kicker,181,-0.0349764978269953,0.1283800366744365,1.0,-0.0931467733685187,0.4726380496582617,0
0,0.0,6,6,30,bullish_engulfing,1424,-0.026335518071228,0.0004823380505962,1.0,-0.0649028128032935,0.1381447023569074,0
0,0.0,6,6,30,bullish_harami,664,-0.0283031125469877,-0.0572549259719046,1.0,-0.186789642982796,0.2691697384981175,0
0,0.0,6,6,30,bullish_kicker,195,0.0445907702952923,0.1791882067875724,1.0,-0.0495294707959015,0.4671392932310944,0
0,0.0,6,6,30,dark_cloud_cover,188,-0.0088382745988749,-0.0848574642416224,1.0,-0.3065715247344625,0.4561064843261979,0
0,0.0,6,6,30,dragonfly_doji,593,-0.025306061921001,-0.0809937035624636,1.0,-0.2058483033410679,0.2680418638484546,0
0,0.0,6,6,30,evening_star,45,0.0541733266758274,0.2345128096801805,1.0,-0.2242593784819392,0.9273361632195964,0
0,0.0,6,6,30,gravestone_doji,661,-0.057277789004417,0.0646834849744596,1.0,-0.0470599684540698,0.2313053920162045,0
0,0.0,6,6,30,hammer,1582,-0.0323282883915083,-0.0944803455367074,1.0,-0.1670330980893788,0.1535319000559732,0
0,0.0,6,6,30,hanging_man,1789,-0.0286019592121249,0.1027554376186923,0.620937906209379,0.014320417785337,0.1852218055599908,0
0,0.0,6,6,30,inverted_hammer,1727,0.0086875098244227,0.0942155189305982,1.0,0.0016765154319024,0.1951486286089608,0
0,0.0,6,6,30,morning_star,50,0.0301275119852205,-0.0911447024640404,1.0,-0.4487585543229116,0.739749805661661,0
0,0.0,6,6,30,piercing_line,192,-0.0810308340607629,0.0742101574228456,1.0,-0.1337650132594352,0.4395136841142176,0
0,0.0,6,6,30,shooting_star,1622,-0.0221394480737553,0.0221506961595152,1.0,-0.0518356120972346,0.1555216224810144,0
0,0.0,6,6,30,three_black_crows,16,-0.1843920200631478,-0.2688237690118617,1.0,,,0
0,0.0,6,6,30,three_white_soldiers,16,-0.1088194533771914,0.1280063377182645,1.0,,,0
0,0.0,6,6,30,tweezer_bottom,3092,-0.0347682946003072,-0.0201959802596011,1.0,-0.0662256649579929,0.0944794684645075,0
0,0.0,6,6,30,tweezer_top,3046,-0.0044807836298204,0.0236417165747317,1.0,-0.026297416447761,0.1034941237253667,0
0,0.0,6,11,30,bearish_engulfing,1422,0.0088609137685628,0.0706023792028645,1.0,-0.0076413291424259,0.1651513038144113,0
0,0.0,6,11,30,bearish_harami,643,-0.0911696412632654,-0.1015615196509358,1.0,-0.2304492683289481,0.2625160310899346,0
0,0.0,6,11,30,bearish_kicker,181,-0.0349764978269953,0.1448421276287975,1.0,-0.0768150519315477,0.4825823907077212,0
0,0.0,6,11,30,bullish_engulfing,1424,-0.026335518071228,-0.0514578500864102,1.0,-0.1217894922475833,0.1476490385097793,0
0,0.0,6,11,30,bullish_harami,664,-0.0283031125469877,0.0059767186780201,1.0,-0.1332352148474923,0.2891719509071007,0
0,0.0,6,11,30,bullish_kicker,195,0.0445907702952923,0.1354398690347297,1.0,-0.0824855142670485,0.4457110138102141,0
0,0.0,6,11,30,dark_cloud_cover,188,-0.0088382745988749,-0.1206684356015529,1.0,-0.345687337153156,0.4625183164865331,0
0,0.0,6,11,30,dragonfly_doji,593,-0.025306061921001,-0.0682821506078274,1.0,-0.1885172871851142,0.2521644142239436,0
0,0.0,6,11,30,evening_star,45,0.0541733266758274,0.3530742838528439,1.0,-0.0833360444462488,0.8824378023848797,0
0,0.0,6,11,30,gravestone_doji,661,-0.057277789004417,0.0466697528106747,1.0,-0.0635400000454517,0.2336967509648407,0
0,0.0,6,11,30,hammer,1582,-0.0323282883915083,-0.0782936235036309,1.0,-0.1557704785732319,0.1590939361421552,0
0,0.0,6,11,30,hanging_man,1789,-0.0286019592121249,0.0590797337877955,1.0,-0.0190965235128602,0.1609151260697894,0
0,0.0,6,11,30,inverted_hammer,1727,0.0086875098244227,0.0968356925462064,1.0,0.0045524567830502,0.1940008353604228,0
0,0.0,6,11,30,morning_star,50,0.0301275119852205,-0.0055936929691338,1.0,-0.4085048437449687,0.8503676204718947,0
0,0.0,6,11,30,piercing_line,192,-0.0810308340607629,0.0653378658150888,1.0,-0.1502668202721264,0.4504967929614833,0
0,0.0,6,11,30,shooting_star,1622,-0.0221394480737553,0.0597857155568746,1.0,-0.0237034801865661,0.1705696059135043,0
0,0.0,6,11,30,three_black_crows,16,-0.1843920200631478,-0.5564333070403751,1.0,,,0
0,0.0,6,11,30,three_white_soldiers,16,-0.1088194533771914,0.0310293535569989,1.0,,,0
0,0.0,6,11,30,tweezer_bottom,3092,-0.0347682946003072,-0.0125884875383737,1.0,-0.0625235895168785,0.1016352546896472,0
0,0.0,6,11,30,tweezer_top,3046,-0.0044807836298204,0.0334490149135858,1.0,-0.0166576646538486,0.1022041526564169,0
0,0.0,7,1,5,bearish_engulfing,1493,-0.0115542141814194,0.0050336360468511,1.0,-0.037721296452418,0.0901899314913241,0
0,0.0,7,1,5,bearish_harami,642,-0.0129927956836298,-0.0585025646245613,1.0,-0.153664852332504,0.1965482650763458,0
0,0.0,7,1,5,bearish_kicker,180,0.0671829938604083,0.0243493734807211,1.0,-0.1359819681771032,0.3317025628266745,0
0,0.0,7,1,5,bullish_engulfing,1486,-0.0491828178287249,-0.0269098465890693,1.0,-0.0719155356836216,0.0939416978964229,0
0,0.0,7,1,5,bullish_harami,655,-0.0220491673900306,0.0142619142126579,1.0,-0.0841836220711601,0.2079050646640314,0
0,0.0,7,1,5,bullish_kicker,189,-0.0227052583976042,0.0267105186821665,1.0,-0.1159829402884625,0.2945198280506869,0
0,0.0,7,1,5,dark_cloud_cover,205,0.1917088658239973,0.0518998332651017,1.0,-0.0867595463988217,0.2889966853630588,0
0,0.0,7,1,5,dragonfly_doji,464,-0.0166607342543569,0.0212152487364931,1.0,-0.1083652033875276,0.268663647077448,0
0,0.0,7,1,5,evening_star,53,-0.0546487998590407,0.1376371236213776,1.0,-0.0079397308348981,0.3108254455495362,0
0,0.0,7,1,5,gravestone_doji,490,-0.0128596617533181,-0.0683689864063497,1.0,-0.168552326369596,0.2128241459539496,0
0,0.0,7,1,5,hammer,1527,-0.038014368140698,0.0432835786935125,1.0,-0.0135716859271397,0.1171752628222748,0
0,0.0,7,1,5,hanging_man,1632,-0.0116500419593507,0.0112033207163868,1.0,-0.062284986170939,0.1535882222559725,0
0,0.0,7,1,5,inverted_hammer,1651,-0.0548831282821859,-0.0323299201724505,1.0,-0.1019092559144082,0.1452334079233775,0
0,0.0,7,1,5,morning_star,48,0.0737030665361937,0.1114078981473062,1.0,-0.1690743314255058,0.5623805472220534,0
0,0.0,7,1,5,piercing_line,233,-0.1944800425709851,-0.0978692651830323,1.0,-0.2302814472794374,0.2674801819195788,0
0,0.0,7,1,5,shooting_star,1538,0.0242688075859156,0.013854577694712,1.0,-0.0542077985829684,0.1426762217335061,0
0,0.0,7,1,5,three_black_crows,16,-0.02398968918862,0.2318420620955902,1.0,,,0
0,0.0,7,1,5,three_white_soldiers,28,0.0844158717508764,-0.0655553518317316,1.0,,,0
0,0.0,7,1,5,tweezer_bottom,3160,-0.0241124402454106,0.0216813694685098,1.0,-0.0136006182573371,0.0757835659749806,0
0,0.0,7,1,5,tweezer_top,3126,-0.0054957804588201,-0.0112340208936446,1.0,-0.0455968668070627,0.0731870714741949,0
0,0.0,7,1,15,bearish_engulfing,1493,-0.0115542141814194,0.01024025069372,1.0,-0.043877740874019,0.1123311531543627,0
0,0.0,7,1,15,bearish_harami,642,-0.0129927956836298,-0.0305824110026156,1.0,-0.1467405077494336,0.2427860877078171,0
0,0.0,7,1,15,bearish_kicker,180,0.0671829938604083,0.0364400981767773,1.0,-0.1523087472669072,0.3926831989246373,0
0,0.0,7,1,15,bullish_engulfing,1486,-0.0491828178287249,-0.0385929000159029,1.0,-0.0916925682894856,0.1129398723901239,0
0,0.0,7,1,15,bullish_harami,655,-0.0220491673900306,0.0237489723050944,1.0,-0.0767580717048443,0.2031851643866796,0
0,0.0,7,1,15,bullish_kicker,189,-0.0227052583976042,0.0430550802652894,1.0,-0.1411949837281876,0.3791150479426851,0
0,0.0,7,1,15,dark_cloud_cover,205,0.1917088658239973,0.0061903459737132,1.0,-0.1488639698273241,0.328115236968371,0
0,0.0,7,1,15,dragonfly_doji,464,-0.0166607342543569,0.0165987446127304,1.0,-0.1132206125531808,0.2614670248185085,0
0,0.0,7,1,15,evening_star,53,-0.0546487998590407,0.1992045557751223,1.0,-0.0985637040266253,0.6065355688379624,0
0,0.0,7,1,15,gravestone_doji,490,-0.0128596617533181,0.0339500367966759,1.0,-0.1070276029560232,0.2886876227362188,0
0,0.0,7,1,15,hammer,1527,-0.038014368140698,-0.0174984640759386,1.0,-0.0924564529968917,0.1488918922364353,0
0,0.0,7,1,15,hanging_man,1632,-0.0116500419593507,0.0238644718910372,1.0,-0.0624508304658671,0.1753320770691203,0
0,0.0,7,1,15,inverted_hammer,1651,-0.0548831282821859,-0.0465031573738491,1.0,-0.1305120964922014,0.1755492936151867,0
0,0.0,7,1,15,morning_star,48,0.0737030665361937,0.0331208552782028,1.0,-0.3095349900954545,0.6699048070043351,0
0,0.0,7,1,15,piercing_line,233,-0.1944800425709851,0.018834001039269,1.0,-0.1159192163682327,0.2822088234332482,0
0,0.0,7,1,15,shooting_star,1538,0.0242688075859156,-0.006737056992614,1.0,-0.0754847565091694,0.1459590890891801,0
0,0.0,7,1,15,three_black_crows,16,-0.02398968918862,0.250872639888998,1.0,,,0
0,0.0,7,1,15,three_white_soldiers,28,0.0844158717508764,-0.0066659981144679,1.0,,,0
0,0.0,7,1,15,tweezer_bottom,3160,-0.0241124402454106,0.022844838228521,1.0,-0.024119106147632,0.0979706583179593,0
0,0.0,7,1,15,tweezer_top,3126,-0.0054957804588201,-0.0175608335570641,1.0,-0.0644146872196579,0.0959057840173601,0
0,0.0,7,1,30,bearish_engulfing,1493,-0.0115542141814194,-0.0222173734536817,1.0,-0.0854925992368956,0.1330163493690544,0
0,0.0,7,1,30,bearish_harami,642,-0.0129927956836298,-0.0162710850462807,1.0,-0.1458932850998836,0.268329655950664,0
0,0.0,7,1,30,bearish_kicker,180,0.0671829938604083,0.1879458794344351,1.0,-0.0482230977600598,0.4913624321592147,0
0,0.0,7,1,30,bullish_engulfing,1486,-0.0491828178287249,-0.0430338360373891,1.0,-0.1053570622119512,0.1341457667739609,0
0,0.0,7,1,30,bullish_harami,655,-0.0220491673900306,0.0057644846567166,1.0,-0.1065070957434822,0.2321779000494616,0
0,0.0,7,1,30,bullish_kicker,189,-0.0227052583976042,-0.0038950091770499,1.0,-0.2215058936901323,0.4582557929076522,0
0,0.0,7,1,30,dark_cloud_cover,205,0.1917088658239973,0.1174413309618964,1.0,-0.0347484396369308,0.3230236866467028,0
0,0.0,7,1,30,dragonfly_doji,464,-0.0166607342543569,0.0270643282233875,1.0,-0.1229381983954192,0.3010458214014614,0
0,0.0,7,1,30,evening_star,53,-0.0546487998590407,-0.0401118941518112,1.0,-0.4159746001838773,0.7714144814229873,0
0,0.0,7,1,30,gravestone_doji,490,-0.0128596617533181,0.0177233852500266,1.0,-0.1178193435537926,0.2864951189805079,0
0,0.0,7,1,30,hammer,1527,-0.038014368140698,0.0004211764513469,1.0,-0.0814781873542274,0.1658597752879883,0
0,0.0,7,1,30,hanging_man,1632,-0.0116500419593507,-0.0001883036738252,1.0,-0.0767854938140937,0.1585016381472752,0
0,0.0,7,1,30,inverted_hammer,1651,-0.0548831282821859,-0.0449726385171727,1.0,-0.1491014634048073,0.2157843141378765,0
0,0.0,7,1,30,morning_star,48,0.0737030665361937,0.0925015975720095,1.0,-0.3445647510380623,0.9009932399937236,0
0,0.0,7,1,30,piercing_line,233,-0.1944800425709851,-0.0875774404203565,1.0,-0.2437947142107255,0.3171864037875007,0
0,0.0,7,1,30,shooting_star,1538,0.0242688075859156,0.0005006685126517,1.0,-0.076100804219933,0.1597430276119872,0
0,0.0,7,1,30,three_black_crows,16,-0.02398968918862,0.1506268356645721,1.0,,,0
0,0.0,7,1,30,three_white_soldiers,28,0.0844158717508764,0.1931560742523496,1.0,,,0
0,0.0,7,1,30,tweezer_bottom,3160,-0.0241124402454106,0.0345113069796692,1.0,-0.0050221001708411,0.0829868392138827,0
0,0.0,7,1,30,tweezer_top,3126,-0.0054957804588201,-0.0005381099057569,1.0,-0.048318831016582,0.0982352167742743,0
0,0.0,7,6,30,bearish_engulfing,1493,-0.0115542141814194,0.0088602304772023,1.0,-0.0647380273048288,0.1541754926552419,0
0,0.0,7,6,30,bearish_harami,642,-0.0129927956836298,-0.0834766740061452,1.0,-0.1979912787525714,0.2360103647858155,0
0,0.0,7,6,30,bearish_kicker,180,0.0671829938604083,0.2315922477197243,1.0,-0.0008678914871232,0.4798003207601075,0
0,0.0,7,6,30,bullish_engulfing,1486,-0.0491828178287249,-0.085398269173769,1.0,-0.1503901076865584,0.1373353109189491,0
0,0.0,7,6,30,bullish_harami,655,-0.0220491673900306,-0.0029728321738023,1.0,-0.1339062940353821,0.2749204809596074,0
0,0.0,7,6,30,bullish_kicker,189,-0.0227052583976042,-0.0046799151750831,1.0,-0.2313702338544815,0.4751092692512931,0
0,0.0,7,6,30,dark_cloud_cover,205,0.1917088658239973,0.265986966543627,0.2105789421057894,0.0837307100863505,0.3868414808622861,0
0,0.0,7,6,30,dragonfly_doji,464,-0.0166607342543569,-0.0862175993782754,1.0,-0.2470140880517578,0.3270945852618018,0
0,0.0,7,6,30,evening_star,53,-0.0546487998590407,-0.0162832360530606,1.0,-0.383672511926215,0.7494998154877891,0
0,0.0,7,6,30,gravestone_doji,490,-0.0128596617533181,-0.0388102705304484,1.0,-0.1993619198903717,0.33838812605245,0
0,0.0,7,6,30,hammer,1527,-0.038014368140698,-0.0066528788295301,1.0,-0.0840717892430608,0.1583497290256873,0
0,0.0,7,6,30,hanging_man,1632,-0.0116500419593507,0.014578970487536,1.0,-0.0849379262054805,0.2055002372068395,0
0,0.0,7,6,30,inverted_hammer,1651,-0.0548831282821859,-0.0555802429029962,1.0,-0.1432384205394447,0.1824765802573457,0
0,0.0,7,6,30,morning_star,48,0.0737030665361937,0.1089427657596995,1.0,-0.3147655203900294,0.8772163952521551,0
0,0.0,7,6,30,piercing_line,233,-0.1944800425709851,-0.1003816344824405,1.0,-0.2770516320219664,0.3664962342734194,0
0,0.0,7,6,30,shooting_star,1538,0.0242688075859156,0.0296091341257174,1.0,-0.0547427628281322,0.1782984025813686,0
0,0.0,7,6,30,three_black_crows,16,-0.02398968918862,0.0744078845448733,1.0,,,0
0,0.0,7,6,30,three_white_soldiers,28,0.0844158717508764,0.1994624702271208,1.0,,,0
0,0.0,7,6,30,tweezer_bottom,3160,-0.0241124402454106,0.0194641161439701,1.0,-0.0208280638257296,0.0854986701877029,0
0,0.0,7,6,30,tweezer_top,3126,-0.0054957804588201,0.0190479207477815,1.0,-0.0327785470709322,0.106491444202392,0
0,0.0,7,11,30,bearish_engulfing,1493,-0.0115542141814194,-0.0220229133666526,1.0,-0.0967590572138019,0.1580821925011723,0
0,0.0,7,11,30,bearish_harami,642,-0.0129927956836298,-0.0156107026687724,1.0,-0.1245269529033932,0.2284676231919802,0
0,0.0,7,11,30,bearish_kicker,180,0.0671829938604083,0.2263779188513216,1.0,-0.0351465520946695,0.5372894059850376,0
0,0.0,7,11,30,bullish_engulfing,1486,-0.0491828178287249,-0.0604008277443064,1.0,-0.1318262288234153,0.1507448411294746,0
0,0.0,7,11,30,bullish_harami,655,-0.0220491673900306,0.0442857800592424,1.0,-0.0802991228286032,0.2605555406771286,0
0,0.0,7,11,30,bullish_kicker,189,-0.0227052583976042,0.039786525193783,1.0,-0.189435088035669,0.4793892498741538,0
0,0.0,7,11,30,dark_cloud_cover,205,0.1917088658239973,0.1278803256853137,1.0,-0.058609385843172,0.3996934864065402,0
0,0.0,7,11,30,dragonfly_doji,464,-0.0166607342543569,0.0114095309114201,1.0,-0.1417153801365396,0.3145800665792463,0
0,0.0,7,11,30,evening_star,53,-0.0546487998590407,0.0046866575541067,1.0,-0.3712378659820572,0.7762399868096853,0
0,0.0,7,11,30,gravestone_doji,490,-0.0128596617533181,-0.0398121365073996,1.0,-0.2032698594381607,0.34151554553262,0
0,0.0,7,11,30,hammer,1527,-0.038014368140698,0.0048166946340755,1.0,-0.0783316032946917,0.1704162933348643,0
0,0.0,7,11,30,hanging_man,1632,-0.0116500419593507,-0.056212064126505,1.0,-0.1512293720846451,0.1984161731291322,0
0,0.0,7,11,30,inverted_hammer,1651,-0.0548831282821859,-0.0459207220166037,1.0,-0.1387053781245403,0.1896284855854856,0
0,0.0,7,11,30,morning_star,48,0.0737030665361937,0.2067560976201307,1.0,-0.2315235313994808,0.905152501929862,0
0,0.0,7,11,30,piercing_line,233,-0.1944800425709851,-0.1352285831214725,1.0,-0.3303846772347434,0.4034457377872666,0
0,0.0,7,11,30,shooting_star,1538,0.0242688075859156,0.0298876504622929,1.0,-0.0622183801530848,0.1902715899627378,0
0,0.0,7,11,30,three_black_crows,16,-0.02398968918862,0.0473978335296672,1.0,,,0
0,0.0,7,11,30,three_white_soldiers,28,0.0844158717508764,0.2486551341249787,1.0,,,0
0,0.0,7,11,30,tweezer_bottom,3160,-0.0241124402454106,0.0177694765211937,1.0,-0.0246688117884996,0.0891370335584205,0
0,0.0,7,11,30,tweezer_top,3126,-0.0054957804588201,0.0421478222179802,1.0,-0.0083086788145896,0.1038003055026639,0
0,0.0,8,1,5,bearish_engulfing,1500,-0.0557806795677116,-0.0363664944893152,1.0,-0.0772345162018379,0.0855622078988914,0
0,0.0,8,1,5,bearish_harami,598,-0.0931373128201465,0.0060455518139936,1.0,-0.0709650112271865,0.1608931452477323,0
0,0.0,8,1,5,bearish_kicker,179,0.133357730926792,0.0350262263836728,1.0,-0.1040233822664945,0.2926235311333675,0
0,0.0,8,1,5,bullish_engulfing,1512,-0.0056412120041227,-0.0108441955629862,1.0,-0.0581484559966327,0.1008877546508514,0
0,0.0,8,1,5,bullish_harami,639,0.000527727491115,0.0109266942552719,1.0,-0.0778146421798867,0.183695951078539,0
0,0.0,8,1,5,bullish_kicker,217,-0.0129888942822179,0.079762634984619,1.0,-0.0439971606045288,0.252712670446768,0
0,0.0,8,1,5,dark_cloud_cover,185,0.0230298171541027,0.0328094195980785,1.0,-0.1163064633004462,0.309646857049102,0
0,0.0,8,1,5,dragonfly_doji,519,0.0021218719518509,0.0169257571313816,1.0,-0.0696439735589505,0.180103024431951,0
0,0.0,8,1,5,evening_star,48,0.0389117616185271,-0.0395286208524459,1.0,-0.2631348327358017,0.4491323302719213,0
0,0.0,8,1,5,gravestone_doji,509,0.0482826483745813,-0.0312231544707086,1.0,-0.1389825036914285,0.2251278600218494,0
0,0.0,8,1,5,hammer,1575,0.0013091047133695,0.0544167143032907,1.0,-0.005790224109984,0.1239641721287789,0
0,0.0,8,1,5,hanging_man,1620,-0.0487842511207843,0.0091292078755756,1.0,-0.0654250034300766,0.155906799612235,0
0,0.0,8,1,5,inverted_hammer,1608,-0.0544821437637575,-0.0377488093511298,1.0,-0.1117239021860659,0.1558477958456807,0
0,0.0,8,1,5,morning_star,54,-0.2606396087996414,-0.1559695375084837,1.0,-0.4188240560771625,0.5486250598528454,0
0,0.0,8,1,5,piercing_line,194,-0.0902917900039352,0.0585851107064053,1.0,-0.0576798939381155,0.2520195673029761,0
0,0.0,8,1,5,shooting_star,1514,-0.0405441072063436,-0.0047676855139837,1.0,-0.0655667474897356,0.126455118272346,0
0,0.0,8,1,5,three_black_crows,19,-0.0294538256816555,0.0260639359656999,1.0,,,0
0,0.0,8,1,5,three_white_soldiers,17,0.0146865182020648,-0.0856867586873101,1.0,,,0
0,0.0,8,1,5,tweezer_bottom,3217,-0.0081908549204207,-0.0014495070184496,1.0,-0.0321844261865653,0.0643715615450262,0
0,0.0,8,1,5,tweezer_top,3192,-0.0362310888532641,-0.0232912872892637,1.0,-0.0565569349621144,0.0693503153825537,0
0,0.0,8,1,15,bearish_engulfing,1500,-0.0557806795677116,-0.0416931850097919,1.0,-0.0958915767349766,0.1138699339949846,0
0,0.0,8,1,15,bearish_harami,598,-0.0931373128201465,-0.049570326046422,1.0,-0.1567367222299948,0.2201037605102515,0
0,0.0,8,1,15,bearish_kicker,179,0.133357730926792,0.1490654219812843,1.0,-0.054353481253884,0.4202578027944494,0
0,0.0,8,1,15,bullish_engulfing,1512,-0.0056412120041227,-0.0358084275947415,1.0,-0.0901260342125204,0.1109717459498006,0
0,0.0,8,1,15,bullish_harami,639,0.000527727491115,0.0083802768895511,1.0,-0.0936654635121928,0.2158344761358099,0
0,0.0,8,1,15,bullish_kicker,217,-0.0129888942822179,0.1307062775756422,1.0,-0.0348250301086684,0.3435704028464651,0
0,0.0,8,1,15,dark_cloud_cover,185,0.0230298171541027,0.1059009304058881,1.0,-0.0579894336961626,0.3493805369158848,0
0,0.0,8,1,15,dragonfly_doji,519,0.0021218719518509,0.066688110895633,1.0,-0.0596767149513881,0.2621730552337455,0
0,0.0,8,1,15,evening_star,48,0.0389117616185271,0.0844429484647155,1.0,-0.2119946631338941,0.6219533114198915,0
0,0.0,8,1,15,gravestone_doji,509,0.0482826483745813,-0.0057165892495621,1.0,-0.1336687078305431,0.2659264713107021,0
0,0.0,8,1,15,hammer,1575,0.0013091047133695,0.0566054125983219,1.0,-0.0164784072535682,0.1533704352107615,0
0,0.0,8,1,15,hanging_man,1620,-0.0487842511207843,-0.0041595408150542,1.0,-0.0915939427109199,0.1802213272794558,0
0,0.0,8,1,15,inverted_hammer,1608,-0.0544821437637575,-0.0426278070343876,1.0,-0.1269550918343684,0.1757263233455699,0
0,0.0,8,1,15,morning_star,54,-0.2606396087996414,-0.230726774466236,1.0,-0.5671434321047502,0.6729541126714219,0
0,0.0,8,1,15,piercing_line,194,-0.0902917900039352,0.0212759934291374,1.0,-0.1448227354021371,0.3357054560491792,0
0,0.0,8,1,15,shooting_star,1514,-0.0405441072063436,-0.0551221028442887,1.0,-0.1277978539040661,0.1517161782244418,0
0,0.0,8,1,15,three_black_crows,19,-0.0294538256816555,-0.0858706793013623,1.0,,,0
0,0.0,8,1,15,three_white_soldiers,17,0.0146865182020648,-0.0939428290809684,1.0,,,0
0,0.0,8,1,15,tweezer_bottom,3217,-0.0081908549204207,0.0184942393418812,1.0,-0.0192231706790736,0.0791870613703981,0
0,0.0,8,1,15,tweezer_top,3192,-0.0362310888532641,-0.019982641679035,1.0,-0.0611666308506324,0.0863627730777279,0
0,0.0,8,1,30,bearish_engulfing,1500,-0.0557806795677116,-0.0365559543069862,1.0,-0.105604670268341,0.1430906692911081,0
0,0.0,8,1,30,bearish_harami,598,-0.0931373128201465,0.0187446838793445,1.0,-0.0841747982753614,0.2119543313188205,0
0,0.0,8,1,30,bearish_kicker,179,0.133357730926792,0.2427204088393321,0.6967303269673033,0.029767640222098,0.4456036721701582,0
0,0.0,8,1,30,bullish_engulfing,1512,-0.0056412120041227,0.0152596899900204,1.0,-0.0467235564090947,0.1312100946067377,0
0,0.0,8,1,30,bullish_harami,639,0.000527727491115,0.1037183035761265,1.0,-0.0145881984003906,0.2473061825692019,0
0,0.0,8,1,30,bullish_kicker,217,-0.0129888942822179,0.1418149914588913,1.0,-0.0441937196400286,0.372966209056,0
0,0.0,8,1,30,dark_cloud_cover,185,0.0230298171541027,-0.0283264078349589,1.0,-0.246701111899532,0.4546803828362097,0
0,0.0,8,1,30,dragonfly_doji,519,0.0021218719518509,0.0893089763914882,1.0,-0.0495479157151494,0.2854295038907252,0
0,0.0,8,1,30,evening_star,48,0.0389117616185271,0.1311631301398663,1.0,-0.2179488393253495,0.7349529145486267,0
0,0.0,8,1,30,gravestone_doji,509,0.0482826483745813,0.0170345958717214,1.0,-0.1285042972252738,0.2984643745812449,0
0,0.0,8,1,30,hammer,1575,0.0013091047133695,0.0523650530395426,1.0,-0.023418261073078,0.1558934129516085,0
0,0.0,8,1,30,hanging_man,1620,-0.0487842511207843,-0.068665160513952,1.0,-0.1517711796638376,0.1779771608634753,0
0,0.0,8,1,30,inverted_hammer,1608,-0.0544821437637575,-0.0604200700825703,1.0,-0.1387096140447722,0.1663945351951221,0
0,0.0,8,1,30,morning_star,54,-0.2606396087996414,-0.3084043523929224,1.0,-0.6481093913067868,0.695242413901064,0
0,0.0,8,1,30,piercing_line,194,-0.0902917900039352,-0.0534305453160683,1.0,-0.253214538567632,0.4152299435923588,0
0,0.0,8,1,30,shooting_star,1514,-0.0405441072063436,-0.0328539700976446,1.0,-0.1128402763510934,0.1673493668852214,0
0,0.0,8,1,30,three_black_crows,19,-0.0294538256816555,-0.234117953683236,1.0,,,0
0,0.0,8,1,30,three_white_soldiers,17,0.0146865182020648,-0.068569156822923,1.0,,,0
0,0.0,8,1,30,tweezer_bottom,3217,-0.0081908549204207,0.0053995379060255,1.0,-0.0385927677274198,0.0934016534625117,0
0,0.0,8,1,30,tweezer_top,3192,-0.0362310888532641,-0.0064318537148559,1.0,-0.0554354216233181,0.1037428969274242,0
0,0.0,8,6,30,bearish_engulfing,1500,-0.0557806795677116,-0.0411226885145383,1.0,-0.1076606765865845,0.1389378930623649,0
0,0.0,8,6,30,bearish_harami,598,-0.0931373128201465,0.0659614398255944,1.0,-0.0370364796805215,0.2120230956490889,0
0,0.0,8,6,30,bearish_kicker,179,0.133357730926792,0.1765142745312087,1.0,-0.0712951646410663,0.5211074260470995,0
0,0.0,8,6,30,bullish_engulfing,1512,-0.0056412120041227,0.0391911468384426,1.0,-0.0221039045788146,0.1280518248205921,0
0,0.0,8,6,30,bullish_harami,639,0.000527727491115,0.0257470653338342,1.0,-0.113076679302966,0.293034270158741,0
0,0.0,8,6,30,bullish_kicker,217,-0.0129888942822179,0.0330115412585398,1.0,-0.1609837348340002,0.3917964661881424,0
0,0.0,8,6,30,dark_cloud_cover,185,0.0230298171541027,-0.0606051589060891,1.0,-0.2654164720278175,0.4243824994744858,0
0,0.0,8,6,30,dragonfly_doji,519,0.0021218719518509,0.0147432654320807,1.0,-0.1225425671701209,0.2825244190750305,0
0,0.0,8,6,30,evening_star,48,0.0389117616185271,0.1499133152269546,1.0,-0.2490131034991086,0.8330590369848948,0
0,0.0,8,6,30,gravestone_doji,509,0.0482826483745813,0.0545052875518864,1.0,-0.0867993437800591,0.2966510097589798,0
0,0.0,8,6,30,hammer,1575,0.0013091047133695,0.0477853502342125,1.0,-0.0311922612520943,0.1623436801466265,0
0,0.0,8,6,30,hanging_man,1620,-0.0487842511207843,-0.0353756423529292,1.0,-0.1182292305901717,0.1732273611649122,0
0,0.0,8,6,30,inverted_hammer,1608,-0.0544821437637575,-0.0181131763460234,1.0,-0.1008063364110605,0.1729976159007184,0
0,0.0,8,6,30,morning_star,54,-0.2606396087996414,-0.2300261792622818,1.0,-0.6446343942655139,0.8430011295471823,0
0,0.0,8,6,30,piercing_line,194,-0.0902917900039352,-0.0944081394314059,1.0,-0.2923760822399038,0.403502969526872,0
0,0.0,8,6,30,shooting_star,1514,-0.0405441072063436,-0.0327841879850599,1.0,-0.1177693818193035,0.1740085000204008,0
0,0.0,8,6,30,three_black_crows,19,-0.0294538256816555,-0.1887917728838719,1.0,,,0
0,0.0,8,6,30,three_white_soldiers,17,0.0146865182020648,0.0539613831746302,1.0,,,0
0,0.0,8,6,30,tweezer_bottom,3217,-0.0081908549204207,0.0034273481510226,1.0,-0.040827153187365,0.0938189393151892,0
0,0.0,8,6,30,tweezer_top,3192,-0.0362310888532641,-0.0406734389972493,1.0,-0.0886959702254533,0.1007847184827538,0
0,0.0,8,11,30,bearish_engulfing,1500,-0.0557806795677116,-0.0502233478353835,1.0,-0.1209281100985907,0.1451929849137424,0
0,0.0,8,11,30,bearish_harami,598,-0.0931373128201465,-0.0048112284259725,1.0,-0.1118852147484208,0.2216566585505978,0
0,0.0,8,11,30,bearish_kicker,179,0.133357730926792,0.1506328747074644,1.0,-0.1113376746405031,0.5448597222201633,0
0,0.0,8,11,30,bullish_engulfing,1512,-0.0056412120041227,0.0100472646785169,1.0,-0.0527288179137896,0.1315007619120951,0
0,0.0,8,11,30,bullish_harami,639,0.000527727491115,0.038446797644499,1.0,-0.0838180359667875,0.2559001304758855,0
0,0.0,8,11,30,bullish_kicker,217,-0.0129888942822179,0.0045546401281367,1.0,-0.2152564113641152,0.4509887159227224,0
0,0.0,8,11,30,dark_cloud_cover,185,0.0230298171541027,-0.1706998026744808,1.0,-0.4042175408052516,0.4810881879664221,0
0,0.0,8,11,30,dragonfly_doji,519,0.0021218719518509,-0.0102203393743605,1.0,-0.1577327940127327,0.2994591237097112,0
0,0.0,8,11,30,evening_star,48,0.0389117616185271,0.182871914953529,1.0,-0.2205106113954592,0.8337519643233227,0
0,0.0,8,11,30,gravestone_doji,509,0.0482826483745813,0.0255154139976923,1.0,-0.1207987031539453,0.3051455884586485,0
0,0.0,8,11,30,hammer,1575,0.0013091047133695,0.0231552105915606,1.0,-0.0586891834517671,0.1687965114916169,0
0,0.0,8,11,30,hanging_man,1620,-0.0487842511207843,-0.0711356903754823,1.0,-0.161679777542672,0.1913714637079732,0
0,0.0,8,11,30,inverted_hammer,1608,-0.0544821437637575,-0.013435380751649,1.0,-0.0992154262798598,0.1789942082090352,0
0,0.0,8,11,30,morning_star,54,-0.2606396087996414,-0.2436049124487657,1.0,-0.6843120868445954,0.9072018125853644,0
0,0.0,8,11,30,piercing_line,194,-0.0902917900039352,-0.1353634974725254,1.0,-0.3679232653474077,0.4735505014658508,0
0,0.0,8,11,30,shooting_star,1514,-0.0405441072063436,-0.0196803355178428,1.0,-0.099120139685313,0.1640023840534129,0
0,0.0,8,11,30,three_black_crows,19,-0.0294538256816555,-0.2049419189645165,1.0,,,0
0,0.0,8,11,30,three_white_soldiers,17,0.0146865182020648,0.099258154694431,1.0,,,0
0,0.0,8,11,30,tweezer_bottom,3217,-0.0081908549204207,0.0175103373767029,1.0,-0.0303359143726017,0.0989643343747267,0
0,0.0,8,11,30,tweezer_top,3192,-0.0362310888532641,-0.0459656428176702,1.0,-0.0961495863237951,0.1060965733950294,0
0,0.0,9,1,5,bearish_engulfing,1526,-0.0518683055076041,-0.0110369657541084,1.0,-0.0523427463855071,0.0877036749237967,0
0,0.0,9,1,5,bearish_harami,636,-0.0314475033657532,0.00126037474096,1.0,-0.0912779159839186,0.1959589896647611,0
0,0.0,9,1,5,bearish_kicker,173,0.0206579978042033,-0.0372547999112415,1.0,-0.1992420604202846,0.3450610663608931,0
0,0.0,9,1,5,bullish_engulfing,1498,0.0050251743797829,0.0414296032877702,1.0,-0.0062074681745452,0.1010903482979364,0
0,0.0,9,1,5,bullish_harami,631,-0.0592347092762282,-0.0084198510243366,1.0,-0.0984578583077558,0.1879757054447576,0
0,0.0,9,1,5,bullish_kicker,206,-0.080658530262397,-0.051113979723281,1.0,-0.1830953251349319,0.2846186670347126,0
0,0.0,9,1,5,dark_cloud_cover,200,0.0114684313179114,0.0606525722704999,1.0,-0.0569116544186583,0.248712405340564,0
0,0.0,9,1,5,dragonfly_doji,442,0.1354847230558351,0.1252381798106478,1.0,-0.004452029603239,0.2582292121478086,0
0,0.0,9,1,5,evening_star,51,-0.1161764814730456,-0.0367433931117701,1.0,-0.3346527553686659,0.6154941363754542,0
0,0.0,9,1,5,gravestone_doji,444,-0.0284219780280797,0.0523024072003546,1.0,-0.0736202547029647,0.2653771686285277,0
0,0.0,9,1,5,hammer,1499,-0.0454033795231115,0.0331446724240038,1.0,-0.0240634191234598,0.1195175318523995,0
0,0.0,9,1,5,hanging_man,1638,-0.08355427937842,-0.059315063110971,1.0,-0.1349528459559102,0.1576813709543407,0
0,0.0,9,1,5,inverted_hammer,1663,-0.038049621526366,-0.0526781730687123,1.0,-0.1264799575466317,0.1491018652310432,0
0,0.0,9,1,5,morning_star,58,0.1235156426600667,0.0455744374631171,1.0,-0.0918235362515301,0.284668335186992,0
0,0.0,9,1,5,piercing_line,169,-0.1339143395919793,-0.0546126941240668,1.0,-0.1931779811277853,0.2818542677296135,0
0,0.0,9,1,5,shooting_star,1571,-0.0609535553388199,-0.0359288595385704,1.0,-0.0944800816047315,0.1221705128507805,0
0,0.0,9,1,5,three_black_crows,20,0.0811634394751854,-0.0357913019041502,1.0,,,0
0,0.0,9,1,5,three_white_soldiers,27,0.0086028844641285,-0.0391114108787452,1.0,,,0
0,0.0,9,1,5,tweezer_bottom,3172,-0.0347301657605722,-0.0175193594342597,1.0,-0.0473965405958927,0.062951561599806,0
0,0.0,9,1,5,tweezer_top,3158,-0.0408738915230572,0.0039317859794317,1.0,-0.026479048119616,0.0653035305717417,0
0,0.0,9,1,15,bearish_engulfing,1526,-0.0518683055076041,-0.0333895170777982,1.0,-0.0895106858968829,0.1165035992776115,0
0,0.0,9,1,15,bearish_harami,636,-0.0314475033657532,-0.0223286010305632,1.0,-0.1335914451863029,0.2329534481955831,0
0,0.0,9,1,15,bearish_kicker,173,0.0206579978042033,0.0488681620146572,1.0,-0.1377561973534162,0.3875832770066248,0
0,0.0,9,1,15,bullish_engulfing,1498,0.0050251743797829,-0.0053636588316403,1.0,-0.0631326888339962,0.1203440076680504,0
0,0.0,9,1,15,bullish_harami,631,-0.0592347092762282,0.0194074870281849,1.0,-0.0881302308335076,0.2248361496893116,0
0,0.0,9,1,15,bullish_kicker,206,-0.080658530262397,0.0624403672648279,1.0,-0.1163612780911468,0.3811953154470263,0
0,0.0,9,1,15,dark_cloud_cover,200,0.0114684313179114,0.0779595893801926,1.0,-0.0778358037879376,0.3260931410062326,0
0,0.0,9,1,15,dragonfly_doji,442,0.1354847230558351,0.172162251669949,0.6263373662633737,0.0201951778411037,0.313182427509386,0
0,0.0,9,1,15,evening_star,51,-0.1161764814730456,-0.0459376728572878,1.0,-0.3720315600904548,0.7037072778122191,0
0,0.0,9,1,15,gravestone_doji,444,-0.0284219780280797,0.028663849475644,1.0,-0.1120267472135856,0.3057761361317324,0
0,0.0,9,1,15,hammer,1499,-0.0454033795231115,-0.0365657592133888,1.0,-0.1059601827990317,0.1408290279934733,0
0,0.0,9,1,15,hanging_man,1638,-0.08355427937842,-0.019239347193271,1.0,-0.0966079349740851,0.1600513773307212,0
0,0.0,9,1,15,inverted_hammer,1663,-0.038049621526366,-0.0097514701130742,1.0,-0.0924494440783197,0.1717875661015999,0
0,0.0,9,1,15,morning_star,58,0.1235156426600667,0.2039653180545969,1.0,-0.024684189364098,0.5025352741167438,0
0,0.0,9,1,15,piercing_line,169,-0.1339143395919793,0.0287877429962704,1.0,-0.1579809006390675,0.3894132810447792,0
0,0.0,9,1,15,shooting_star,1571,-0.0609535553388199,0.0078114197970168,1.0,-0.0689897635363245,0.1640621694010605,0
0,0.0,9,1,15,three_black_crows,20,0.0811634394751854,-0.052175283520973,1.0,,,0
0,0.0,9,1,15,three_white_soldiers,27,0.0086028844641285,-0.0560569238315056,1.0,,,0
0,0.0,9,1,15,tweezer_bottom,3172,-0.0347301657605722,-0.0035874787456011,1.0,-0.0462211279412877,0.0873655558326009,0
0,0.0,9,1,15,tweezer_top,3158,-0.0408738915230572,0.0158635748036253,1.0,-0.0262620593524309,0.0860290612653424,0
0,0.0,9,1,30,bearish_engulfing,1526,-0.0518683055076041,-0.0146685442309899,1.0,-0.0740237583575952,0.1239584126956019,0
0,0.0,9,1,30,bearish_harami,636,-0.0314475033657532,0.0198837321774078,1.0,-0.0977624296892517,0.2495748931855649,0
0,0.0,9,1,30,bearish_kicker,173,0.0206579978042033,0.020855499250203,1.0,-0.1886611405695736,0.4343264034983239,0
0,0.0,9,1,30,bullish_engulfing,1498,0.0050251743797829,0.0115192795204672,1.0,-0.0574023815576407,0.141456015539454,0
0,0.0,9,1,30,bullish_harami,631,-0.0592347092762282,-0.0729040007093134,1.0,-0.1692509092009647,0.2026871905655022,0
0,0.0,9,1,30,bullish_kicker,206,-0.080658530262397,0.0177152539258999,1.0,-0.1616023813147657,0.38094798652865,0
0,0.0,9,1,30,dark_cloud_cover,200,0.0114684313179114,0.1765662301902838,1.0,-0.0047382667257724,0.3710613020118611,0
0,0.0,9,1,30,dragonfly_doji,442,0.1354847230558351,0.2525280155080971,0.0447955204479552,0.0932355221812598,0.3292026422590999,1
0,0.0,9,1,30,evening_star,51,-0.1161764814730456,0.0515446042933262,1.0,-0.3545444863127645,0.8633623261406684,0
0,0.0,9,1,30,gravestone_doji,444,-0.0284219780280797,-0.0405579282453087,1.0,-0.1985528804984586,0.3316331000867916,0
0,0.0,9,1,30,hammer,1499,-0.0454033795231115,-0.0494598287075778,1.0,-0.1276521201389058,0.1622374177504636,0
0,0.0,9,1,30,hanging_man,1638,-0.08355427937842,-0.0957746842852194,1.0,-0.1760511100699463,0.1688220393520642,0
0,0.0,9,1,30,inverted_hammer,1663,-0.038049621526366,0.0461676576748802,1.0,-0.0339358359242177,0.1667110487848415,0
0,0.0,9,1,30,morning_star,58,0.1235156426600667,0.0969765568207888,1.0,-0.2240656721329468,0.6882273019638258,0
0,0.0,9,1,30,piercing_line,169,-0.1339143395919793,0.0229330539358301,1.0,-0.1870650321440053,0.4387672224892479,0
0,0.0,9,1,30,shooting_star,1571,-0.0609535553388199,-0.0294514250773477,1.0,-0.1051926946371895,0.1603532070718706,0
0,0.0,9,1,30,three_black_crows,20,0.0811634394751854,-0.1546053221124367,1.0,,,0
0,0.0,9,1,30,three_white_soldiers,27,0.0086028844641285,0.0618254739157083,1.0,,,0
0,0.0,9,1,30,tweezer_bottom,3172,-0.0347301657605722,-0.0334182312819963,1.0,-0.0782302995732305,0.0940676121241394,0
0,0.0,9,1,30,tweezer_top,3158,-0.0408738915230572,-0.0038136781272661,1.0,-0.0495320137744616,0.0962738644336906,0
0,0.0,9,6,30,bearish_engulfing,1526,-0.0518683055076041,-0.0328805611987994,1.0,-0.1003901075684536,0.1410861112893554,0
0,0.0,9,6,30,bearish_harami,636,-0.0314475033657532,0.0347611665211319,1.0,-0.0977043285747442,0.2736198004882293,0
0,0.0,9,6,30,bearish_kicker,173,0.0206579978042033,0.0229529717103389,1.0,-0.2041695557445934,0.4692028158565035,0
0,0.0,9,6,30,bullish_engulfing,1498,0.0050251743797829,0.0034770056391671,1.0,-0.0700671070515396,0.1551303810199892,0
0,0.0,9,6,30,bullish_harami,631,-0.0592347092762282,-0.0365627810232997,1.0,-0.1340605573483085,0.2068473369990472,0
0,0.0,9,6,30,bullish_kicker,206,-0.080658530262397,0.000380190402942,1.0,-0.1874803140816088,0.4017836540450458,0
0,0.0,9,6,30,dark_cloud_cover,200,0.0114684313179114,0.2010951297292078,0.971902809719028,0.0150756653034925,0.3904712749489979,0
0,0.0,9,6,30,dragonfly_doji,442,0.1354847230558351,0.1774665467552443,0.9983001699830018,0.0050864628749079,0.3560804057483756,0
0,0.0,9,6,30,evening_star,51,-0.1161764814730456,-0.066754091761774,1.0,-0.4500351393856678,0.81620751216435,0
0,0.0,9,6,30,gravestone_doji,444,-0.0284219780280797,0.019422311442775,1.0,-0.1382344795599952,0.3334051003786843,0
0,0.0,9,6,30,hammer,1499,-0.0454033795231115,-0.0702213562254805,1.0,-0.1467065596144499,0.1613506322642615,0
0,0.0,9,6,30,hanging_man,1638,-0.08355427937842,-0.0184643235332926,1.0,-0.0936275365283727,0.1527239203568415,0
0,0.0,9,6,30,inverted_hammer,1663,-0.038049621526366,0.0251436789609179,1.0,-0.0643523876457963,0.1871870975219508,0
0,0.0,9,6,30,morning_star,58,0.1235156426600667,0.1451846997819784,1.0,-0.1785680720320984,0.7138227656749222,0
0,0.0,9,6,30,piercing_line,169,-0.1339143395919793,-0.011862118530515,1.0,-0.2518613003737092,0.4958068897595706,0
0,0.0,9,6,30,shooting_star,1571,-0.0609535553388199,-0.0255312019365997,1.0,-0.0999326120704541,0.1555649509558021,0
0,0.0,9,6,30,three_black_crows,20,0.0811634394751854,0.0582126684329873,1.0,,,0
0,0.0,9,6,30,three_white_soldiers,27,0.0086028844641285,0.0551951557718408,1.0,,,0
0,0.0,9,6,30,tweezer_bottom,3172,-0.0347301657605722,-0.0232814050383919,1.0,-0.0703079003596004,0.0986398394629362,0
0,0.0,9,6,30,tweezer_top,3158,-0.0408738915230572,-0.0339221209327853,1.0,-0.0768197577979707,0.0884109640612055,0
0,0.0,9,11,30,bearish_engulfing,1526,-0.0518683055076041,-0.0012380222261406,1.0,-0.0682364673303377,0.1380136471181387,0
0,0.0,9,11,30,bearish_harami,636,-0.0314475033657532,-0.0613622114380562,1.0,-0.2059401089344266,0.3007710304059802,0
0,0.0,9,11,30,bearish_kicker,173,0.0206579978042033,-0.0022877293082582,1.0,-0.2259469288592701,0.4713252264085237,0
0,0.0,9,11,30,bullish_engulfing,1498,0.0050251743797829,0.0075403144793385,1.0,-0.0646987817736443,0.148386967812813,0
0,0.0,9,11,30,bullish_harami,631,-0.0592347092762282,0.0303568895630465,1.0,-0.0815099308636739,0.232945634355006,0
0,0.0,9,11,30,bullish_kicker,206,-0.080658530262397,-0.0458531382147806,1.0,-0.2610510372161728,0.4552228728095647,0
0,0.0,9,11,30,dark_cloud_cover,200,0.0114684313179114,0.1718805436859157,1.0,-0.0564543243091011,0.4734567950762857,0
0,0.0,9,11,30,dragonfly_doji,442,0.1354847230558351,0.1267574043564743,1.0,-0.0450118818849709,0.357765420988243,0
0,0.0,9,11,30,evening_star,51,-0.1161764814730456,-0.0742352860064115,1.0,-0.495966426013317,0.9193927012323926,0
0,0.0,9,11,30,gravestone_doji,444,-0.0284219780280797,0.046150576880295,1.0,-0.1070345880940657,0.3229245219347993,0
0,0.0,9,11,30,hammer,1499,-0.0454033795231115,-0.0800097479133641,1.0,-0.1662810045216284,0.1820954240695415,0
0,0.0,9,11,30,hanging_man,1638,-0.08355427937842,0.0021372261983435,1.0,-0.0840066757329817,0.1787746525783579,0
0,0.0,9,11,30,inverted_hammer,1663,-0.038049621526366,-0.030735825706816,1.0,-0.1166059420223843,0.1808132433558787,0
0,0.0,9,11,30,morning_star,58,0.1235156426600667,0.313395285509549,1.0,-0.0122101477052401,0.7010629778221713,0
0,0.0,9,11,30,piercing_line,169,-0.1339143395919793,-0.051414563086821,1.0,-0.3007796291022398,0.5192724719804681,0
0,0.0,9,11,30,shooting_star,1571,-0.0609535553388199,0.0196720456850441,1.0,-0.0600331443077966,0.1659614076864005,0
0,0.0,9,11,30,three_black_crows,20,0.0811634394751854,-0.1208362880478299,1.0,,,0
0,0.0,9,11,30,three_white_soldiers,27,0.0086028844641285,0.0159848933291344,1.0,,,0
0,0.0,9,11,30,tweezer_bottom,3172,-0.0347301657605722,-0.0186091551023017,1.0,-0.0597362531783068,0.0873727334819225,0
0,0.0,9,11,30,tweezer_top,3158,-0.0408738915230572,-0.0132779515283896,1.0,-0.0566550698508664,0.0900084929289682,0
0,0.0,10,1,5,bearish_engulfing,1466,-0.0597492289651977,-0.0333713787892639,1.0,-0.0801884853707387,0.0961676219064958,0
0,0.0,10,1,5,bearish_harami,574,-0.0344391643967693,0.0001229002648482,1.0,-0.0922243901593516,0.1902256997701287,0
0,0.0,10,1,5,bearish_kicker,177,-0.0932494850761911,-0.0739535219529098,1.0,-0.2307187060632382,0.3182889972734181,0
0,0.0,10,1,5,bullish_engulfing,1422,-0.0344021181849674,-0.0221900092921946,1.0,-0.069941811369893,0.0975199765862458,0
0,0.0,10,1,5,bullish_harami,592,-0.0618936661644621,-0.0174444993976837,1.0,-0.1173302790499145,0.2052538486341407,0
0,0.0,10,1,5,bullish_kicker,177,-0.0407934862292456,0.1429156559725085,1.0,-0.0411504538621859,0.3755307902894935,0
0,0.0,10,1,5,dark_cloud_cover,233,-0.0462032715445834,-0.0207365429077296,1.0,-0.1416378631794982,0.2502155912019856,0
0,0.0,10,1,5,dragonfly_doji,489,-0.0794820001301003,-0.0086242233836413,1.0,-0.1190700377298512,0.2316520261930784,0
0,0.0,10,1,5,evening_star,39,-0.0356409084387077,-0.1527693996892692,1.0,-0.4136132363127642,0.5726370294512818,0
0,0.0,10,1,5,gravestone_doji,456,0.0180206894100818,-8.150937958284477e-05,1.0,-0.1219827045190384,0.2517216969428244,0
0,0.0,10,1,5,hammer,1594,-0.0552132836768282,-0.0466153987435719,1.0,-0.10350310496952,0.1227987131802945,0
0,0.0,10,1,5,hanging_man,1636,-0.0374039167471141,-0.0400054119463658,1.0,-0.1122047078966495,0.1498120887426442,0
0,0.0,10,1,5,inverted_hammer,1631,-0.0041903005351925,-0.0101914731173213,1.0,-0.0761056120030781,0.1349782573053669,0
0,0.0,10,1,5,morning_star,68,0.2760462187236782,-0.0335950856370354,1.0,-0.2410983043344338,0.4138154078918175,0
0,0.0,10,1,5,piercing_line,237,-0.0438831405656879,-0.0615435970829139,1.0,-0.1780929606706411,0.2428253582446869,0
0,0.0,10,1,5,shooting_star,1590,-0.0377938100472108,-0.031611565704315,1.0,-0.0935231104176394,0.1305989494115565,0
0,0.0,10,1,5,three_black_crows,29,0.02430039347394,0.0513272105418938,1.0,,,0
0,0.0,10,1,5,three_white_soldiers,17,-0.255226104536037,-0.0523187397753489,1.0,,,0
0,0.0,10,1,5,tweezer_bottom,3261,-0.0471209440445428,-0.0260318629641294,1.0,-0.0620273349833173,0.0756249007201116,0
0,0.0,10,1,5,tweezer_top,3174,-0.0214910462335474,0.0151131626646309,1.0,-0.0173472111416509,0.0684621379007542,0
0,0.0,10,1,15,bearish_engulfing,1466,-0.0597492289651977,-0.0529849725062508,1.0,-0.109523172712026,0.1173772157713749,0
0,0.0,10,1,15,bearish_harami,574,-0.0344391643967693,-0.0161236247526186,1.0,-0.1211124726029969,0.216013109079467,0
0,0.0,10,1,15,bearish_kicker,177,-0.0932494850761911,0.0350792528792742,1.0,-0.132893873671199,0.3462556855102812,0
0,0.0,10,1,15,bullish_engulfing,1422,-0.0344021181849674,0.0287179711683669,1.0,-0.0323535074301515,0.1268917453870797,0
0,0.0,10,1,15,bullish_harami,592,-0.0618936661644621,-0.0206916886035977,1.0,-0.134779725685818,0.235257747866094,0
0,0.0,10,1,15,bullish_kicker,177,-0.0407934862292456,-0.061536404480445,1.0,-0.2645994912699584,0.4331319442192962,0
0,0.0,10,1,15,dark_cloud_cover,233,-0.0462032715445834,-0.0988122788624288,1.0,-0.2689600226283573,0.3503818177681818,0
0,0.0,10,1,15,dragonfly_doji,489,-0.0794820001301003,0.0598906257966676,1.0,-0.0671816463044101,0.2687486393853309,0
0,0.0,10,1,15,evening_star,39,-0.0356409084387077,-0.1739544425543319,1.0,-0.4918220610332098,0.6495757686587795,0
0,0.0,10,1,15,gravestone_doji,456,0.0180206894100818,-0.0355351016976973,1.0,-0.1749563154860231,0.2922963862465262,0
0,0.0,10,1,15,hammer,1594,-0.0552132836768282,-0.0181010248914001,1.0,-0.0863859233149715,0.1419374550662828,0
0,0.0,10,1,15,hanging_man,1636,-0.0374039167471141,-0.061546173845913,1.0,-0.1522481437529394,0.1891056682176624,0
0,0.0,10,1,15,inverted_hammer,1631,-0.0041903005351925,0.0213036825467381,1.0,-0.0577117103376146,0.1611223169377818,0
0,0.0,10,1,15,morning_star,68,0.2760462187236782,0.2167021216064744,1.0,-0.0345990241447398,0.5388129283573937,0
0,0.0,10,1,15,piercing_line,237,-0.0438831405656879,-0.1226374068871444,1.0,-0.2918186462795284,0.3487776226439382,0
0,0.0,10,1,15,shooting_star,1590,-0.0377938100472108,-0.0722531527032421,1.0,-0.1452773238450558,0.1522819008876114,0
0,0.0,10,1,15,three_black_crows,29,0.02430039347394,-0.0685414919405872,1.0,,,0
0,0.0,10,1,15,three_white_soldiers,17,-0.255226104536037,-0.0559154670757655,1.0,,,0
0,0.0,10,1,15,tweezer_bottom,3261,-0.0471209440445428,-0.0409383153734896,1.0,-0.0859553091767331,0.0935020198287137,0
0,0.0,10,1,15,tweezer_top,3174,-0.0214910462335474,-0.031568416715313,1.0,-0.0729713433706017,0.0859184810027586,0
0,0.0,10,1,30,bearish_engulfing,1466,-0.0597492289651977,-0.0621769536347043,1.0,-0.1281772883081035,0.1357093204537778,0
0,0.0,10,1,30,bearish_harami,574,-0.0344391643967693,-0.0641634698872668,1.0,-0.185791424818566,0.2460603989845699,0
0,0.0,10,1,30,bearish_kicker,177,-0.0932494850761911,0.034881498017723,1.0,-0.1870933889865653,0.4588564510108265,0
0,0.0,10,1,30,bullish_engulfing,1422,-0.0344021181849674,0.014907163112462,1.0,-0.0497672692444742,0.1351005955066203,0
0,0.0,10,1,30,bullish_harami,592,-0.0618936661644621,-0.0888395155150255,1.0,-0.2247372756188913,0.2774530948983284,0
0,0.0,10,1,30,bullish_kicker,177,-0.0407934862292456,-0.0045553743703565,1.0,-0.2014395292428255,0.4098542600356659,0
0,0.0,10,1,30,dark_cloud_cover,233,-0.0462032715445834,-0.0231711153005089,1.0,-0.216588626852828,0.4074814715094413,0
0,0.0,10,1,30,dragonfly_doji,489,-0.0794820001301003,0.1029686865753777,1.0,-0.0455798973477234,0.3055219101362995,0
0,0.0,10,1,30,evening_star,39,-0.0356409084387077,0.0297805987966186,1.0,-0.3022877486923608,0.6975865216029856,0
0,0.0,10,1,30,gravestone_doji,456,0.0180206894100818,0.050658113528168,1.0,-0.0956912434067669,0.3052771864983037,0
0,0.0,10,1,30,hammer,1594,-0.0552132836768282,0.0037425612094953,1.0,-0.0728168247587282,0.1591122830304495,0
0,0.0,10,1,30,hanging_man,1636,-0.0374039167471141,-0.0947350767140991,1.0,-0.1775281643769305,0.1713005958127522,0
0,0.0,10,1,30,inverted_hammer,1631,-0.0041903005351925,-0.0086407522155359,1.0,-0.0963988681402368,0.1807219573370128,0
0,0.0,10,1,30,morning_star,68,0.2760462187236782,0.2462014613646347,1.0,-0.0649567373154315,0.6484644869213869,0
0,0.0,10,1,30,piercing_line,237,-0.0438831405656879,0.0929927041574958,1.0,-0.0759383481807748,0.3505203015298743,0
0,0.0,10,1,30,shooting_star,1590,-0.0377938100472108,-0.0673385573591887,1.0,-0.1443085130588911,0.1581954642907955,0
0,0.0,10,1,30,three_black_crows,29,0.02430039347394,0.0563527531131819,1.0,,,0
0,0.0,10,1,30,three_white_soldiers,17,-0.255226104536037,-0.1663718756064846,1.0,,,0
0,0.0,10,1,30,tweezer_bottom,3261,-0.0471209440445428,-0.0180642194044758,1.0,-0.0659000477158601,0.0992421690796788,0
0,0.0,10,1,30,tweezer_top,3174,-0.0214910462335474,-0.0467281339441721,1.0,-0.0993317794413136,0.11195395955703,0
0,0.0,10,6,30,bearish_engulfing,1466,-0.0597492289651977,-0.0764444844103427,1.0,-0.1470816357784678,0.1429968762570647,0
0,0.0,10,6,30,bearish_harami,574,-0.0344391643967693,-0.0514287031615718,1.0,-0.1853532614849368,0.2724914180847881,0
0,0.0,10,6,30,bearish_kicker,177,-0.0932494850761911,-0.0513026454327004,1.0,-0.2767029297830616,0.4743237776906153,0
0,0.0,10,6,30,bullish_engulfing,1422,-0.0344021181849674,0.0282354092175772,1.0,-0.0405860136436956,0.143728403568916,0
0,0.0,10,6,30,bullish_harami,592,-0.0618936661644621,-0.0438071057856662,1.0,-0.1713560098297681,0.265983768825811,0
0,0.0,10,6,30,bullish_kicker,177,-0.0407934862292456,-0.0141137928468313,1.0,-0.2331125345511858,0.4535380704272385,0
0,0.0,10,6,30,dark_cloud_cover,233,-0.0462032715445834,-0.0337757815132985,1.0,-0.2281041244446169,0.405479696537597,0
0,0.0,10,6,30,dragonfly_doji,489,-0.0794820001301003,0.1636939513868562,0.9311068893110688,0.0057451129790937,0.329552843764034,0
0,0.0,10,6,30,evening_star,39,-0.0356409084387077,0.0503810935625702,1.0,-0.3404450047410592,0.8240075976941811,0
0,0.0,10,6,30,gravestone_doji,456,0.0180206894100818,-0.0037459229424013,1.0,-0.1523793822217731,0.3122114326998911,0
0,0.0,10,6,30,hammer,1594,-0.0552132836768282,0.0038111873634394,1.0,-0.0694699971082873,0.1515667727741563,0
0,0.0,10,6,30,hanging_man,1636,-0.0374039167471141,0.0046160668437342,1.0,-0.0878307124196002,0.1897033667192355,0
0,0.0,10,6,30,inverted_hammer,1631,-0.0041903005351925,0.035708821554117,1.0,-0.0574793765892349,0.193550027334553,0
0,0.0,10,6,30,morning_star,68,0.2760462187236782,0.2795911512521881,1.0,-0.0199764486025127,0.6196700055517709,0
0,0.0,10,6,30,piercing_line,237,-0.0438831405656879,0.0248466105757244,1.0,-0.1687423905629565,0.3987200387801111,0
0,0.0,10,6,30,shooting_star,1590,-0.0377938100472108,-0.0408845341221616,1.0,-0.1128260303417818,0.1510154908125492,0
0,0.0,10,6,30,three_black_crows,29,0.02430039347394,0.1344734579889427,1.0,,,0
0,0.0,10,6,30,three_white_soldiers,17,-0.255226104536037,-0.3241635072914282,1.0,,,0
0,0.0,10,6,30,tweezer_bottom,3261,-0.0471209440445428,-0.0418245398994057,1.0,-0.0939844662550635,0.1096268520311332,0
0,0.0,10,6,30,tweezer_top,3174,-0.0214910462335474,-0.0617368366178264,1.0,-0.1116261730597974,0.1044420903240349,0
0,0.0,10,11,30,bearish_engulfing,1466,-0.0597492289651977,-0.0852313136791556,1.0,-0.1575517162017889,0.1499173326784462,0
0,0.0,10,11,30,bearish_harami,574,-0.0344391643967693,-0.0900073085379902,1.0,-0.2262714305696972,0.2761513421597596,0
0,0.0,10,11,30,bearish_kicker,177,-0.0932494850761911,-0.0225443805299788,1.0,-0.2372611352004985,0.4542398312922496,0
0,0.0,10,11,30,bullish_engulfing,1422,-0.0344021181849674,0.0359999942828071,1.0,-0.0358384790736636,0.1487044105030109,0
0,0.0,10,11,30,bullish_harami,592,-0.0618936661644621,-0.0126832824052821,1.0,-0.1449893117690169,0.2762482093450615,0
0,0.0,10,11,30,bullish_kicker,177,-0.0407934862292456,0.0550354391367504,1.0,-0.1886007020062703,0.4920183069748904,0
0,0.0,10,11,30,dark_cloud_cover,233,-0.0462032715445834,0.02847919418962,1.0,-0.1621560978762761,0.400325103157794,0
0,0.0,10,11,30,dragonfly_doji,489,-0.0794820001301003,0.0727997843300996,1.0,-0.0764483583465936,0.3166360654490165,0
0,0.0,10,11,30,evening_star,39,-0.0356409084387077,0.0909495496633435,1.0,-0.2839370148771953,0.7662633701837063,0
0,0.0,10,11,30,gravestone_doji,456,0.0180206894100818,0.09234491314945,1.0,-0.055918330553745,0.3176188588917131,0
0,0.0,10,11,30,hammer,1594,-0.0552132836768282,-0.018221299929018,1.0,-0.0975103517057165,0.1647706560252149,0
0,0.0,10,11,30,hanging_man,1636,-0.0374039167471141,-0.0218479202545851,1.0,-0.1138652352239568,0.1883555505565011,0
0,0.0,10,11,30,inverted_hammer,1631,-0.0041903005351925,-0.0263039001186911,1.0,-0.123815643546673,0.1990702789788772,0
0,0.0,10,11,30,morning_star,68,0.2760462187236782,0.0978087702796929,1.0,-0.2290053354010117,0.6742855607883237,0
0,0.0,10,11,30,piercing_line,237,-0.0438831405656879,-0.0295591743793516,1.0,-0.224931840195857,0.4066815363268726,0
0,0.0,10,11,30,shooting_star,1590,-0.0377938100472108,-0.0175903899503609,1.0,-0.0949641098430199,0.1597465353830055,0
0,0.0,10,11,30,three_black_crows,29,0.02430039347394,0.1727710279088331,1.0,,,0
0,0.0,10,11,30,three_white_soldiers,17,-0.255226104536037,-0.4412153329121668,1.0,,,0
0,0.0,10,11,30,tweezer_bottom,3261,-0.0471209440445428,-0.0014492094698024,1.0,-0.0536239970712847,0.1080579280304325,0
0,0.0,10,11,30,tweezer_top,3174,-0.0214910462335474,-0.0442653565643645,1.0,-0.0919543191483484,0.1004638231348096,0
0,0.0,11,1,5,bearish_engulfing,1513,-0.0288995719193435,-0.0138416677597447,1.0,-0.0575586531705596,0.0906376668064531,0
0,0.0,11,1,5,bearish_harami,690,-0.0430892098102109,-0.0057693616410755,1.0,-0.0861294187002209,0.1688297507454306,0
0,0.0,11,1,5,bearish_kicker,184,-0.1551670972920895,0.013952507533731,1.0,-0.1468354295995189,0.3234605547835005,0
0,0.0,11,1,5,bullish_engulfing,1593,-0.0271868233307559,-0.0268852948947409,1.0,-0.0760813120259006,0.103166212350534,0
0,0.0,11,1,5,bullish_harami,656,0.0329125030173371,-0.0110620611804546,1.0,-0.0963769907511809,0.1773577219281387,0
0,0.0,11,1,5,bullish_kicker,192,0.0131833028606166,0.0801634509060216,1.0,-0.0503332186453796,0.2664160418218007,0
0,0.0,11,1,5,dark_cloud_cover,178,-0.0432970510137747,-0.0353269871924191,1.0,-0.174340890455322,0.2921230576051844,0
0,0.0,11,1,5,dragonfly_doji,518,0.0075782110679206,0.0946580581673449,1.0,-0.001865191932938,0.2048883528065434,0
0,0.0,11,1,5,evening_star,51,0.2927828620375066,0.1587324080400896,1.0,-0.1189298692867008,0.5787810332560979,0
0,0.0,11,1,5,gravestone_doji,512,-0.0816220491646934,-0.0615630627996377,1.0,-0.1722425372198337,0.2278695271717292,0
0,0.0,11,1,5,hammer,1492,-0.00322016004064,0.0384169768532871,1.0,-0.0256044506735474,0.1311411292746322,0
0,0.0,11,1,5,hanging_man,1637,-0.035859885960494,0.0421114742841067,1.0,-0.0302103650031551,0.1500025854291591,0
0,0.0,11,1,5,inverted_hammer,1546,-0.0087373138432591,0.0111762815434435,1.0,-0.0627993800909733,0.1538574932769717,0
0,0.0,11,1,5,morning_star,52,-0.086445737614777,0.084707513296202,1.0,-0.2091708790855485,0.6082054876852486,0
0,0.0,11,1,5,piercing_line,188,0.0080464730385195,-0.0179389519173757,1.0,-0.1583510125185185,0.290049910595701,0
0,0.0,11,1,5,shooting_star,1499,-0.0661546690866932,-0.0553684585174024,1.0,-0.1167475712649553,0.127598686529245,0
0,0.0,11,1,5,three_black_crows,15,-0.0323723967000575,0.0551852780493551,1.0,,,0
0,0.0,11,1,5,three_white_soldiers,20,0.067586794148616,0.2455420637991172,1.0,,,0
0,0.0,11,1,5,tweezer_bottom,3154,-0.0149170365090398,-0.0139053158114125,1.0,-0.0468617858428323,0.0694783488887161,0
0,0.0,11,1,5,tweezer_top,3060,-0.0262876489417739,0.0073495648424643,1.0,-0.0305525346407719,0.0801519426999563,0
0,0.0,11,1,15,bearish_engulfing,1513,-0.0288995719193435,0.05922604299029,1.0,-0.0076472599938415,0.1376005141307559,0
0,0.0,11,1,15,bearish_harami,690,-0.0430892098102109,-0.0084569469812544,1.0,-0.1148999629117412,0.2226193683375365,0
0,0.0,11,1,15,bearish_kicker,184,-0.1551670972920895,-0.0924978370576524,1.0,-0.2684244059555117,0.3680566727985273,0
0,0.0,11,1,15,bullish_engulfing,1593,-0.0271868233307559,-0.0257030609619536,1.0,-0.087968114265929,0.1307990217134466,0
0,0.0,11,1,15,bullish_harami,656,0.0329125030173371,0.0803734997625887,1.0,-0.0267548851472023,0.2260189568400063,0
0,0.0,11,1,15,bullish_kicker,192,0.0131833028606166,0.0003480311784383,1.0,-0.1669265947528358,0.3462326948753351,0
0,0.0,11,1,15,dark_cloud_cover,178,-0.0432970510137747,-0.1289474617711666,1.0,-0.2992906356232517,0.3454289957907095,0
0,0.0,11,1,15,dragonfly_doji,518,0.0075782110679206,0.0778634171863692,1.0,-0.0332892371602051,0.233119736266066,0
0,0.0,11,1,15,evening_star,51,0.2927828620375066,0.2989928059875352,1.0,-0.0534734760772197,0.7661448385519979,0
0,0.0,11,1,15,gravestone_doji,512,-0.0816220491646934,-0.014074397905303,1.0,-0.1433384547565408,0.2760427166528763,0
0,0.0,11,1,15,hammer,1492,-0.00322016004064,0.060787909181168,1.0,0.0023769375580049,0.1205467966598643,0
0,0.0,11,1,15,hanging_man,1637,-0.035859885960494,-0.0346393339182593,1.0,-0.124105557189695,0.1858217421271829,0
0,0.0,11,1,15,inverted_hammer,1546,-0.0087373138432591,0.0207496101053173,1.0,-0.0587365672780666,0.1640019483591666,0
0,0.0,11,1,15,morning_star,52,-0.086445737614777,0.2208485051309476,1.0,-0.0106826376216173,0.496877520532966,0
0,0.0,11,1,15,piercing_line,188,0.0080464730385195,0.1721248390913451,1.0,-0.0002012459014922,0.3623164580016,0
0,0.0,11,1,15,shooting_star,1499,-0.0661546690866932,-0.0323104884583467,1.0,-0.102871486479702,0.1468433342695516,0
0,0.0,11,1,15,three_black_crows,15,-0.0323723967000575,-0.2444199839079645,1.0,,,0
0,0.0,11,1,15,three_white_soldiers,20,0.067586794148616,0.0491799423491112,1.0,,,0
0,0.0,11,1,15,tweezer_bottom,3154,-0.0149170365090398,-0.013096494808089,1.0,-0.0507116431869452,0.0788940680900852,0
0,0.0,11,1,15,tweezer_top,3060,-0.0262876489417739,0.0037486096257602,1.0,-0.0460800807093648,0.1027778645538661,0
0,0.0,11,1,30,bearish_engulfing,1513,-0.0288995719193435,-0.0054038896231473,1.0,-0.0685934525147414,0.1283425124378724,0
0,0.0,11,1,30,bearish_harami,690,-0.0430892098102109,-0.0259472722656364,1.0,-0.1214143540297492,0.203459582496568,0
0,0.0,11,1,30,bearish_kicker,184,-0.1551670972920895,-0.0696470553013306,1.0,-0.2601727580683812,0.4009613432499288,0
0,0.0,11,1,30,bullish_engulfing,1593,-0.0271868233307559,0.0051969371559258,1.0,-0.0544530155702535,0.1287625529401202,0
0,0.0,11,1,30,bullish_harami,656,0.0329125030173371,0.0471802863946685,1.0,-0.0835571249187747,0.2715373354866804,0
0,0.0,11,1,30,bullish_kicker,192,0.0131833028606166,-0.0030026331266381,1.0,-0.1795074361910621,0.3850574672867516,0
0,0.0,11,1,30,dark_cloud_cover,178,-0.0432970510137747,-0.0959186663215889,1.0,-0.2928630839262807,0.4212624516802343,0
0,0.0,11,1,30,dragonfly_doji,518,0.0075782110679206,-0.0046050845133155,1.0,-0.1361902528443859,0.2690126430303322,0
0,0.0,11,1,30,evening_star,51,0.2927828620375066,0.5070137441765128,0.377962203779622,0.1344955778876453,0.8031459949724203,0
0,0.0,11,1,30,gravestone_doji,512,-0.0816220491646934,-0.1938896728098509,1.0,-0.3326798519863803,0.2946678299647329,0
0,0.0,11,1,30,hammer,1492,-0.00322016004064,0.0308630690064229,1.0,-0.0460051175709742,0.1612994561164156,0
0,0.0,11,1,30,hanging_man,1637,-0.035859885960494,0.0536563223496386,1.0,-0.0313810222516411,0.173306187328494,0
0,0.0,11,1,30,inverted_hammer,1546,-0.0087373138432591,-0.007900254533172,1.0,-0.0861252909866048,0.1641778096197891,0
0,0.0,11,1,30,morning_star,52,-0.086445737614777,0.1074649182960522,1.0,-0.2156518965310484,0.6542564716113062,0
0,0.0,11,1,30,piercing_line,188,0.0080464730385195,0.2596586743369156,0.467953204679532,0.0466109866678619,0.4434399631191769,0
0,0.0,11,1,30,shooting_star,1499,-0.0661546690866932,-0.053311142111927,1.0,-0.1320026694095834,0.1615517704334063,0
0,0.0,11,1,30,three_black_crows,15,-0.0323723967000575,0.0228360849104919,1.0,,,0
0,0.0,11,1,30,three_white_soldiers,20,0.067586794148616,0.1954326022948547,1.0,,,0
0,0.0,11,1,30,tweezer_bottom,3154,-0.0149170365090398,-0.011732742476453,1.0,-0.0551777121503206,0.0900707376569412,0
0,0.0,11,1,30,tweezer_top,3060,-0.0262876489417739,0.01367809271266,1.0,-0.0387581673662775,0.1101922784460393,0
0,0.0,11,6,30,bearish_engulfing,1513,-0.0288995719193435,-0.014835942082399,1.0,-0.0856926130981289,0.1447422514035267,0
0,0.0,11,6,30,bearish_harami,690,-0.0430892098102109,-0.0497843169377162,1.0,-0.1655290597058124,0.2422652460697392,0
0,0.0,11,6,30,bearish_kicker,184,-0.1551670972920895,-0.0677326264380995,1.0,-0.2639538834981191,0.4148541959824217,0
0,0.0,11,6,30,bullish_engulfing,1593,-0.0271868233307559,-0.030050968511466,1.0,-0.0902686297935861,0.1284006043382768,0
0,0.0,11,6,30,bullish_harami,656,0.0329125030173371,0.1151987404086982,1.0,-0.01799112639533,0.2771046879569593,0
0,0.0,11,6,30,bullish_kicker,192,0.0131833028606166,0.0794319848356836,1.0,-0.12575438094639,0.431373256464211,0
0,0.0,11,6,30,dark_cloud_cover,178,-0.0432970510137747,-0.0115790115011257,1.0,-0.2150645396700246,0.4333982158600337,0
0,0.0,11,6,30,dragonfly_doji,518,0.0075782110679206,0.0288734876630465,1.0,-0.1076695876140393,0.2757162270837518,0
0,0.0,11,6,30,evening_star,51,0.2927828620375066,0.4538723892400516,0.7235276472352764,0.0716172092948409,0.8245136684830868,0
0,0.0,11,6,30,gravestone_doji,512,-0.0816220491646934,-0.1017025358660447,1.0,-0.2503387169309654,0.312803388681202,0
0,0.0,11,6,30,hammer,1492,-0.00322016004064,0.0419479907552985,1.0,-0.0413520348539671,0.1728249123255693,0
0,0.0,11,6,30,hanging_man,1637,-0.035859885960494,0.0653299446506097,1.0,-0.0305704530455288,0.2014071468803024,0
0,0.0,11,6,30,inverted_hammer,1546,-0.0087373138432591,0.0037873749483687,1.0,-0.0842318576766595,0.1836792704568812,0
0,0.0,11,6,30,morning_star,52,-0.086445737614777,0.1194127785792761,1.0,-0.2224212161406442,0.7235661679290329,0
0,0.0,11,6,30,piercing_line,188,0.0080464730385195,0.1761606788949174,1.0,-0.0595225137182117,0.4852981296164175,0
0,0.0,11,6,30,shooting_star,1499,-0.0661546690866932,-0.0147431583849265,1.0,-0.0973994859100389,0.1764125696408933,0
0,0.0,11,6,30,three_black_crows,15,-0.0323723967000575,-0.0133657043462492,1.0,,,0
0,0.0,11,6,30,three_white_soldiers,20,0.067586794148616,0.1104283232732195,1.0,,,0
0,0.0,11,6,30,tweezer_bottom,3154,-0.0149170365090398,-0.0010760926072605,1.0,-0.0459238920731661,0.0918077154048253,0
0,0.0,11,6,30,tweezer_top,3060,-0.0262876489417739,0.0141507001634934,1.0,-0.0325514812353664,0.0967245296618405,0
0,0.0,11,11,30,bearish_engulfing,1513,-0.0288995719193435,0.0076320585491315,1.0,-0.0693333906695461,0.1555294211258253,0
0,0.0,11,11,30,bearish_harami,690,-0.0430892098102109,-0.0993307592848408,1.0,-0.226934321086612,0.2690159777482347,0
0,0.0,11,11,30,bearish_kicker,184,-0.1551670972920895,-0.152215906544736,1.0,-0.3435974082625278,0.4070308896881516,0
0,0.0,11,11,30,bullish_engulfing,1593,-0.0271868233307559,0.0174983338868075,1.0,-0.0481422938507311,0.1366100491196564,0
0,0.0,11,11,30,bullish_harami,656,0.0329125030173371,0.1334085838746022,1.0,0.000735624135288,0.2779378063203078,0
0,0.0,11,11,30,bullish_kicker,192,0.0131833028606166,-0.0086394080993356,1.0,-0.2345561919290789,0.482737418416135,0
0,0.0,11,11,30,dark_cloud_cover,178,-0.0432970510137747,0.0119154060439252,1.0,-0.2157557520102611,0.4795590239879458,0
0,0.0,11,11,30,dragonfly_doji,518,0.0075782110679206,-0.0045991051117014,1.0,-0.1454215413872162,0.2958321001692867,0
0,0.0,11,11,30,evening_star,51,0.2927828620375066,0.3968500880937756,1.0,0.0140285380911087,0.8247905372665384,0
0,0.0,11,11,30,gravestone_doji,512,-0.0816220491646934,-0.0417226544317075,1.0,-0.2138758154268831,0.3606599699976118,0
0,0.0,11,11,30,hammer,1492,-0.00322016004064,0.0662885654007267,1.0,-0.0158913564383138,0.168113376486056,0
0,0.0,11,11,30,hanging_man,1637,-0.035859885960494,0.0451402878586596,1.0,-0.0531532642582655,0.2082190415351616,0
0,0.0,11,11,30,inverted_hammer,1546,-0.0087373138432591,0.0399223106593065,1.0,-0.0650790899632968,0.2136215150840584,0
0,0.0,11,11,30,morning_star,52,-0.086445737614777,0.178778536946677,1.0,-0.1958889977269425,0.7923709929531594,0
0,0.0,11,11,30,piercing_line,188,0.0080464730385195,0.0571632929895827,1.0,-0.1443789325466782,0.421658212207569,0
0,0.0,11,11,30,shooting_star,1499,-0.0661546690866932,-0.0698732098800845,1.0,-0.1415985422045902,0.1512642246945568,0
0,0.0,11,11,30,three_black_crows,15,-0.0323723967000575,-0.0114837721568768,1.0,,,0
0,0.0,11,11,30,three_white_soldiers,20,0.067586794148616,0.0290981473643973,1.0,,,0
0,0.0,11,11,30,tweezer_bottom,3154,-0.0149170365090398,-0.0049571625890539,1.0,-0.053892026465493,0.1039493010463225,0
0,0.0,11,11,30,tweezer_top,3060,-0.0262876489417739,-0.0024118523819669,1.0,-0.0500182893562216,0.1007787044996475,0
0,0.0,12,1,5,bearish_engulfing,1494,-0.0532262056575993,-0.0056014716101396,1.0,-0.0463197584153117,0.0880888172030346,0
0,0.0,12,1,5,bearish_harami,702,-0.0005186166391452,0.1249436909906439,0.0377962203779622,0.0453077542555885,0.1642052137754567,1
0,0.0,12,1,5,bearish_kicker,162,0.0298719698094923,-0.0627983050608833,1.0,-0.2396696017301321,0.3747642841467447,0
0,0.0,12,1,5,bullish_engulfing,1503,-0.0868715592333539,0.0186743052519004,1.0,-0.0279608422476551,0.0946753047949975,0
0,0.0,12,1,5,bullish_harami,681,-0.0250981814440275,-0.005706973954516,1.0,-0.0986399741014212,0.1901132132235306,0
0,0.0,12,1,5,bullish_kicker,215,-0.1438430001824131,-0.0470305437401413,1.0,-0.1745727902312625,0.2677563322129189,0
0,0.0,12,1,5,dark_cloud_cover,181,-0.0594453673331765,0.047835874733151,1.0,-0.1085011098072799,0.3257221985986694,0
0,0.0,12,1,5,dragonfly_doji,763,-0.0943781699492826,-0.0148680845578568,1.0,-0.0932586975987579,0.1617714475401729,0
0,0.0,12,1,5,evening_star,62,-0.1866592406303093,-0.027605640325839,1.0,-0.1701920500212657,0.2980944112674631,0
0,0.0,12,1,5,gravestone_doji,762,-0.0633676334601879,-0.0360356226043108,1.0,-0.1183560336000925,0.1727548951462131,0
0,0.0,12,1,5,hammer,1666,-0.0486287288175282,-0.0051984460455469,1.0,-0.0595649247774377,0.113627577545064,0
0,0.0,12,1,5,hanging_man,1810,-0.044295863421553,0.0616894655498147,1.0,-0.0146849425116229,0.1562211747714326,0
0,0.0,12,1,5,inverted_hammer,1863,-0.0322188505709006,0.041520057578274,1.0,-0.0303219352694402,0.1480805283373751,0
0,0.0,12,1,5,morning_star,42,-0.1449998381308174,-0.0825075343020729,1.0,-0.3784900213040302,0.5855405290906602,0
0,0.0,12,1,5,piercing_line,215,0.0908356922513256,0.1480820632887793,0.4461553844615538,0.0321294696296767,0.2475563875283532,0
0,0.0,12,1,5,shooting_star,1667,-0.017625774602741,-0.0389917505909798,1.0,-0.0987057942775263,0.1240505830516952,0
0,0.0,12,1,5,three_black_crows,29,-0.0221786101840486,0.0868300711879243,1.0,,,0
0,0.0,12,1,5,three_white_soldiers,24,-0.1089332825330121,-0.1373995804000873,1.0,,,0
0,0.0,12,1,5,tweezer_bottom,2948,-0.0329028925259424,0.0363591324088143,1.0,-0.0037744087540694,0.084778862644526,0
0,0.0,12,1,5,tweezer_top,2899,0.0197342550611627,0.0443695540233178,0.3899610038996101,0.0067508162189242,0.0769314719430495,0
0,0.0,12,1,15,bearish_engulfing,1494,-0.0532262056575993,0.0043143979956731,1.0,-0.0527454188701743,0.1187838431641304,0
0,0.0,12,1,15,bearish_harami,702,-0.0005186166391452,0.0873203532855147,1.0,-0.0113237353310752,0.2093686492456976,0
0,0.0,12,1,15,bearish_kicker,162,0.0298719698094923,0.0302028258689833,1.0,-0.1619730216067116,0.4058307991017959,0
0,0.0,12,1,15,bullish_engulfing,1503,-0.0868715592333539,-0.0245109319076286,1.0,-0.0842451845762758,0.1263898457864651,0
0,0.0,12,1,15,bullish_harami,681,-0.0250981814440275,0.0254317966261918,1.0,-0.0692230029401663,0.1958657976613902,0
0,0.0,12,1,15,bullish_kicker,215,-0.1438430001824131,-0.133110441653568,1.0,-0.333719858801881,0.4072276270658008,0
0,0.0,12,1,15,dark_cloud_cover,181,-0.0594453673331765,0.0100348406928639,1.0,-0.1759094865184425,0.3895281683935226,0
0,0.0,12,1,15,dragonfly_doji,763,-0.0943781699492826,0.0386669760307737,1.0,-0.0578697570608365,0.2101440731865776,0
0,0.0,12,1,15,evening_star,62,-0.1866592406303093,-0.3770101500008991,1.0,-0.6368951236626159,0.5497500407569406,0
0,0.0,12,1,15,gravestone_doji,762,-0.0633676334601879,-0.0101098051058603,1.0,-0.1218843974325298,0.2302849000824932,0
0,0.0,12,1,15,hammer,1666,-0.0486287288175282,0.011374075564645,1.0,-0.0569981428130637,0.1447446180973396,0
0,0.0,12,1,15,hanging_man,1810,-0.044295863421553,0.0395383738661938,1.0,-0.0390571826832264,0.1613848615835706,0
0,0.0,12,1,15,inverted_hammer,1863,-0.0322188505709006,0.0752124344239844,0.9705029497050296,0.0029925506972559,0.1506909053176341,0
0,0.0,12,1,15,morning_star,42,-0.1449998381308174,-0.0760974288251799,1.0,-0.5116606089815786,0.8637090303618263,0
0,0.0,12,1,15,piercing_line,215,0.0908356922513256,0.181206384954908,0.3899610038996101,0.0289973730320469,0.3149828999390507,0
0,0.0,12,1,15,shooting_star,1667,-0.017625774602741,0.0194904995938281,1.0,-0.0492447655707958,0.1448556525814197,0
0,0.0,12,1,15,three_black_crows,29,-0.0221786101840486,0.1056816889596333,1.0,,,0
0,0.0,12,1,15,three_white_soldiers,24,-0.1089332825330121,-0.2436728655098479,1.0,,,0
0,0.0,12,1,15,tweezer_bottom,2948,-0.0329028925259424,0.0212767477554254,1.0,-0.0274881707050992,0.1022520967130299,0
0,0.0,12,1,15,tweezer_top,2899,0.0197342550611627,0.0885980214396149,0.0083991600839916,0.0441233590303488,0.0900757264001109,1
0,0.0,12,1,30,bearish_engulfing,1494,-0.0532262056575993,-0.0457928834622139,1.0,-0.1106184847071275,0.1365707523461163,0
0,0.0,12,1,30,bearish_harami,702,-0.0005186166391452,0.1655074986235665,0.2267773222677732,0.0506983742623123,0.2439546767132741,0
0,0.0,12,1,30,bearish_kicker,162,0.0298719698094923,-0.0917893888269206,1.0,-0.3199958795436416,0.4712491503429656,0
0,0.0,12,1,30,bullish_engulfing,1503,-0.0868715592333539,-0.0480175197365135,1.0,-0.1098688616489986,0.1283921080931228,0
0,0.0,12,1,30,bullish_harami,681,-0.0250981814440275,0.0065236557936392,1.0,-0.1068075633501247,0.2325101265177877,0
0,0.0,12,1,30,bullish_kicker,215,-0.1438430001824131,0.01103978788385,1.0,-0.1691028921070319,0.3809942640841127,0
0,0.0,12,1,30,dark_cloud_cover,181,-0.0594453673331765,0.0237540101566026,1.0,-0.1553804613139175,0.3838014752743111,0
0,0.0,12,1,30,dragonfly_doji,763,-0.0943781699492826,0.0141991964506602,1.0,-0.072726057779781,0.1897802395909884,0
0,0.0,12,1,30,evening_star,62,-0.1866592406303093,-0.4185059858904005,1.0,-0.7582152079520432,0.6964594942464143,0
0,0.0,12,1,30,gravestone_doji,762,-0.0633676334601879,0.000793175935553,1.0,-0.0969989262410221,0.2060197254974782,0
0,0.0,12,1,30,hammer,1666,-0.0486287288175282,-0.0618296604951039,1.0,-0.1444260133803592,0.1726951597248086,0
0,0.0,12,1,30,hanging_man,1810,-0.044295863421553,0.0526896157351099,1.0,-0.0355964787057233,0.184454619428601,0
0,0.0,12,1,30,inverted_hammer,1863,-0.0322188505709006,0.1034743645957448,0.4463553644635536,0.0180560622760706,0.1781235954949751,0
0,0.0,12,1,30,morning_star,42,-0.1449998381308174,0.0814796734068399,1.0,-0.3927644046406503,0.9379664245600248,0
0,0.0,12,1,30,piercing_line,215,0.0908356922513256,0.229802441668139,0.7221277872212778,0.02152256219164,0.4366180879864186,0
0,0.0,12,1,30,shooting_star,1667,-0.017625774602741,0.0229379046050157,1.0,-0.048286972078217,0.1503271485521378,0
0,0.0,12,1,30,three_black_crows,29,-0.0221786101840486,0.0870256930825449,1.0,,,0
0,0.0,12,1,30,three_white_soldiers,24,-0.1089332825330121,-0.1817232291973846,1.0,,,0
0,0.0,12,1,30,tweezer_bottom,2948,-0.0329028925259424,-0.0127312303047834,1.0,-0.0635657482837802,0.1057653635849184,0
0,0.0,12,1,30,tweezer_top,2899,0.0197342550611627,0.0348187259227103,1.0,-0.009396646791348,0.0924735807946323,0
0,0.0,12,6,30,bearish_engulfing,1494,-0.0532262056575993,-0.0346700583207279,1.0,-0.1106331723608455,0.1576654050817291,0
0,0.0,12,6,30,bearish_harami,702,-0.0005186166391452,0.1503283437332394,0.2443755624437556,0.038414688421138,0.2332675229378722,0
0,0.0,12,6,30,bearish_kicker,162,0.0298719698094923,-0.06609956046731,1.0,-0.3206567772832425,0.5348829948474945,0
0,0.0,12,6,30,bullish_engulfing,1503,-0.0868715592333539,-0.0823422740250817,1.0,-0.1501548989467081,0.1447129547832575,0
0,0.0,12,6,30,bullish_harami,681,-0.0250981814440275,-0.0274337351108865,1.0,-0.1379747693910762,0.2311218431906083,0
0,0.0,12,6,30,bullish_kicker,215,-0.1438430001824131,-0.0295265688158283,1.0,-0.2264692204863071,0.4158790994812107,0
0,0.0,12,6,30,dark_cloud_cover,181,-0.0594453673331765,-0.0655769167990943,1.0,-0.2822548486165871,0.4519659754491344,0
0,0.0,12,6,30,dragonfly_doji,763,-0.0943781699492826,0.0216303294512581,1.0,-0.0910367254588278,0.2467379343691189,0
0,0.0,12,6,30,evening_star,62,-0.1866592406303093,-0.524467591345326,1.0,-0.8894148466578666,0.7759769928997924,0
0,0.0,12,6,30,gravestone_doji,762,-0.0633676334601879,0.0281854566416582,1.0,-0.0920935278456655,0.2471394115033064,0
0,0.0,12,6,30,hammer,1666,-0.0486287288175282,-0.0360783766081998,1.0,-0.1177284469233564,0.173560388900088,0
0,0.0,12,6,30,hanging_man,1810,-0.044295863421553,0.0462822104133452,1.0,-0.0503305483759222,0.1991610215512556,0
0,0.0,12,6,30,inverted_hammer,1863,-0.0322188505709006,0.1084458998124477,0.1565843415658434,0.0306001615164592,0.1624694076570251,0
0,0.0,12,6,30,morning_star,42,-0.1449998381308174,0.0889351937104839,1.0,-0.3829172822590282,0.9535337386835137,0
0,0.0,12,6,30,piercing_line,215,0.0908356922513256,0.1450240146885525,1.0,-0.063873321274984,0.4340421952925006,0
0,0.0,12,6,30,shooting_star,1667,-0.017625774602741,0.0456966422131588,1.0,-0.0201288124780834,0.1394249676625015,0
0,0.0,12,6,30,three_black_crows,29,-0.0221786101840486,-0.1705438587625786,1.0,,,0
0,0.0,12,6,30,three_white_soldiers,24,-0.1089332825330121,-0.1299099185572629,1.0,,,0
0,0.0,12,6,30,tweezer_bottom,2948,-0.0329028925259424,0.0084327407309883,1.0,-0.0395238279333867,0.099391419343271,0
0,0.0,12,6,30,tweezer_top,2899,0.0197342550611627,0.0474426341710212,1.0,-0.0045514174861696,0.1068342530342861,0
0,0.0,12,11,30,bearish_engulfing,1494,-0.0532262056575993,-0.0222875961176756,1.0,-0.098993715669808,0.1615654624981021,0
0,0.0,12,11,30,bearish_harami,702,-0.0005186166391452,0.1522890927128999,0.3955604439556044,0.0300097821956846,0.2554512463549011,0
0,0.0,12,11,30,bearish_kicker,162,0.0298719698094923,-0.0079111385505817,1.0,-0.2748322111437398,0.5559173666105639,0
0,0.0,12,11,30,bullish_engulfing,1503,-0.0868715592333539,-0.0254865098728159,1.0,-0.0896730909503421,0.1330635567073179,0
0,0.0,12,11,30,bullish_harami,681,-0.0250981814440275,-0.0345487155379725,1.0,-0.1390585551442209,0.2182601594978019,0
0,0.0,12,11,30,bullish_kicker,215,-0.1438430001824131,-0.0733324620715322,1.0,-0.2514315186344372,0.3817760756718613,0
0,0.0,12,11,30,dark_cloud_cover,181,-0.0594453673331765,-0.0962083602476858,1.0,-0.331418387589906,0.4801668587427783,0
0,0.0,12,11,30,dragonfly_doji,763,-0.0943781699492826,-0.0670620831973458,1.0,-0.1726986803748874,0.237253318274457,0
0,0.0,12,11,30,evening_star,62,-0.1866592406303093,-0.496251463224976,1.0,-0.8584748474054736,0.7768552249373759,0
0,0.0,12,11,30,gravestone_doji,762,-0.0633676334601879,0.0235321892424564,1.0,-0.0882894309300227,0.2312836516870061,0
0,0.0,12,11,30,hammer,1666,-0.0486287288175282,-0.0122185077702481,1.0,-0.0919097989860668,0.1708199115059905,0
0,0.0,12,11,30,hanging_man,1810,-0.044295863421553,0.1030755985695547,0.3899610038996101,0.0183413486297957,0.1765943082612724,0
0,0.0,12,11,30,inverted_hammer,1863,-0.0322188505709006,0.0576653341606178,1.0,-0.0329310300972238,0.1860163503976457,0
0,0.0,12,11,30,morning_star,42,-0.1449998381308174,-0.0163498123818524,1.0,-0.5012649600511909,0.9682512173312896,0
0,0.0,12,11,30,piercing_line,215,0.0908356922513256,0.1625724523229663,1.0,-0.0420481088890824,0.4204687188011839,0
0,0.0,12,11,30,shooting_star,1667,-0.017625774602741,0.0421695716300008,1.0,-0.0321018584222939,0.1561963762960052,0
0,0.0,12,11,30,three_black_crows,29,-0.0221786101840486,-0.2352341952328998,1.0,,,0
0,0.0,12,11,30,three_white_soldiers,24,-0.1089332825330121,-0.1600346452936716,1.0,,,0
0,0.0,12,11,30,tweezer_bottom,2948,-0.0329028925259424,-0.034875170439923,1.0,-0.0893353759448909,0.1162715297010342,0
0,0.0,12,11,30,tweezer_top,2899,0.0197342550611627,0.0689264988195454,0.1133886611338866,0.0204857617125809,0.0988677489749781,0
0,0.0,13,1,5,bearish_engulfing,1574,0.0085327055376011,0.0161946751837688,1.0,-0.0326447189205202,0.1018054728540898,0
0,0.0,13,1,5,bearish_harami,673,-0.0135823156155255,-0.0712051615994675,1.0,-0.1485654914075213,0.1627616701891381,0
0,0.0,13,1,5,bearish_kicker,195,-0.0482737274750405,0.0408789699910691,1.0,-0.0875457990949813,0.2641821242215369,0
0,0.0,13,1,5,bullish_engulfing,1578,-0.0038673116668007,0.0055452777071211,1.0,-0.0383681495175679,0.09089973666624,0
0,0.0,13,1,5,bullish_harami,616,-0.0241348552976574,0.0687987454856347,1.0,-0.011817370301001,0.1697709598688159,0
0,0.0,13,1,5,bullish_kicker,184,-0.0425814513041601,-0.0331165765886877,1.0,-0.2020130414339697,0.344881087479623,0
0,0.0,13,1,5,dark_cloud_cover,216,-0.020350216645474,-0.0409924844008479,1.0,-0.1708897667213204,0.2622718186490842,0
0,0.0,13,1,5,dragonfly_doji,461,-0.1016568101879203,-0.0540767109984257,1.0,-0.1566552703302109,0.2143034945722416,0
0,0.0,13,1,5,evening_star,48,0.0396260816289618,0.0154827784256018,1.0,-0.1871298213324883,0.4154802843848371,0
0,0.0,13,1,5,gravestone_doji,461,-0.0393006024763734,0.0514147738939155,1.0,-0.0556582385841775,0.2222274962548873,0
0,0.0,13,1,5,hammer,1510,-0.066885696769626,-0.0342036322464659,1.0,-0.0885652414874556,0.1118740446888013,0
0,0.0,13,1,5,hanging_man,1632,-0.025149585350323,0.007955979419719,1.0,-0.0741239267207663,0.1688887345934196,0
0,0.0,13,1,5,inverted_hammer,1611,-0.0376068223488228,-0.0571205692013932,1.0,-0.1469388166708321,0.1890306225445494,0
0,0.0,13,1,5,morning_star,37,-0.1104779641976859,0.003685574650121,1.0,-0.249676071212162,0.5254142488245024,0
0,0.0,13,1,5,piercing_line,177,0.0643759039576384,0.0693641058921031,1.0,-0.0405579613167843,0.2324962133162794,0
0,0.0,13,1,5,shooting_star,1499,-0.0198658379983193,0.0393724892914316,1.0,-0.0209037122810095,0.1233141360726698,0
0,0.0,13,1,5,three_black_crows,24,-0.2449947432841677,-0.1405223220664775,1.0,,,0
0,0.0,13,1,5,three_white_soldiers,20,-0.1059355496559204,-0.036851393308329,1.0,,,0
0,0.0,13,1,5,tweezer_bottom,3107,-0.0221374208139046,-0.0202189733315417,1.0,-0.0519581603093206,0.0674462540251726,0
0,0.0,13,1,5,tweezer_top,3162,-0.047372247868497,-0.0405452843759969,1.0,-0.0748043058768298,0.0708658242239768,0
0,0.0,13,1,15,bearish_engulfing,1574,0.0085327055376011,0.0235836659680522,1.0,-0.03770245280006,0.1303495946452783,0
0,0.0,13,1,15,bearish_harami,673,-0.0135823156155255,0.0047186998857567,1.0,-0.0928048082028957,0.2069704440867256,0
0,0.0,13,1,15,bearish_kicker,195,-0.0482737274750405,-0.0179821444670894,1.0,-0.1909806162647503,0.3576283559650453,0
0,0.0,13,1,15,bullish_engulfing,1578,-0.0038673116668007,0.054870005607956,0.9503049695030498,0.0027479051916813,0.1049134578113399,0
0,0.0,13,1,15,bullish_harami,616,-0.0241348552976574,-0.0490198180720298,1.0,-0.1436777298507919,0.2029328533976815,0
0,0.0,13,1,15,bullish_kicker,184,-0.0425814513041601,0.1010776389301411,1.0,-0.087277901306984,0.4029019691862182,0
0,0.0,13,1,15,dark_cloud_cover,216,-0.020350216645474,-0.0549799306475099,1.0,-0.2427631614694561,0.3868135757374196,0
0,0.0,13,1,15,dragonfly_doji,461,-0.1016568101879203,-0.094154664531716,1.0,-0.2351517127917648,0.2861660530253048,0
0,0.0,13,1,15,evening_star,48,0.0396260816289618,0.2676530307798478,1.0,-0.0297270058299122,0.6227961480473675,0
0,0.0,13,1,15,gravestone_doji,461,-0.0393006024763734,0.0528998716843253,1.0,-0.0650611626103365,0.2469552052810503,0
0,0.0,13,1,15,hammer,1510,-0.066885696769626,-0.0109183952234784,1.0,-0.0766773939603037,0.1400497523273452,0
0,0.0,13,1,15,hanging_man,1632,-0.025149585350323,0.0295764617763359,1.0,-0.0552010933161796,0.1763615178319021,0
0,0.0,13,1,15,inverted_hammer,1611,-0.0376068223488228,-0.0337608869901534,1.0,-0.1114669615523058,0.1601272290244498,0
0,0.0,13,1,15,morning_star,37,-0.1104779641976859,-0.301811226631944,1.0,-0.7606155485538565,0.9680629136862416,0
0,0.0,13,1,15,piercing_line,177,0.0643759039576384,0.0200989491103335,1.0,-0.1469127381401087,0.3604680313340748,0
0,0.0,13,1,15,shooting_star,1499,-0.0198658379983193,0.0411054767775254,1.0,-0.0353679976184104,0.1576223785517765,0
0,0.0,13,1,15,three_black_crows,24,-0.2449947432841677,0.0019878775208397,1.0,,,0
0,0.0,13,1,15,three_white_soldiers,20,-0.1059355496559204,-0.0525370663084608,1.0,,,0
0,0.0,13,1,15,tweezer_bottom,3107,-0.0221374208139046,0.0043398128350434,1.0,-0.0329002896310048,0.0781725436196424,0
0,0.0,13,1,15,tweezer_top,3162,-0.047372247868497,-0.0152090565423965,1.0,-0.0550091117040378,0.0848655776741917,0
0,0.0,13,1,30,bearish_engulfing,1574,0.0085327055376011,0.0202829630714034,1.0,-0.0504117264197202,0.14830129303988,0
0,0.0,13,1,30,bearish_harami,673,-0.0135823156155255,-0.0296069789205787,1.0,-0.1511820206477807,0.2541738910747061,0
0,0.0,13,1,30,bearish_kicker,195,-0.0482737274750405,0.0178306434640741,1.0,-0.1868812538313446,0.4288778909089155,0
0,0.0,13,1,30,bullish_engulfing,1578,-0.0038673116668007,-0.0034111586812375,1.0,-0.0601077870838609,0.1151974328412816,0
0,0.0,13,1,30,bullish_harami,616,-0.0241348552976574,0.0041429464886063,1.0,-0.1038251614012124,0.2329810071814945,0
0,0.0,13,1,30,bullish_kicker,184,-0.0425814513041601,0.0921425479573017,1.0,-0.1454746228985563,0.4982985893285163,0
0,0.0,13,1,30,dark_cloud_cover,216,-0.020350216645474,-0.0073006963275721,1.0,-0.2153798715769115,0.4242002435007198,0
0,0.0,13,1,30,dragonfly_doji,461,-0.1016568101879203,-0.1091106422793733,1.0,-0.2504432370878958,0.2910446992147791,0
0,0.0,13,1,30,evening_star,48,0.0396260816289618,0.1659772197292108,1.0,-0.265585774453987,0.8888606944493316,0
0,0.0,13,1,30,gravestone_doji,461,-0.0393006024763734,-0.011507325981549,1.0,-0.1548269173074566,0.2990014759406739,0
0,0.0,13,1,30,hammer,1510,-0.066885696769626,-0.0556191111336927,1.0,-0.1437196784244342,0.1842898289466156,0
0,0.0,13,1,30,hanging_man,1632,-0.025149585350323,0.0111252011981761,1.0,-0.0803388049247129,0.1936834396735987,0
0,0.0,13,1,30,inverted_hammer,1611,-0.0376068223488228,0.0194288139995973,1.0,-0.0809353905927568,0.2088728187511238,0
0,0.0,13,1,30,morning_star,37,-0.1104779641976859,-0.234449680217849,1.0,-0.7051405577144062,0.9983661435267028,0
0,0.0,13,1,30,piercing_line,177,0.0643759039576384,0.2098659963341684,0.5885411458854114,0.0369353915249035,0.3679275251526562,0
0,0.0,13,1,30,shooting_star,1499,-0.0198658379983193,0.0129453736411622,1.0,-0.068662411108337,0.1697665163095847,0
0,0.0,13,1,30,three_black_crows,24,-0.2449947432841677,-0.3836773592402207,1.0,,,0
0,0.0,13,1,30,three_white_soldiers,20,-0.1059355496559204,0.1100839531084739,1.0,,,0
0,0.0,13,1,30,tweezer_bottom,3107,-0.0221374208139046,0.0063599859756322,1.0,-0.0385440551357948,0.0944664253294445,0
0,0.0,13,1,30,tweezer_top,3162,-0.047372247868497,-0.0347329228884521,1.0,-0.0835928085952671,0.1032458590722455,0
0,0.0,13,6,30,bearish_engulfing,1574,0.0085327055376011,0.0162740583154619,1.0,-0.055521180299104,0.1480223693902745,0
0,0.0,13,6,30,bearish_harami,673,-0.0135823156155255,0.0055531197520432,1.0,-0.1205355177686258,0.2645400185858652,0
0,0.0,13,6,30,bearish_kicker,195,-0.0482737274750405,-0.0057945828244555,1.0,-0.2019367585628438,0.4086213591276306,0
0,0.0,13,6,30,bullish_engulfing,1578,-0.0038673116668007,0.0107887481873711,1.0,-0.0505426817386053,0.1248884861708733,0
0,0.0,13,6,30,bullish_harami,616,-0.0241348552976574,-0.0442715380278111,1.0,-0.1683504069201751,0.2593440685237864,0
0,0.0,13,6,30,bullish_kicker,184,-0.0425814513041601,-0.0732327018869587,1.0,-0.3009945858955534,0.4779063026834698,0
0,0.0,13,6,30,dark_cloud_cover,216,-0.020350216645474,-0.0581588992218892,1.0,-0.2718829493778536,0.436949361136688,0
0,0.0,13,6,30,dragonfly_doji,461,-0.1016568101879203,-0.1464408647605818,1.0,-0.3078848452911275,0.3317854857244569,0
0,0.0,13,6,30,evening_star,48,0.0396260816289618,0.1064730296822809,1.0,-0.3032057019410116,0.8814786277746559,0
0,0.0,13,6,30,gravestone_doji,461,-0.0393006024763734,-0.0362170924116484,1.0,-0.1872677571794391,0.3129631842935765,0
0,0.0,13,6,30,hammer,1510,-0.066885696769626,-0.0864802899198842,1.0,-0.17741244164099,0.1864577572953352,0
0,0.0,13,6,30,hanging_man,1632,-0.025149585350323,-0.003265686389871,1.0,-0.0896373495797886,0.1826445131584767,0
0,0.0,13,6,30,inverted_hammer,1611,-0.0376068223488228,-0.0326408811952214,1.0,-0.1328407029220775,0.2081258501059543,0
0,0.0,13,6,30,morning_star,37,-0.1104779641976859,-0.0774154552397807,1.0,-0.5521856606714748,1.0077857756111426,0
0,0.0,13,6,30,piercing_line,177,0.0643759039576384,0.218269032234304,0.9395060493950604,0.0180032358549381,0.412990175027564,0
0,0.0,13,6,30,shooting_star,1499,-0.0198658379983193,0.0342793829001629,1.0,-0.0507014255599015,0.1789695633453636,0
0,0.0,13,6,30,three_black_crows,24,-0.2449947432841677,-0.5129030312941547,1.0,,,0
0,0.0,13,6,30,three_white_soldiers,20,-0.1059355496559204,-0.1404085027961482,1.0,,,0
0,0.0,13,6,30,tweezer_bottom,3107,-0.0221374208139046,0.0045011935161588,1.0,-0.0433175365591964,0.0988109283278018,0
0,0.0,13,6,30,tweezer_top,3162,-0.047372247868497,-0.0275759143183012,1.0,-0.0779423675032542,0.1077622107944109,0
0,0.0,13,11,30,bearish_engulfing,1574,0.0085327055376011,-0.0224491363320629,1.0,-0.0997771302120802,0.1587258217641408,0
0,0.0,13,11,30,bearish_harami,673,-0.0135823156155255,-0.0648578432064931,1.0,-0.1997496108844977,0.2731572798494956,0
0,0.0,13,11,30,bearish_kicker,195,-0.0482737274750405,-0.1651446657624177,1.0,-0.374518918654057,0.4474293060978013,0
0,0.0,13,11,30,bullish_engulfing,1578,-0.0038673116668007,0.0068541364493934,1.0,-0.0622840170958335,0.1432518122676347,0
0,0.0,13,11,30,bullish_harami,616,-0.0241348552976574,-0.024183349925492,1.0,-0.1516932783579096,0.2644630326417447,0
0,0.0,13,11,30,bullish_kicker,184,-0.0425814513041601,-0.1081148772916025,1.0,-0.3765541170138426,0.5541318483344249,0
0,0.0,13,11,30,dark_cloud_cover,216,-0.020350216645474,-0.0358487969704275,1.0,-0.263928630186282,0.4675530693768136,0
0,0.0,13,11,30,dragonfly_doji,461,-0.1016568101879203,-0.1535894236833358,1.0,-0.3004845184347464,0.3069206015574628,0
0,0.0,13,11,30,evening_star,48,0.0396260816289618,0.0561060657372712,1.0,-0.4118830069469977,0.977607166631964,0
0,0.0,13,11,30,gravestone_doji,461,-0.0393006024763734,0.060335779219689,1.0,-0.0971292612978628,0.3308145595119215,0
0,0.0,13,11,30,hammer,1510,-0.066885696769626,-0.1159715099287071,1.0,-0.1970526956023422,0.1677737120434801,0
0,0.0,13,11,30,hanging_man,1632,-0.025149585350323,0.0184933861862876,1.0,-0.0723629970248686,0.1909058309369073,0
0,0.0,13,11,30,inverted_hammer,1611,-0.0376068223488228,0.0033337374996185,1.0,-0.1014805459474737,0.2189706746488635,0
0,0.0,13,11,30,morning_star,37,-0.1104779641976859,0.1336514162347236,1.0,-0.3715071386220452,1.0206653428326773,0
0,0.0,13,11,30,piercing_line,177,0.0643759039576384,0.2634225636910123,0.5021497850214979,0.0518971255705374,0.4426484635759244,0
0,0.0,13,11,30,shooting_star,1499,-0.0198658379983193,-0.0052727557314409,1.0,-0.0853130947299181,0.1664918740792658,0
0,0.0,13,11,30,three_black_crows,24,-0.2449947432841677,-0.5748565941933766,1.0,,,0
0,0.0,13,11,30,three_white_soldiers,20,-0.1059355496559204,-0.2305859589955022,1.0,,,0
0,0.0,13,11,30,tweezer_bottom,3107,-0.0221374208139046,0.0278751969180592,1.0,-0.0221912062769256,0.1019971078798214,0
0,0.0,13,11,30,tweezer_top,3162,-0.047372247868497,-0.0071498951512514,1.0,-0.0584906243108801,0.107930302354474,0
0,0.0,14,1,5,bearish_engulfing,1458,-0.0374797000778897,-0.0168305818622627,1.0,-0.0603484834212263,0.0918450260102568,0
0,0.0,14,1,5,bearish_harami,652,-0.080164879434442,-0.1449600360476581,1.0,-0.2365177462054171,0.1903901741009046,0
0,0.0,14,1,5,bearish_kicker,181,-0.1832333762871699,-0.1016203586246833,1.0,-0.2664111461111493,0.3413762046690374,0
0,0.0,14,1,5,bullish_engulfing,1552,-0.0387905189214097,-0.0056007032561903,1.0,-0.0467733854633924,0.0865732561264894,0
0,0.0,14,1,5,bullish_harami,619,0.02421867608426,-0.028878277967933,1.0,-0.1101381546593104,0.1704670294005074,0
0,0.0,14,1,5,bullish_kicker,181,-0.0860708268792955,-0.0217535997133816,1.0,-0.1642609917468959,0.2919472029996527,0
0,0.0,14,1,5,dark_cloud_cover,225,-0.1450375736145228,-0.0027313637104881,1.0,-0.1258761721515279,0.2646232019522739,0
0,0.0,14,1,5,dragonfly_doji,441,0.0293754708757224,-0.0152396685890905,1.0,-0.1411237021198258,0.2567749991226485,0
0,0.0,14,1,5,evening_star,55,-0.0509818592278191,-0.0548540737098542,1.0,-0.3143269213394904,0.5331451835941471,0
0,0.0,14,1,5,gravestone_doji,464,0.0553344070105447,0.0523838264071697,1.0,-0.0451010479033628,0.2046162875614834,0
0,0.0,14,1,5,hammer,1531,-0.0229420223701541,-0.0371786449404673,1.0,-0.1047065393790226,0.1380051375686196,0
0,0.0,14,1,5,hanging_man,1636,-0.0525458424146851,-0.0038077286418326,1.0,-0.0701561856067563,0.1350131854755041,0
0,0.0,14,1,5,inverted_hammer,1767,0.0129857363274988,-0.0617135784694723,1.0,-0.1338499871699881,0.15208986876473,0
0,0.0,14,1,5,morning_star,62,-0.2002506822651438,0.0046627096756131,1.0,-0.2635250252289117,0.5695236623407576,0
0,0.0,14,1,5,piercing_line,227,-0.0080627157210461,0.0231982290385163,1.0,-0.112722340123527,0.2956291171956843,0
0,0.0,14,1,5,shooting_star,1550,0.0134367369458085,-0.043057530806873,1.0,-0.1035906775890294,0.1250979455608859,0
0,0.0,14,1,5,three_black_crows,19,0.1438102641332129,-0.1042081148136655,1.0,,,0
0,0.0,14,1,5,three_white_soldiers,22,0.2117223810800312,0.0265590518062679,1.0,,,0
0,0.0,14,1,5,tweezer_bottom,3246,-0.0384896225131878,-0.0279583114770023,1.0,-0.0640976394322519,0.0745738592049019,0
0,0.0,14,1,5,tweezer_top,3187,-0.0184562028933252,-0.0102042531515514,1.0,-0.0430567038414186,0.069766011301056,0
0,0.0,14,1,15,bearish_engulfing,1458,-0.0374797000778897,-0.0064750178973763,1.0,-0.0624781731365971,0.1196071806846782,0
0,0.0,14,1,15,bearish_harami,652,-0.080164879434442,-0.1215868490450707,1.0,-0.2376524538109904,0.2432837603810858,0
0,0.0,14,1,15,bearish_kicker,181,-0.1832333762871699,-0.0876577239598128,1.0,-0.2603227202069134,0.3654657432689167,0
0,0.0,14,1,15,bullish_engulfing,1552,-0.0387905189214097,-0.030821295884699,1.0,-0.0848240551795216,0.1133106782305949,0
0,0.0,14,1,15,bullish_harami,619,0.02421867608426,-0.0174351242764221,1.0,-0.1242875463150253,0.2232918917616573,0
0,0.0,14,1,15,bullish_kicker,181,-0.0860708268792955,0.0316656789916921,1.0,-0.161594125919748,0.3942908068913568,0
0,0.0,14,1,15,dark_cloud_cover,225,-0.1450375736145228,0.0430575116708986,1.0,-0.1099542137715178,0.3281090390079075,0
0,0.0,14,1,15,dragonfly_doji,441,0.0293754708757224,0.0791591678770265,1.0,-0.0676407528022453,0.303053859172786,0
0,0.0,14,1,15,evening_star,55,-0.0509818592278191,-0.0078869505713415,1.0,-0.3280816496172271,0.6801274796682989,0
0,0.0,14,1,15,gravestone_doji,464,0.0553344070105447,0.1117149842850064,1.0,-0.0263049022932388,0.2853450890699593,0
0,0.0,14,1,15,hammer,1531,-0.0229420223701541,-0.0101027179643434,1.0,-0.0822407980798861,0.1512448923542739,0
0,0.0,14,1,15,hanging_man,1636,-0.0525458424146851,-0.0525429568125618,1.0,-0.1389546527562565,0.1774290533324252,0
0,0.0,14,1,15,inverted_hammer,1767,0.0129857363274988,0.0106177909075253,1.0,-0.0723479776703291,0.1722611927652836,0
0,0.0,14,1,15,morning_star,62,-0.2002506822651438,0.0831823997019953,1.0,-0.206907125509734,0.6247162185330841,0
0,0.0,14,1,15,piercing_line,227,-0.0080627157210461,-0.0308419568104262,1.0,-0.2004784327520947,0.3647077544974664,0
0,0.0,14,1,15,shooting_star,1550,0.0134367369458085,0.0304063061597625,1.0,-0.0453158647136376,0.158321115273212,0
0,0.0,14,1,15,three_black_crows,19,0.1438102641332129,-0.1613582771567615,1.0,,,0
0,0.0,14,1,15,three_white_soldiers,22,0.2117223810800312,-0.0725553730457194,1.0,,,0
0,0.0,14,1,15,tweezer_bottom,3246,-0.0384896225131878,-0.0616857909200038,1.0,-0.1091690123561654,0.0990034610396736,0
0,0.0,14,1,15,tweezer_top,3187,-0.0184562028933252,-0.0031986533515157,1.0,-0.0425639076210183,0.0847347353889788,0
0,0.0,14,1,30,bearish_engulfing,1458,-0.0374797000778897,0.0359688239884586,1.0,-0.0277855365814407,0.135663577785008,0
0,0.0,14,1,30,bearish_harami,652,-0.080164879434442,-0.0640992829344434,1.0,-0.1905479500404298,0.267711455687027,0
0,0.0,14,1,30,bearish_kicker,181,-0.1832333762871699,-0.1697895539963149,1.0,-0.3936482531908273,0.4825140668335515,0
0,0.0,14,1,30,bullish_engulfing,1552,-0.0387905189214097,-0.0479190770277384,1.0,-0.1108929671556995,0.1339361131184361,0
0,0.0,14,1,30,bullish_harami,619,0.02421867608426,0.0639683760354049,1.0,-0.0480336393711987,0.2348688601176005,0
0,0.0,14,1,30,bullish_kicker,181,-0.0860708268792955,0.0139877617515,1.0,-0.2135011761555882,0.4752360561550042,0
0,0.0,14,1,30,dark_cloud_cover,225,-0.1450375736145228,0.0519278226412995,1.0,-0.1338735487347569,0.3911074360696859,0
0,0.0,14,1,30,dragonfly_doji,441,0.0293754708757224,0.0253145473792152,1.0,-0.1294208313775209,0.3212057344916859,0
0,0.0,14,1,30,evening_star,55,-0.0509818592278191,-0.0618164444258871,1.0,-0.4028571099177615,0.7284299455066285,0
0,0.0,14,1,30,gravestone_doji,464,0.0553344070105447,-0.0011804510950412,1.0,-0.1547042704879686,0.3219902917500345,0
0,0.0,14,1,30,hammer,1531,-0.0229420223701541,-0.0168970542204873,1.0,-0.0957211740573751,0.164276325914498,0
0,0.0,14,1,30,hanging_man,1636,-0.0525458424146851,-0.0353870644233844,1.0,-0.1156459754696472,0.1658295708447806,0
0,0.0,14,1,30,inverted_hammer,1767,0.0129857363274988,-0.0601774007858262,1.0,-0.1410476849673206,0.166156590196911,0
0,0.0,14,1,30,morning_star,62,-0.2002506822651438,-0.0607421237438985,1.0,-0.351074838632016,0.6233584397214041,0
0,0.0,14,1,30,piercing_line,227,-0.0080627157210461,0.0157599697809488,1.0,-0.1722118246941397,0.395491955477659,0
0,0.0,14,1,30,shooting_star,1550,0.0134367369458085,0.0704085277909562,1.0,-0.0082388598645164,0.1617654514952523,0
0,0.0,14,1,30,three_black_crows,19,0.1438102641332129,-0.1239703964862017,1.0,,,0
0,0.0,14,1,30,three_white_soldiers,22,0.2117223810800312,0.0781440900530968,1.0,,,0
0,0.0,14,1,30,tweezer_bottom,3246,-0.0384896225131878,-0.0028296863183727,1.0,-0.0490441657795319,0.0975523071260447,0
0,0.0,14,1,30,tweezer_top,3187,-0.0184562028933252,-0.0124563077075887,1.0,-0.0536477907355877,0.0867120915822165,0
0,0.0,14,6,30,bearish_engulfing,1458,-0.0374797000778897,0.0180011920047806,1.0,-0.0531049134171538,0.1478062356977896,0
0,0.0,14,6,30,bearish_harami,652,-0.080164879434442,-0.0344938803118658,1.0,-0.1613060016588588,0.264821230260535,0
0,0.0,14,6,30,bearish_kicker,181,-0.1832333762871699,-0.2031477290484731,1.0,-0.417910076507786,0.4527921610808155,0
0,0.0,14,6,30,bullish_engulfing,1552,-0.0387905189214097,-0.0916331402973944,1.0,-0.1642793301744238,0.1521610592730689,0
0,0.0,14,6,30,bullish_harami,619,0.02421867608426,0.1037306891502026,1.0,-0.0141533942914995,0.2485292338394435,0
0,0.0,14,6,30,bullish_kicker,181,-0.0860708268792955,0.0776236787703402,1.0,-0.1553193396590572,0.4763891899634552,0
0,0.0,14,6,30,dark_cloud_cover,225,-0.1450375736145228,-0.0132321293656983,1.0,-0.2093663471536524,0.4239070496061007,0
0,0.0,14,6,30,dragonfly_doji,441,0.0293754708757224,0.0485193419826252,1.0,-0.1312841023316049,0.3642253912933682,0
0,0.0,14,6,30,evening_star,55,-0.0509818592278191,-0.0841339636170007,1.0,-0.4694014664807863,0.8162780865454218,0
0,0.0,14,6,30,gravestone_doji,464,0.0553344070105447,0.0286040791072319,1.0,-0.1503604802639074,0.3742536192470778,0
0,0.0,14,6,30,hammer,1531,-0.0229420223701541,-0.0363044525523726,1.0,-0.1165569080953815,0.170328955250325,0
0,0.0,14,6,30,hanging_man,1636,-0.0525458424146851,-0.0900961135939333,1.0,-0.1772123982862733,0.1788486779756667,0
0,0.0,14,6,30,inverted_hammer,1767,0.0129857363274988,0.0335673694876657,1.0,-0.0537973931638843,0.1812550997020725,0
0,0.0,14,6,30,morning_star,62,-0.2002506822651438,0.0007836627110474,1.0,-0.3190953830081177,0.67123196460181,0
0,0.0,14,6,30,piercing_line,227,-0.0080627157210461,0.1236992724617212,1.0,-0.0710149393760287,0.415465814373146,0
0,0.0,14,6,30,shooting_star,1550,0.0134367369458085,0.0501160720415873,1.0,-0.0280278250462213,0.1612443290033015,0
0,0.0,14,6,30,three_black_crows,19,0.1438102641332129,0.0390261879011088,1.0,,,0
0,0.0,14,6,30,three_white_soldiers,22,0.2117223810800312,0.0948828871641658,1.0,,,0
0,0.0,14,6,30,tweezer_bottom,3246,-0.0384896225131878,-0.0135621958756819,1.0,-0.0606701513156946,0.099855558270069,0
0,0.0,14,6,30,tweezer_top,3187,-0.0184562028933252,0.006923341122213,1.0,-0.0407316477295437,0.0977506704894559,0
0,0.0,14,11,30,bearish_engulfing,1458,-0.0374797000778897,0.0057501213438081,1.0,-0.0651504078788024,0.1432993471066346,0
0,0.0,14,11,30,bearish_harami,652,-0.080164879434442,-0.0807635969192394,1.0,-0.2097488731381327,0.2705700814182333,0
0,0.0,14,11,30,bearish_kicker,181,-0.1832333762871699,-0.2384415618199068,1.0,-0.4642701666705834,0.4862741424763572,0
0,0.0,14,11,30,bullish_engulfing,1552,-0.0387905189214097,-0.0699740890620969,1.0,-0.143830746763023,0.1550877657041735,0
0,0.0,14,11,30,bullish_harami,619,0.02421867608426,0.0703769455913551,1.0,-0.0592434817177082,0.2674124911857368,0
0,0.0,14,11,30,bullish_kicker,181,-0.0860708268792955,-0.0835947228134208,1.0,-0.3133639936680384,0.4846932864350776,0
0,0.0,14,11,30,dark_cloud_cover,225,-0.1450375736145228,-0.0659574195476551,1.0,-0.2563784868975627,0.4127972834955558,0
0,0.0,14,11,30,dragonfly_doji,441,0.0293754708757224,0.0107853548437041,1.0,-0.1457039304055999,0.3258007242247814,0
0,0.0,14,11,30,evening_star,55,-0.0509818592278191,-0.3901265142460025,1.0,-0.7666711551594901,0.7959594036894142,0
0,0.0,14,11,30,gravestone_doji,464,0.0553344070105447,0.1340628182903273,1.0,-0.0452383147214154,0.3722454472126818,0
0,0.0,14,11,30,hammer,1531,-0.0229420223701541,0.0366136497102998,1.0,-0.0483823745065558,0.1767903138744197,0
0,0.0,14,11,30,hanging_man,1636,-0.0525458424146851,-0.0490942586965561,1.0,-0.1479831644081429,0.2064485615213747,0
0,0.0,14,11,30,inverted_hammer,1767,0.0129857363274988,-0.0041165341031665,1.0,-0.089310824015725,0.1737109849145761,0
0,0.0,14,11,30,morning_star,62,-0.2002506822651438,0.077112323074596,1.0,-0.3025839234466302,0.804128171167973,0
0,0.0,14,11,30,piercing_line,227,-0.0080627157210461,0.1732861953445024,1.0,-0.0343768483664991,0.4509938350919911,0
0,0.0,14,11,30,shooting_star,1550,0.0134367369458085,0.0350892609598265,1.0,-0.0493142152443597,0.1741238361206939,0
0,0.0,14,11,30,three_black_crows,19,0.1438102641332129,0.1155817414673517,1.0,,,0
0,0.0,14,11,30,three_white_soldiers,22,0.2117223810800312,0.1972776295356902,1.0,,,0
0,0.0,14,11,30,tweezer_bottom,3246,-0.0384896225131878,0.0098080201218726,1.0,-0.0371369807229827,0.0985745393339183,0
0,0.0,14,11,30,tweezer_top,3187,-0.0184562028933252,-0.0034151278754134,1.0,-0.0530428471736031,0.1017461956866953,0
0,0.0,15,1,5,bearish_engulfing,1522,-0.0270430732079932,-0.0202968943150077,1.0,-0.0667133614727012,0.096394375532689,0
0,0.0,15,1,5,bearish_harami,666,0.0364777230229966,0.0403090753298706,1.0,-0.0487502528917708,0.1865202178745528,0
0,0.0,15,1,5,bearish_kicker,187,0.0940650787247142,0.1410352728002677,1.0,-0.0009037331644323,0.2970894850790497,0
0,0.0,15,1,5,bullish_engulfing,1568,-0.0633936444382968,-0.0047605689108591,1.0,-0.0452490703838864,0.084685056684915,0
0,0.0,15,1,5,bullish_harami,683,-0.0409609292745163,0.0262150551033822,1.0,-0.0447617475040586,0.148859344895915,0
0,0.0,15,1,5,bullish_kicker,186,-0.0142390368492946,0.0221641177706001,1.0,-0.1269807107016106,0.302984949605547,0
0,0.0,15,1,5,dark_cloud_cover,201,0.0994178268241755,0.0970876895370521,1.0,-0.0333604305910804,0.2750523865247181,0
0,0.0,15,1,5,dragonfly_doji,510,0.029944120328743,0.0385119410249393,1.0,-0.0661903318912004,0.2173860294010902,0
0,0.0,15,1,5,evening_star,58,0.0526330206339763,0.000705885554492,1.0,-0.2155644725971233,0.4333768888943746,0
0,0.0,15,1,5,gravestone_doji,490,-0.047454539977005,0.0261493451206602,1.0,-0.0858385948407166,0.2322942619520662,0
0,0.0,15,1,5,hammer,1509,0.0152174685372591,0.0285870599456211,1.0,-0.0277155532115211,0.1178541969396721,0
0,0.0,15,1,5,hanging_man,1628,-0.0766697121642849,-0.0979559583929756,1.0,-0.1737444383447824,0.1605185061425204,0
0,0.0,15,1,5,inverted_hammer,1649,0.0241715290635154,0.0393885960001811,1.0,-0.0470498057558805,0.1836920631673748,0
0,0.0,15,1,5,morning_star,43,0.0393734796536614,-0.0545726290957302,1.0,-0.390614967329115,0.731614219093032,0
0,0.0,15,1,5,piercing_line,214,-0.0715936275752835,-0.1095837747038324,1.0,-0.2224837688951042,0.2325100728306858,0
0,0.0,15,1,5,shooting_star,1494,-0.0229156708835369,0.0063760424522962,1.0,-0.0578967012691436,0.1346694890372909,0
0,0.0,15,1,5,three_black_crows,22,-0.1018337012394454,-0.0708953880776229,1.0,,,0
0,0.0,15,1,5,three_white_soldiers,21,0.1195849046857351,-0.1344712889145653,1.0,,,0
0,0.0,15,1,5,tweezer_bottom,3162,-0.019615841654833,0.0071177352205545,1.0,-0.0326105712793645,0.0840646979522415,0
0,0.0,15,1,5,tweezer_top,3150,-0.0298464030030365,-0.0042482670530189,1.0,-0.0414990468409612,0.0803769533530585,0
0,0.0,15,1,15,bearish_engulfing,1522,-0.0270430732079932,-0.0107257444359045,1.0,-0.0712169948860198,0.1235335936399578,0
0,0.0,15,1,15,bearish_harami,666,0.0364777230229966,-0.0011132547035897,1.0,-0.1175302659468561,0.238803403688555,0
0,0.0,15,1,15,bearish_kicker,187,0.0940650787247142,0.1267249684580624,1.0,-0.0359368858733084,0.3337625975772135,0
0,0.0,15,1,15,bullish_engulfing,1568,-0.0633936444382968,-0.0383602347850136,1.0,-0.0929950348704303,0.1128231082609738,0
0,0.0,15,1,15,bullish_harami,683,-0.0409609292745163,0.0286706554183224,1.0,-0.0673939773541837,0.2014239030056814,0
0,0.0,15,1,15,bullish_kicker,186,-0.0142390368492946,-0.0965713505876337,1.0,-0.2706032163614481,0.353382788980805,0
0,0.0,15,1,15,dark_cloud_cover,201,0.0994178268241755,0.0141084837131667,1.0,-0.1426387160906509,0.3258854009564508,0
0,0.0,15,1,15,dragonfly_doji,510,0.029944120328743,0.0831255703214709,1.0,-0.0357505652164764,0.2491323140536272,0
0,0.0,15,1,15,evening_star,58,0.0526330206339763,0.0692610715247787,1.0,-0.21076014233685,0.5970201933263768,0
0,0.0,15,1,15,gravestone_doji,490,-0.047454539977005,-0.0962190614683135,1.0,-0.2243380065424422,0.260692917966689,0
0,0.0,15,1,15,hammer,1509,0.0152174685372591,0.0312276201975912,1.0,-0.0363341281313634,0.1418552375197335,0
0,0.0,15,1,15,hanging_man,1628,-0.0766697121642849,-0.1320308989908998,1.0,-0.2179352495663647,0.1793956548777679,0
0,0.0,15,1,15,inverted_hammer,1649,0.0241715290635154,0.0969038996714557,0.7883211678832116,0.0098339373953332,0.1834951314540051,0
0,0.0,15,1,15,morning_star,43,0.0393734796536614,-0.0345632713459631,1.0,-0.3967464200083651,0.7867164696284084,0
0,0.0,15,1,15,piercing_line,214,-0.0715936275752835,0.0530798309134615,1.0,-0.1331181648381216,0.385909822936847,0
0,0.0,15,1,15,shooting_star,1494,-0.0229156708835369,-0.0204322105236168,1.0,-0.0959356392900632,0.1534891750954972,0
0,0.0,15,1,15,three_black_crows,22,-0.1018337012394454,0.0583655921445812,1.0,,,0
0,0.0,15,1,15,three_white_soldiers,21,0.1195849046857351,-0.0425078699693322,1.0,,,0
0,0.0,15,1,15,tweezer_bottom,3162,-0.019615841654833,0.0038214677683983,1.0,-0.0362916985214887,0.0847735027361432,0
0,0.0,15,1,15,tweezer_top,3150,-0.0298464030030365,-0.0092444157105339,1.0,-0.0555374086969788,0.0985279653375452,0
0,0.0,15,1,30,bearish_engulfing,1522,-0.0270430732079932,-0.0330509777668372,1.0,-0.1032172185491692,0.1449081755143179,0
0,0.0,15,1,30,bearish_harami,666,0.0364777230229966,-0.0486560616210496,1.0,-0.1760980360057564,0.2626123491445121,0
0,0.0,15,1,30,bearish_kicker,187,0.0940650787247142,0.0175095390637091,1.0,-0.1870085717732112,0.430885360340965,0
0,0.0,15,1,30,bullish_engulfing,1568,-0.0633936444382968,-0.035561420212785,1.0,-0.0991705273152454,0.1351965132414846,0
0,0.0,15,1,30,bullish_harami,683,-0.0409609292745163,-0.0783689569148195,1.0,-0.1858215719330287,0.220163508098669,0
0,0.0,15,1,30,bullish_kicker,186,-0.0142390368492946,0.0455977466898067,1.0,-0.1494412749104996,0.3940332316439595,0
0,0.0,15,1,30,dark_cloud_cover,201,0.0994178268241755,0.0862186760567663,1.0,-0.0979748349704122,0.3768207392764808,0
0,0.0,15,1,30,dragonfly_doji,510,0.029944120328743,0.1161176165499442,1.0,-0.0235978028291623,0.295456288596988,0
0,0.0,15,1,30,evening_star,58,0.0526330206339763,0.0621752778002206,1.0,-0.2708364343573844,0.7136687439558247,0
0,0.0,15,1,30,gravestone_doji,490,-0.047454539977005,0.0007334047333594,1.0,-0.1362715580729456,0.2863843163281411,0
0,0.0,15,1,30,hammer,1509,0.0152174685372591,0.0857118484964443,0.6587341265873412,0.0104407022692553,0.1547364134619256,0
0,0.0,15,1,30,hanging_man,1628,-0.0766697121642849,-0.1386972225357399,1.0,-0.2195865368561374,0.1702275166767987,0
0,0.0,15,1,30,inverted_hammer,1649,0.0241715290635154,0.0539461790656031,1.0,-0.0325854866212274,0.1850545764784824,0
0,0.0,15,1,30,morning_star,43,0.0393734796536614,0.2366470680265222,1.0,-0.1850839856774876,0.8944481515559287,0
0,0.0,15,1,30,piercing_line,214,-0.0715936275752835,-0.1308700719061019,1.0,-0.3261104809269243,0.4205984504245327,0
0,0.0,15,1,30,shooting_star,1494,-0.0229156708835369,-0.0223045170698532,1.0,-0.101033094383249,0.1609632863718822,0
0,0.0,15,1,30,three_black_crows,22,-0.1018337012394454,0.0146185412868715,1.0,,,0
0,0.0,15,1,30,three_white_soldiers,21,0.1195849046857351,-0.0875984483919212,1.0,,,0
0,0.0,15,1,30,tweezer_bottom,3162,-0.019615841654833,0.0182231392838276,1.0,-0.030820004262031,0.1011244855023404,0
0,0.0,15,1,30,tweezer_top,3150,-0.0298464030030365,-0.0455741535152205,1.0,-0.0971293647424469,0.1072138125484453,0
0,0.0,15,6,30,bearish_engulfing,1522,-0.0270430732079932,-0.046099703931648,1.0,-0.1112664000678022,0.135379534710017,0
0,0.0,15,6,30,bearish_harami,666,0.0364777230229966,0.1235384192499592,0.7829217078292171,0.011461815266319,0.2327064779405056,0
0,0.0,15,6,30,bearish_kicker,187,0.0940650787247142,0.008613026905144,1.0,-0.2060151107833993,0.4487036397084141,0
0,0.0,15,6,30,bullish_engulfing,1568,-0.0633936444382968,-0.0265278160318666,1.0,-0.0912857865582417,0.1355616642575121,0
0,0.0,15,6,30,bullish_harami,683,-0.0409609292745163,-0.1164590706654489,1.0,-0.2287359370101545,0.2324681588900486,0
0,0.0,15,6,30,bullish_kicker,186,-0.0142390368492946,0.1013211738178807,1.0,-0.1078102120350564,0.4378679552080433,0
0,0.0,15,6,30,dark_cloud_cover,201,0.0994178268241755,-0.0087686881226103,1.0,-0.2219789509240693,0.4406086690228442,0
0,0.0,15,6,30,dragonfly_doji,510,0.029944120328743,0.0541021905685549,1.0,-0.1036813927292513,0.3243171202321533,0
0,0.0,15,6,30,evening_star,58,0.0526330206339763,-0.018280033339256,1.0,-0.3287128004948041,0.6769363604958635,0
0,0.0,15,6,30,gravestone_doji,490,-0.047454539977005,-0.0631179764937279,1.0,-0.2034327290208943,0.2964274559310973,0
0,0.0,15,6,30,hammer,1509,0.0152174685372591,0.0701913653336943,1.0,-0.0063061533744385,0.1645844855054086,0
0,0.0,15,6,30,hanging_man,1628,-0.0766697121642849,-0.008839731275012,1.0,-0.1055073899738755,0.2057023868074301,0
0,0.0,15,6,30,inverted_hammer,1649,0.0241715290635154,0.0233830948713885,1.0,-0.0653507171431567,0.1907715538521654,0
0,0.0,15,6,30,morning_star,43,0.0393734796536614,0.3068907359095216,1.0,-0.1239647989766427,0.906566848518267,0
0,0.0,15,6,30,piercing_line,214,-0.0715936275752835,-0.0815032920329728,1.0,-0.2750114805701977,0.4086385157119425,0
0,0.0,15,6,30,shooting_star,1494,-0.0229156708835369,-0.0287741061193717,1.0,-0.1184390887920185,0.1833674178032944,0
0,0.0,15,6,30,three_black_crows,22,-0.1018337012394454,-0.0056034454141633,1.0,,,0
0,0.0,15,6,30,three_white_soldiers,21,0.1195849046857351,-0.0103014067887117,1.0,,,0
0,0.0,15,6,30,tweezer_bottom,3162,-0.019615841654833,0.0345202148204936,1.0,-0.0129561288224537,0.0998099259643591,0
0,0.0,15,6,30,tweezer_top,3150,-0.0298464030030365,-0.0430008540863102,1.0,-0.0903567236657979,0.0991006782076984,0
0,0.0,15,11,30,bearish_engulfing,1522,-0.0270430732079932,-0.0773972171296887,1.0,-0.1518669295635162,0.1503320117922699,0
0,0.0,15,11,30,bearish_harami,666,0.0364777230229966,0.0171169172204517,1.0,-0.1056568741265402,0.2540306691398055,0
0,0.0,15,11,30,bearish_kicker,187,0.0940650787247142,0.0890095170644386,1.0,-0.1203040597717983,0.4415349015036783,0
0,0.0,15,11,30,bullish_engulfing,1568,-0.0633936444382968,-0.0798050388774736,1.0,-0.1477868827747953,0.1397880609773632,0
0,0.0,15,11,30,bullish_harami,683,-0.0409609292745163,-0.0938838540686612,1.0,-0.2209082346916963,0.2606497787302512,0
0,0.0,15,11,30,bullish_kicker,186,-0.0142390368492946,0.1383384710920051,1.0,-0.0864678342855686,0.4627710427243106,0
0,0.0,15,11,30,dark_cloud_cover,201,0.0994178268241755,0.0572950619604368,1.0,-0.1379956156753223,0.4084581693662402,0
0,0.0,15,11,30,dragonfly_doji,510,0.029944120328743,0.0767619127955457,1.0,-0.0796100982687146,0.3202923014500229,0
0,0.0,15,11,30,evening_star,58,0.0526330206339763,-0.0065816926350503,1.0,-0.3825390072327903,0.8061671025877504,0
0,0.0,15,11,30,gravestone_doji,490,-0.047454539977005,-0.0846665871036145,1.0,-0.2346825113091934,0.3085971964781472,0
0,0.0,15,11,30,hammer,1509,0.0152174685372591,0.0679679315115422,1.0,-0.0146033476152449,0.1726284115401677,0
0,0.0,15,11,30,hanging_man,1628,-0.0766697121642849,-0.042040299653344,1.0,-0.1260641462424561,0.1793123788628363,0
0,0.0,15,11,30,inverted_hammer,1649,0.0241715290635154,0.0267464730165688,1.0,-0.0734852385664223,0.2124159618059155,0
0,0.0,15,11,30,morning_star,43,0.0393734796536614,0.3545162705562342,1.0,-0.0849592750035019,0.9054319325802545,0
0,0.0,15,11,30,piercing_line,214,-0.0715936275752835,-0.1317574993726515,1.0,-0.364936469728973,0.4866046609888089,0
0,0.0,15,11,30,shooting_star,1494,-0.0229156708835369,-0.0029696781889245,1.0,-0.0873956410091935,0.1729262813647744,0
0,0.0,15,11,30,three_black_crows,22,-0.1018337012394454,0.0235182971803721,1.0,,,0
0,0.0,15,11,30,three_white_soldiers,21,0.1195849046857351,-0.0812433247722327,1.0,,,0
0,0.0,15,11,30,tweezer_bottom,3162,-0.019615841654833,-0.0053608105969682,1.0,-0.0550834554714615,0.1037567217663606,0
0,0.0,15,11,30,tweezer_top,3150,-0.0298464030030365,-0.0247960558977543,1.0,-0.0715438557586784,0.0985166402165527,0
0,0.0,16,1,5,bearish_engulfing,1564,-0.0201999772199279,-0.0212656728427363,1.0,-0.0591506928888125,0.0786170523896156,0
0,0.0,16,1,5,bearish_harami,660,0.0095404067844194,0.015102591413084,1.0,-0.0733881169969071,0.1899500437659428,0
0,0.0,16,1,5,bearish_kicker,179,-0.0428798048126265,0.0425153695242765,1.0,-0.0932850902292579,0.2711609406484244,0
0,0.0,16,1,5,bullish_engulfing,1567,-0.0440985510497322,0.0109167352349214,1.0,-0.0350528608445361,0.095075065878206,0
0,0.0,16,1,5,bullish_harami,690,-0.0938545484805031,-0.0255607623318559,1.0,-0.1131833769318158,0.1832516572017841,0
0,0.0,16,1,5,bullish_kicker,204,0.0966034548917472,0.0372531147346985,1.0,-0.110806228365662,0.3114671879782989,0
0,0.0,16,1,5,dark_cloud_cover,166,0.1132434347775677,-0.0316386877732362,1.0,-0.1722385216219842,0.2949072993856242,0
0,0.0,16,1,5,dragonfly_doji,630,-0.0689221376920984,0.0078400274122938,1.0,-0.0845838282075739,0.1894396800099095,0
0,0.0,16,1,5,evening_star,36,-0.0323298783104995,0.0707893145026028,1.0,-0.2779000039867011,0.7417776847692898,0
0,0.0,16,1,5,gravestone_doji,635,-0.0968899098712342,-0.0168933960031325,1.0,-0.1150619538770676,0.2094995082516128,0
0,0.0,16,1,5,hammer,1646,-0.0514962093283451,-0.0092410982873065,1.0,-0.0664947102798592,0.1198013556571156,0
0,0.0,16,1,5,hanging_man,1612,-0.0072045693402982,0.0357436277474727,1.0,-0.0386141472673364,0.1559047488898816,0
0,0.0,16,1,5,inverted_hammer,1757,-0.0535835286008173,0.0260301202648743,1.0,-0.0322181341634444,0.1221422348378579,0
0,0.0,16,1,5,morning_star,42,-0.0684240075636892,-0.0736685049827379,1.0,-0.2478707389209977,0.3718401671452855,0
0,0.0,16,1,5,piercing_line,185,-0.0674475140238632,0.0741499052471386,1.0,-0.0579156053815975,0.2722147086720113,0
0,0.0,16,1,5,shooting_star,1553,-0.0615487509381631,-0.0461163017568759,1.0,-0.1040051265793204,0.1217063952714003,0
0,0.0,16,1,5,three_black_crows,21,-0.0960107841226292,-0.0035951468882499,1.0,,,0
0,0.0,16,1,5,three_white_soldiers,13,-0.1253812651010601,0.1608953415519139,1.0,,,0
0,0.0,16,1,5,tweezer_bottom,3092,-0.042887407861384,0.0185764405569735,1.0,-0.0124736868662726,0.0649992208993876,0
0,0.0,16,1,5,tweezer_top,3050,-0.0025405002742278,-0.0041785359844549,1.0,-0.0432648579067236,0.0820626215935703,0
0,0.0,16,1,15,bearish_engulfing,1564,-0.0201999772199279,-0.0077447664390583,1.0,-0.0653573785377296,0.1200063273500179,0
0,0.0,16,1,15,bearish_harami,660,0.0095404067844194,0.0291067835616587,1.0,-0.0851392333868805,0.2409756521224795,0
0,0.0,16,1,15,bearish_kicker,179,-0.0428798048126265,0.0682322251259042,1.0,-0.1212960105663976,0.3875153619510007,0
0,0.0,16,1,15,bullish_engulfing,1567,-0.0440985510497322,0.000211918985026,1.0,-0.050247730785376,0.1045919520163719,0
0,0.0,16,1,15,bullish_harami,690,-0.0938545484805031,-0.0560762308950069,1.0,-0.1629575625339653,0.2206760642128131,0
0,0.0,16,1,15,bullish_kicker,204,0.0966034548917472,0.0744914183039113,1.0,-0.1249754998346924,0.4239659408108226,0
0,0.0,16,1,15,dark_cloud_cover,166,0.1132434347775677,0.0353162966073825,1.0,-0.17927295046997,0.4558931285532607,0
0,0.0,16,1,15,dragonfly_doji,630,-0.0689221376920984,0.0306415740174036,1.0,-0.0752487975666963,0.22795124615876,0
0,0.0,16,1,15,evening_star,36,-0.0323298783104995,-0.0580412314799368,1.0,-0.4807034328449218,0.9251752956905386,0
0,0.0,16,1,15,gravestone_doji,635,-0.0968899098712342,0.0095299485537579,1.0,-0.1264866332380926,0.2795976472345456,0
0,0.0,16,1,15,hammer,1646,-0.0514962093283451,-0.0611759174455777,1.0,-0.1295880241720697,0.1431619929436412,0
0,0.0,16,1,15,hanging_man,1612,-0.0072045693402982,0.0171954413106098,1.0,-0.0686738407434443,0.1753409349481002,0
0,0.0,16,1,15,inverted_hammer,1757,-0.0535835286008173,0.0173969979217218,1.0,-0.0684708612860138,0.1819162732339539,0
0,0.0,16,1,15,morning_star,42,-0.0684240075636892,-0.0403816945768861,1.0,-0.3485181660274863,0.6308048923562617,0
0,0.0,16,1,15,piercing_line,185,-0.0674475140238632,0.001672992316894,1.0,-0.1834434570364435,0.3823362452933061,0
0,0.0,16,1,15,shooting_star,1553,-0.0615487509381631,0.0201325726628358,1.0,-0.0474180947547837,0.1405330932768453,0
0,0.0,16,1,15,three_black_crows,21,-0.0960107841226292,0.0575763307679826,1.0,,,0
0,0.0,16,1,15,three_white_soldiers,13,-0.1253812651010601,0.0441812733152077,1.0,,,0
0,0.0,16,1,15,tweezer_bottom,3092,-0.042887407861384,-0.010146723705105,1.0,-0.053289846366474,0.0900937705496716,0
0,0.0,16,1,15,tweezer_top,3050,-0.0025405002742278,0.0147352003905796,1.0,-0.0278246493604919,0.0879009585791235,0
0,0.0,16,1,30,bearish_engulfing,1564,-0.0201999772199279,-0.0260626482324314,1.0,-0.0843323564760663,0.1229808537430622,0
0,0.0,16,1,30,bearish_harami,660,0.0095404067844194,-0.0006517582985012,1.0,-0.1253161300780079,0.2616305138365445,0
0,0.0,16,1,30,bearish_kicker,179,-0.0428798048126265,0.0606555019276023,1.0,-0.1506075385100622,0.4362361633206338,0
0,0.0,16,1,30,bullish_engulfing,1567,-0.0440985510497322,-0.0282216736906831,1.0,-0.0922691799913636,0.132941603771804,0
0,0.0,16,1,30,bullish_harami,690,-0.0938545484805031,0.0393777156087128,1.0,-0.0746003687546405,0.2350979516107436,0
0,0.0,16,1,30,bullish_kicker,204,0.0966034548917472,-0.0065073323804508,1.0,-0.1980342446340088,0.4034692818183227,0
0,0.0,16,1,30,dark_cloud_cover,166,0.1132434347775677,0.0836258439363343,1.0,-0.1472136642372007,0.4836276962989826,0
0,0.0,16,1,30,dragonfly_doji,630,-0.0689221376920984,0.048616722878769,1.0,-0.0723759963790407,0.2532331333803781,0
0,0.0,16,1,30,evening_star,36,-0.0323298783104995,0.2177029859594021,1.0,-0.1901201393579598,0.8864339740593696,0
0,0.0,16,1,30,gravestone_doji,635,-0.0968899098712342,-0.008589473634694,1.0,-0.1335784440934279,0.2624062586754961,0
0,0.0,16,1,30,hammer,1646,-0.0514962093283451,-0.0017648770787167,1.0,-0.0738738735657081,0.1490317058503852,0
0,0.0,16,1,30,hanging_man,1612,-0.0072045693402982,0.0180864919894091,1.0,-0.0679243513582738,0.1818466095053836,0
0,0.0,16,1,30,inverted_hammer,1757,-0.0535835286008173,0.0458985368212881,1.0,-0.0336648916872138,0.1669597527030004,0
0,0.0,16,1,30,morning_star,42,-0.0684240075636892,-0.0255361713545883,1.0,-0.3546701850024149,0.6838147902672376,0
0,0.0,16,1,30,piercing_line,185,-0.0674475140238632,-0.1172614034216363,1.0,-0.3063674389116265,0.3910674088655602,0
0,0.0,16,1,30,shooting_star,1553,-0.0615487509381631,-0.0040589060009579,1.0,-0.0826991777832209,0.1635597284715735,0
0,0.0,16,1,30,three_black_crows,21,-0.0960107841226292,0.1127847741089954,1.0,,,0
0,0.0,16,1,30,three_white_soldiers,13,-0.1253812651010601,-0.2559974115216191,1.0,,,0
0,0.0,16,1,30,tweezer_bottom,3092,-0.042887407861384,0.0171927294151113,1.0,-0.0320174436703186,0.1026794836667726,0
0,0.0,16,1,30,tweezer_top,3050,-0.0025405002742278,0.012964865748903,1.0,-0.0315533671788529,0.0933911366881158,0
0,0.0,16,6,30,bearish_engulfing,1564,-0.0201999772199279,0.0119383323277988,1.0,-0.0535325405802344,0.1381253264258773,0
0,0.0,16,6,30,bearish_harami,660,0.0095404067844194,0.0181129340463801,1.0,-0.1108567324705302,0.2688582296104707,0
0,0.0,16,6,30,bearish_kicker,179,-0.0428798048126265,-0.0196822147053632,1.0,-0.2398704281498272,0.4533841284098768,0
0,0.0,16,6,30,bullish_engulfing,1567,-0.0440985510497322,-0.0486252647138404,1.0,-0.1081117492161062,0.1229638075587745,0
0,0.0,16,6,30,bullish_harami,690,-0.0938545484805031,-0.0267885025470961,1.0,-0.1458472092352337,0.2444214112517986,0
0,0.0,16,6,30,bullish_kicker,204,0.0966034548917472,-0.0086324360893768,1.0,-0.228329300178263,0.4673449940171631,0
0,0.0,16,6,30,dark_cloud_cover,166,0.1132434347775677,0.1011006021366597,1.0,-0.1221117486377416,0.4601670217038979,0
0,0.0,16,6,30,dragonfly_doji,630,-0.0689221376920984,0.0488626258910741,1.0,-0.0752307280755588,0.2608065027043801,0
0,0.0,16,6,30,evening_star,36,-0.0323298783104995,0.0853797151727215,1.0,-0.3642335739155667,0.9759907468631612,0
0,0.0,16,6,30,gravestone_doji,635,-0.0968899098712342,0.0038430238957477,1.0,-0.1177631149624827,0.2498520339529218,0
0,0.0,16,6,30,hammer,1646,-0.0514962093283451,-0.0206144887321582,1.0,-0.1012725959120169,0.1665802924756223,0
0,0.0,16,6,30,hanging_man,1612,-0.0072045693402982,-0.0214680504280043,1.0,-0.1175340524512773,0.1980595238030852,0
0,0.0,16,6,30,inverted_hammer,1757,-0.0535835286008173,0.0048639671437875,1.0,-0.0819957688887964,0.1813688743050948,0
0,0.0,16,6,30,morning_star,42,-0.0684240075636892,-0.2729434885003859,1.0,-0.5969209273074125,0.6799310606374185,0
0,0.0,16,6,30,piercing_line,185,-0.0674475140238632,-0.1069844676326839,1.0,-0.2998393383185466,0.3970864466776185,0
0,0.0,16,6,30,shooting_star,1553,-0.0615487509381631,0.0087142197036414,1.0,-0.0689741387531149,0.1599915650074302,0
0,0.0,16,6,30,three_black_crows,21,-0.0960107841226292,0.111046811558533,1.0,,,0
0,0.0,16,6,30,three_white_soldiers,13,-0.1253812651010601,-0.0903828433931937,1.0,,,0
0,0.0,16,6,30,tweezer_bottom,3092,-0.042887407861384,-0.0154998956326273,1.0,-0.062827191368009,0.0956635675955598,0
0,0.0,16,6,30,tweezer_top,3050,-0.0025405002742278,-0.004255944466971,1.0,-0.0535610597857971,0.103065050349472,0
0,0.0,16,11,30,bearish_engulfing,1564,-0.0201999772199279,-0.0067190014190772,1.0,-0.0719325758754378,0.1348745097837396,0
0,0.0,16,11,30,bearish_harami,660,0.0095404067844194,-0.0381378126410901,1.0,-0.1716807937186304,0.280184975427905,0
0,0.0,16,11,30,bearish_kicker,179,-0.0428798048126265,-0.115300054077548,1.0,-0.3419572850189417,0.4702973727401141,0
0,0.0,16,11,30,bullish_engulfing,1567,-0.0440985510497322,-0.0402469394704732,1.0,-0.10146781294951,0.1300056416979829,0
0,0.0,16,11,30,bullish_harami,690,-0.0938545484805031,-0.0210548380985943,1.0,-0.1405027671295347,0.2480801912747156,0
0,0.0,16,11,30,bullish_kicker,204,0.0966034548917472,0.0632613997553892,1.0,-0.1834143138511433,0.5219356182986344,0
0,0.0,16,11,30,dark_cloud_cover,166,0.1132434347775677,0.1506558340615144,1.0,-0.0602839715855707,0.4387978025304438,0
0,0.0,16,11,30,dragonfly_doji,630,-0.0689221376920984,0.0211672660608952,1.0,-0.1202681682359537,0.2941642760908335,0
0,0.0,16,11,30,evening_star,36,-0.0323298783104995,0.1740065902014774,1.0,-0.2384285408218959,0.9061455720710476,0
0,0.0,16,11,30,gravestone_doji,635,-0.0968899098712342,-0.0356972395044633,1.0,-0.1531837378727049,0.2462996577600054,0
0,0.0,16,11,30,hammer,1646,-0.0514962093283451,-0.0248197809250538,1.0,-0.1000384471927286,0.1594529979142926,0
0,0.0,16,11,30,hanging_man,1612,-0.0072045693402982,0.0482331921451174,1.0,-0.0393417043035415,0.1776811806076098,0
0,0.0,16,11,30,inverted_hammer,1757,-0.0535835286008173,-0.0288919800742043,1.0,-0.1203401294620215,0.1930296424466364,0
0,0.0,16,11,30,morning_star,42,-0.0684240075636892,-0.1460590126017654,1.0,-0.5304776453733466,0.816810454061304,0
0,0.0,16,11,30,piercing_line,185,-0.0674475140238632,-0.1003778386248414,1.0,-0.2932089129883959,0.4003731572799367,0
0,0.0,16,11,30,shooting_star,1553,-0.0615487509381631,-0.036854611748479,1.0,-0.1223739473293243,0.176036606416459,0
0,0.0,16,11,30,three_black_crows,21,-0.0960107841226292,0.1689099441067584,1.0,,,0
0,0.0,16,11,30,three_white_soldiers,13,-0.1253812651010601,-0.0125770599708375,1.0,,,0
0,0.0,16,11,30,tweezer_bottom,3092,-0.042887407861384,0.0120753565967103,1.0,-0.0318231933959836,0.0913315828961494,0
0,0.0,16,11,30,tweezer_top,3050,-0.0025405002742278,-0.0045479417065203,1.0,-0.0524141117281411,0.0997518416620456,0
1,0.3,1,1,5,bearish_engulfing,1569,-0.0659717787177928,0.0126598339962201,1.0,-0.0367080979808548,0.1025862686205958,0
1,0.3,1,1,5,bearish_harami,670,-0.0787688269954005,0.0131001234874355,1.0,-0.0738105959463467,0.1836377354949774,0
1,0.3,1,1,5,bearish_kicker,173,-0.1156378894179385,0.0250411891030703,1.0,-0.135751764649755,0.3281539782400602,0
1,0.3,1,1,5,bullish_engulfing,1481,0.1407793825423756,0.1232700151047972,0.0083991600839916,0.074541112647209,0.1024937494179707,1
1,0.3,1,1,5,bullish_harami,644,-0.0638705297087795,-0.0985541508705136,1.0,-0.1908898186262509,0.1941563295765936,0
1,0.3,1,1,5,bullish_kicker,199,0.0267493951738497,0.0262401026671961,1.0,-0.1443114903734411,0.3603866005078703,0
1,0.3,1,1,5,dark_cloud_cover,213,-0.0582359403877263,0.0384499041117003,1.0,-0.0946287102526725,0.2723346493107805,0
1,0.3,1,1,5,dragonfly_doji,493,0.0775586531819031,-0.0064310697083162,1.0,-0.1397954356027394,0.2830727928979117,0
1,0.3,1,1,5,evening_star,43,0.1154915602897862,-0.0668438582195236,1.0,-0.4404964292299292,0.7550040017578129,0
1,0.3,1,1,5,gravestone_doji,625,0.0338466700553017,-0.0022619540797431,1.0,-0.0930085746414267,0.1917561613570619,0
1,0.3,1,1,5,hammer,1443,0.0353803401697466,-0.0085647560525979,1.0,-0.0793340919796484,0.1468961363459336,0
1,0.3,1,1,5,hanging_man,1683,-0.0894359801938436,-0.0441393897980827,1.0,-0.1097304778547613,0.1355415106780653,0
1,0.3,1,1,5,inverted_hammer,1593,0.0543731553000586,-0.0285827194286654,1.0,-0.0940140288749359,0.1351577820873219,0
1,0.3,1,1,5,morning_star,44,0.39204008421514,-0.0038699959503819,1.0,-0.2207422478462892,0.4252434524174851,0
1,0.3,1,1,5,piercing_line,183,0.0122920736534644,-0.0332812443942346,1.0,-0.1741443336345211,0.2890893036451703,0
1,0.3,1,1,5,shooting_star,1641,-0.0059821737563835,0.0388105618917964,1.0,-0.0202425436789598,0.1214323551327661,0
1,0.3,1,1,5,three_black_crows,23,-0.1611403418143255,-0.0470720686714931,1.0,,,0
1,0.3,1,1,5,three_white_soldiers,19,0.0180716450737223,-0.1008374192047474,1.0,,,0
1,0.3,1,1,5,tweezer_bottom,3004,0.0658571365761491,0.0234214438544198,1.0,-0.0153515276965033,0.082579785270807,0
1,0.3,1,1,5,tweezer_top,3242,-0.0715662159214785,-0.0023245660240069,1.0,-0.0350950442036943,0.0675991447786175,0
1,0.3,1,1,15,bearish_engulfing,1569,-0.0659717787177928,0.0134102706215836,1.0,-0.046862371526105,0.1301524232584681,0
1,0.3,1,1,15,bearish_harami,670,-0.0787688269954005,0.026349688000857,1.0,-0.0765785219026435,0.2167623495661982,0
1,0.3,1,1,15,bearish_kicker,173,-0.1156378894179385,0.0093721413877484,1.0,-0.1831471672897126,0.4078453072880408,0
1,0.3,1,1,15,bullish_engulfing,1481,0.1407793825423756,0.0820706968232002,0.3023697630236976,0.0171420343713121,0.1351283861706071,0
1,0.3,1,1,15,bullish_harami,644,-0.0638705297087795,-0.1247270229035405,1.0,-0.2213019748445195,0.2008170987098689,0
1,0.3,1,1,15,bullish_kicker,199,0.0267493951738497,0.0619551985299291,1.0,-0.0990484957828169,0.3389907935931794,0
1,0.3,1,1,15,dark_cloud_cover,213,-0.0582359403877263,-0.0057425141912461,1.0,-0.1709998005800584,0.3489130817430087,0
1,0.3,1,1,15,dragonfly_doji,493,0.0775586531819031,0.0037387178500037,1.0,-0.1463316776462389,0.3195355262715799,0
1,0.3,1,1,15,evening_star,43,0.1154915602897862,-0.1995414090207062,1.0,-0.5583552230117929,0.7423140610409108,0
1,0.3,1,1,15,gravestone_doji,625,0.0338466700553017,0.1723954855754091,0.101989801019898,0.063863817384617,0.2286624705328938,0
1,0.3,1,1,15,hammer,1443,0.0353803401697466,-0.0204710159154297,1.0,-0.0959836366152538,0.1558004149339862,0
1,0.3,1,1,15,hanging_man,1683,-0.0894359801938436,-0.0063789279699151,1.0,-0.079912488706135,0.1556034316089373,0
1,0.3,1,1,15,inverted_hammer,1593,0.0543731553000586,0.0484738933269412,1.0,-0.0254623238434445,0.1573102352579619,0
1,0.3,1,1,15,morning_star,44,0.39204008421514,0.2666896234704035,1.0,-0.2127810203973578,0.9850263879404044,0
1,0.3,1,1,15,piercing_line,183,0.0122920736534644,-0.0443245387454597,1.0,-0.2129910930232136,0.3461015054989775,0
1,0.3,1,1,15,shooting_star,1641,-0.0059821737563835,0.060036266795255,1.0,-0.0042018054930215,0.1358407611142015,0
1,0.3,1,1,15,three_black_crows,23,-0.1611403418143255,0.0370773986443125,1.0,,,0
1,0.3,1,1,15,three_white_soldiers,19,0.0180716450737223,0.1918382020830055,1.0,,,0
1,0.3,1,1,15,tweezer_bottom,3004,0.0658571365761491,0.0195023787021437,1.0,-0.0236065181869731,0.0909272578325841,0
1,0.3,1,1,15,tweezer_top,3242,-0.0715662159214785,0.0041288812392417,1.0,-0.0375450523779785,0.0858759463232523,0
1,0.3,1,1,30,bearish_engulfing,1569,-0.0659717787177928,0.0316162865417298,1.0,-0.0348747519217183,0.1412374090932929,0
1,0.3,1,1,30,bearish_harami,670,-0.0787688269954005,-0.0490637520969258,1.0,-0.1722238382941426,0.2587305374692258,0
1,0.3,1,1,30,bearish_kicker,173,-0.1156378894179385,-0.073246777713687,1.0,-0.3147492490569644,0.4970509750430069,0
1,0.3,1,1,30,bullish_engulfing,1481,0.1407793825423756,0.0774563551961794,0.6135386461353864,0.0123366333380831,0.1355906518988162,0
1,0.3,1,1,30,bullish_harami,644,-0.0638705297087795,-0.212141333405005,1.0,-0.3446370999750943,0.2698795043249568,0
1,0.3,1,1,30,bullish_kicker,199,0.0267493951738497,0.0084803066696077,1.0,-0.1941866706103264,0.4183032170315904,0
1,0.3,1,1,30,dark_cloud_cover,213,-0.0582359403877263,-0.1163644058909389,1.0,-0.3023160982199461,0.3920917278769719,0
1,0.3,1,1,30,dragonfly_doji,493,0.0775586531819031,0.0647782379833919,1.0,-0.0817529844239078,0.3036155087870113,0
1,0.3,1,1,30,evening_star,43,0.1154915602897862,0.2331323201862303,1.0,-0.1158835531167432,0.7091542653973328,0
1,0.3,1,1,30,gravestone_doji,625,0.0338466700553017,0.1819618867012958,0.14998500149985,0.0580498342683258,0.2569465533885249,0
1,0.3,1,1,30,hammer,1443,0.0353803401697466,0.0164210177779406,1.0,-0.0718687225421064,0.1841298042014287,0
1,0.3,1,1,30,hanging_man,1683,-0.0894359801938436,-0.0236160685443381,1.0,-0.1030603870002619,0.1639624941216546,0
1,0.3,1,1,30,inverted_hammer,1593,0.0543731553000586,-0.0366700208702292,1.0,-0.1194151058519967,0.1740923766759058,0
1,0.3,1,1,30,morning_star,44,0.39204008421514,0.2283205324501249,1.0,-0.2736580078047225,1.0272467485241452,0
1,0.3,1,1,30,piercing_line,183,0.0122920736534644,-0.041992932722887,1.0,-0.2470645672592126,0.4226257580067246,0
1,0.3,1,1,30,shooting_star,1641,-0.0059821737563835,0.0431158725296947,1.0,-0.0309672642752404,0.1526155889716124,0
1,0.3,1,1,30,three_black_crows,23,-0.1611403418143255,-0.0829399837015239,1.0,,,0
1,0.3,1,1,30,three_white_soldiers,19,0.0180716450737223,-0.1062596862071599,1.0,,,0
1,0.3,1,1,30,tweezer_bottom,3004,0.0658571365761491,0.0462792672921242,1.0,0.0006476355078426,0.0947911604181204,0
1,0.3,1,1,30,tweezer_top,3242,-0.0715662159214785,0.0023162701916593,1.0,-0.0392768547523944,0.0871591217714253,0
1,0.3,1,6,30,bearish_engulfing,1569,-0.0659717787177928,0.0203563945465128,1.0,-0.0470627549616283,0.1453344267188361,0
1,0.3,1,6,30,bearish_harami,670,-0.0787688269954005,-0.0587059927892971,1.0,-0.1861879681459526,0.2607898821330373,0
1,0.3,1,6,30,bearish_kicker,173,-0.1156378894179385,-0.103982482393519,1.0,-0.3573687100181565,0.5205935798183853,0
1,0.3,1,6,30,bullish_engulfing,1481,0.1407793825423756,0.0841234706017592,0.404959504049595,0.0164917076724079,0.1404060150471641,0
1,0.3,1,6,30,bullish_harami,644,-0.0638705297087795,-0.126574943965414,1.0,-0.2655788263183707,0.2831239526525182,0
1,0.3,1,6,30,bullish_kicker,199,0.0267493951738497,-0.0725766231529244,1.0,-0.2996896093401293,0.4717176728784097,0
1,0.3,1,6,30,dark_cloud_cover,213,-0.0582359403877263,-0.1061747296733294,1.0,-0.313475842795885,0.4304037597991003,0
1,0.3,1,6,30,dragonfly_doji,493,0.0775586531819031,0.0171348321696057,1.0,-0.1325114670974215,0.3101015003078274,0
1,0.3,1,6,30,evening_star,43,0.1154915602897862,0.3353899093622479,1.0,-0.0226189572498325,0.7282957388132779,0
1,0.3,1,6,30,gravestone_doji,625,0.0338466700553017,0.1670409964102902,0.3023697630236976,0.0439742972087812,0.2592656555291733,0
1,0.3,1,6,30,hammer,1443,0.0353803401697466,0.0177680372141695,1.0,-0.0741758159072166,0.1934043757631384,0
1,0.3,1,6,30,hanging_man,1683,-0.0894359801938436,-0.0152772519573108,1.0,-0.1060423034482052,0.1833738926030327,0
1,0.3,1,6,30,inverted_hammer,1593,0.0543731553000586,0.0330250122709934,1.0,-0.0605219645493906,0.1951258337764999,0
1,0.3,1,6,30,morning_star,44,0.39204008421514,0.2634187127460501,1.0,-0.265841473188831,1.0794980647716874,0
1,0.3,1,6,30,piercing_line,183,0.0122920736534644,-0.0220874018664808,1.0,-0.2323771534694286,0.4295341843746341,0
1,0.3,1,6,30,shooting_star,1641,-0.0059821737563835,0.0787857100388191,1.0,-0.0034629946086889,0.1687242214960012,0
1,0.3,1,6,30,three_black_crows,23,-0.1611403418143255,0.0064292893362695,1.0,,,0
1,0.3,1,6,30,three_white_soldiers,19,0.0180716450737223,-0.056750734803565,1.0,,,0
1,0.3,1,6,30,tweezer_bottom,3004,0.0658571365761491,0.0526185943246874,1.0,-0.0013876706727545,0.1112767100365775,0
1,0.3,1,6,30,tweezer_top,3242,-0.0715662159214785,-0.0172893410659361,1.0,-0.0626820063959033,0.0964108933561734,0
1,0.3,1,11,30,bearish_engulfing,1569,-0.0659717787177928,0.0701789694780376,1.0,-0.0035565989777054,0.1544664479378635,0
1,0.3,1,11,30,bearish_harami,670,-0.0787688269954005,-0.069961528392295,1.0,-0.2007283692920032,0.2740877430576018,0
1,0.3,1,11,30,bearish_kicker,173,-0.1156378894179385,-0.0358133433822342,1.0,-0.28448045249415,0.5167532482138375,0
1,0.3,1,11,30,bullish_engulfing,1481,0.1407793825423756,0.0832521202337011,1.0,0.0045404765383203,0.165283587774548,0
1,0.3,1,11,30,bullish_harami,644,-0.0638705297087795,-0.1155145520953825,1.0,-0.2545795201276905,0.2854718219240698,0
1,0.3,1,11,30,bullish_kicker,199,0.0267493951738497,-0.0463071110208843,1.0,-0.2936594748927701,0.5102121633794072,0
1,0.3,1,11,30,dark_cloud_cover,213,-0.0582359403877263,-0.1039384044445514,1.0,-0.3211863757021246,0.4600226409800355,0
1,0.3,1,11,30,dragonfly_doji,493,0.0775586531819031,-0.0246934559628515,1.0,-0.1671368818039642,0.3015213308984155,0
1,0.3,1,11,30,evening_star,43,0.1154915602897862,0.3040755932993777,1.0,-0.190785844293274,1.007343983945757,0
1,0.3,1,11,30,gravestone_doji,625,0.0338466700553017,0.1436672483058003,0.7643235676432357,0.0183185347534514,0.2648231205934457,0
1,0.3,1,11,30,hammer,1443,0.0353803401697466,-0.0038206053693367,1.0,-0.0996140397153476,0.1981107435032751,0
1,0.3,1,11,30,hanging_man,1683,-0.0894359801938436,-0.0108058380476429,1.0,-0.0964269176412155,0.1781605389896806,0
1,0.3,1,11,30,inverted_hammer,1593,0.0543731553000586,0.0739681047693479,1.0,-0.0216945286775743,0.1998512579940184,0
1,0.3,1,11,30,morning_star,44,0.39204008421514,0.2777712626875043,1.0,-0.2535179357380476,1.0927700855368845,0
1,0.3,1,11,30,piercing_line,183,0.0122920736534644,-0.0730756822332471,1.0,-0.3008337570560482,0.4690557465644702,0
1,0.3,1,11,30,shooting_star,1641,-0.0059821737563835,0.07539056842569,1.0,-0.0005023355397526,0.1587119147365616,0
1,0.3,1,11,30,three_black_crows,23,-0.1611403418143255,-0.1116606745543852,1.0,,,0
1,0.3,1,11,30,three_white_soldiers,19,0.0180716450737223,-0.0501239952927445,1.0,,,0
1,0.3,1,11,30,tweezer_bottom,3004,0.0658571365761491,0.0614397106225156,0.4087591240875912,0.0105366600342493,0.1036294373189684,0
1,0.3,1,11,30,tweezer_top,3242,-0.0715662159214785,0.0054770671468599,1.0,-0.0393210994052806,0.0951582151371231,0
1,0.3,2,1,5,bearish_engulfing,1525,-0.0490673574886398,0.0120849748676739,1.0,-0.0282438162437199,0.0828371612164408,0
1,0.3,2,1,5,bearish_harami,651,-0.0479144705270904,0.0239752130766824,1.0,-0.0659832333705209,0.191510607587656,0
1,0.3,2,1,5,bearish_kicker,171,-0.1805230055969828,0.0555636447932964,1.0,-0.0901610033861754,0.3107443723030885,0
1,0.3,2,1,5,bullish_engulfing,1486,0.1219844168609861,0.0887753659162063,0.0167983201679832,0.0398712705707047,0.100669896854931,1
1,0.3,2,1,5,bullish_harami,599,0.0637097351717258,0.086495776728257,1.0,-0.0073299972283845,0.1949823557963808,0
1,0.3,2,1,5,bullish_kicker,187,-0.1676819850499538,-0.1080917826576297,1.0,-0.2791121163119608,0.3479753665674463,0
1,0.3,2,1,5,dark_cloud_cover,195,-0.1002588543432699,0.06633416682838,1.0,-0.0582604223339082,0.2571919408471102,0
1,0.3,2,1,5,dragonfly_doji,467,-0.0461994315296067,0.0310329358623483,1.0,-0.0763456618162299,0.2265867547917718,0
1,0.3,2,1,5,evening_star,59,-0.1440495256427102,-0.0205127431384568,1.0,-0.237439138706818,0.4431715162011468,0
1,0.3,2,1,5,gravestone_doji,452,0.0063476920661107,-0.0618784109698142,1.0,-0.19485443257465,0.2769190474775178,0
1,0.3,2,1,5,hammer,1506,-0.0064199066374188,-0.0273967552302235,1.0,-0.0921870277757258,0.1372008653776259,0
1,0.3,2,1,5,hanging_man,1710,-0.0833948159629031,-0.0153049901914417,1.0,-0.0891123344634058,0.1524325307126369,0
1,0.3,2,1,5,inverted_hammer,1649,-0.0130320545522758,0.0343908659801641,1.0,-0.0425814247400559,0.1635608705624162,0
1,0.3,2,1,5,morning_star,47,-0.0120004097489083,-0.1881856597101925,1.0,-0.4545177112969638,0.5520132649989208,0
1,0.3,2,1,5,piercing_line,201,0.0619264347497705,0.0099199822775129,1.0,-0.1265656443810363,0.2787017491262631,0
1,0.3,2,1,5,shooting_star,1538,-0.011048223241881,0.030578600768097,1.0,-0.038064078842414,0.1430396363279439,0
1,0.3,2,1,5,three_black_crows,25,-0.1890536964789764,0.0435184175328005,1.0,,,0
1,0.3,2,1,5,three_white_soldiers,21,0.1371562468800922,0.1738116151988358,1.0,,,0
1,0.3,2,1,5,tweezer_bottom,3134,0.0471021964028168,0.0135455253386216,1.0,-0.0219503699529122,0.0731933052587026,0
1,0.3,2,1,5,tweezer_top,3259,-0.0370085954388224,0.0344298644140432,1.0,-0.0025483866076771,0.0764283633939867,0
1,0.3,2,1,15,bearish_engulfing,1525,-0.0490673574886398,0.0327865606404981,1.0,-0.0196058413031582,0.1081649569001918,0
1,0.3,2,1,15,bearish_harami,651,-0.0479144705270904,0.0563243752208083,1.0,-0.052794379153035,0.2231031197746873,0
1,0.3,2,1,15,bearish_kicker,171,-0.1805230055969828,-0.0189569572864001,1.0,-0.1913830229234315,0.3785741658843793,0
1,0.3,2,1,15,bullish_engulfing,1486,0.1219844168609861,0.07336622842112,0.3131686831316868,0.0126680447416767,0.1239826553373021,0
1,0.3,2,1,15,bullish_harami,599,0.0637097351717258,0.0058674885051542,1.0,-0.0968003859353187,0.2221333939919682,0
1,0.3,2,1,15,bullish_kicker,187,-0.1676819850499538,-0.1540537980362759,1.0,-0.3551771495925626,0.4201465753769252,0
1,0.3,2,1,15,dark_cloud_cover,195,-0.1002588543432699,-0.0131380581535926,1.0,-0.1637968071336162,0.3133518857856494,0
1,0.3,2,1,15,dragonfly_doji,467,-0.0461994315296067,-0.0748576428843016,1.0,-0.1998536440470336,0.2609754524848578,0
1,0.3,2,1,15,evening_star,59,-0.1440495256427102,-0.0252762974899666,1.0,-0.305005552061424,0.5730569663794137,0
1,0.3,2,1,15,gravestone_doji,452,0.0063476920661107,0.0946108514591263,1.0,-0.0452223192268392,0.2923930651886545,0
1,0.3,2,1,15,hammer,1506,-0.0064199066374188,0.0032352495672618,1.0,-0.0737690605845663,0.1565682438848229,0
1,0.3,2,1,15,hanging_man,1710,-0.0833948159629031,-0.0252593817178065,1.0,-0.1130130243012704,0.1855063331464385,0
1,0.3,2,1,15,inverted_hammer,1649,-0.0130320545522758,0.02392477387098,1.0,-0.072657819771025,0.2030906082364558,0
1,0.3,2,1,15,morning_star,47,-0.0120004097489083,-0.0535597383939781,1.0,-0.2763855110663615,0.4656467900122551,0
1,0.3,2,1,15,piercing_line,201,0.0619264347497705,0.0911288837405,1.0,-0.0898610299919232,0.3745222302529196,0
1,0.3,2,1,15,shooting_star,1538,-0.011048223241881,0.0452649363375006,1.0,-0.0216347166573329,0.1393292679846861,0
1,0.3,2,1,15,three_black_crows,25,-0.1890536964789764,-0.1834286124195504,1.0,,,0
1,0.3,2,1,15,three_white_soldiers,21,0.1371562468800922,0.2387684798256713,1.0,,,0
1,0.3,2,1,15,tweezer_bottom,3134,0.0471021964028168,-0.0075384513240075,1.0,-0.0524307918230423,0.0944556816933426,0
1,0.3,2,1,15,tweezer_top,3259,-0.0370085954388224,0.0124131656409512,1.0,-0.0260247532919656,0.0795538773264197,0
1,0.3,2,1,30,bearish_engulfing,1525,-0.0490673574886398,0.0122383093458967,1.0,-0.0440849753369211,0.1153008914441623,0
1,0.3,2,1,30,bearish_harami,651,-0.0479144705270904,-0.0337175539763418,1.0,-0.1553097248815706,0.2567219322311988,0
1,0.3,2,1,30,bearish_kicker,171,-0.1805230055969828,-0.086405700451115,1.0,-0.3030944699376902,0.4648998447953631,0
1,0.3,2,1,30,bullish_engulfing,1486,0.1219844168609861,0.1419067840399686,0.0083991600839916,0.0727502340330013,0.1435799806183017,1
1,0.3,2,1,30,bullish_harami,599,0.0637097351717258,0.0678494714445408,1.0,-0.0516013837630835,0.2468053780354711,0
1,0.3,2,1,30,bullish_kicker,187,-0.1676819850499538,-0.2263757434142171,1.0,-0.4849203159966071,0.5398975069861698,0
1,0.3,2,1,30,dark_cloud_cover,195,-0.1002588543432699,0.0562300784540069,1.0,-0.1134261770637142,0.349210214976313,0
1,0.3,2,1,30,dragonfly_doji,467,-0.0461994315296067,-0.1171013745241589,1.0,-0.2661415750275229,0.3100200567137247,0
1,0.3,2,1,30,evening_star,59,-0.1440495256427102,-0.169899606145244,1.0,-0.5435858749954819,0.7479464875384086,0
1,0.3,2,1,30,gravestone_doji,452,0.0063476920661107,0.0650040951956478,1.0,-0.0904953294300443,0.3279636698266262,0
1,0.3,2,1,30,hammer,1506,-0.0064199066374188,-0.0349066772063581,1.0,-0.1132652329961212,0.163937655039635,0
1,0.3,2,1,30,hanging_man,1710,-0.0833948159629031,-0.0712081698392158,1.0,-0.157608625725567,0.1784160718126179,0
1,0.3,2,1,30,inverted_hammer,1649,-0.0130320545522758,0.0261357195042789,1.0,-0.0649620594701758,0.187533146864635,0
1,0.3,2,1,30,morning_star,47,-0.0120004097489083,-0.3003741464141494,1.0,-0.7122420141590671,0.8515064570523638,0
1,0.3,2,1,30,piercing_line,201,0.0619264347497705,0.1289083269879193,1.0,-0.0844740554196743,0.4354484217463849,0
1,0.3,2,1,30,shooting_star,1538,-0.011048223241881,0.0981116286872002,0.233976602339766,0.0253184469813631,0.1510286667632212,0
1,0.3,2,1,30,three_black_crows,25,-0.1890536964789764,-0.1129283317172322,1.0,,,0
1,0.3,2,1,30,three_white_soldiers,21,0.1371562468800922,-0.0328687632406632,1.0,,,0
1,0.3,2,1,30,tweezer_bottom,3134,0.0471021964028168,0.0420130980741005,1.0,-0.0080691767730815,0.106238566223239,0
1,0.3,2,1,30,tweezer_top,3259,-0.0370085954388224,0.0491443699406093,0.754924507549245,0.0043081343632362,0.0931194992679868,0
1,0.3,2,6,30,bearish_engulfing,1525,-0.0490673574886398,0.0108722473179832,1.0,-0.0531030149010442,0.1320904046971154,0
1,0.3,2,6,30,bearish_harami,651,-0.0479144705270904,0.027726908602938,1.0,-0.1045113562017602,0.2780024075161326,0
1,0.3,2,6,30,bearish_kicker,171,-0.1805230055969828,-0.0853104128064643,1.0,-0.3239006848065962,0.4984819275046638,0
1,0.3,2,6,30,bullish_engulfing,1486,0.1219844168609861,0.1313631575976898,0.0083991600839916,0.0603609128549548,0.1457637427104076,1
1,0.3,2,6,30,bullish_harami,599,0.0637097351717258,0.0072252480367134,1.0,-0.1164452875376872,0.2543807184598307,0
1,0.3,2,6,30,bullish_kicker,187,-0.1676819850499538,-0.2333693370193132,1.0,-0.4804142187535758,0.5103493247587038,0
1,0.3,2,6,30,dark_cloud_cover,195,-0.1002588543432699,0.0616820969123703,1.0,-0.1307365251719096,0.4045795804669148,0
1,0.3,2,6,30,dragonfly_doji,467,-0.0461994315296067,-0.1304400147517328,1.0,-0.2816080317903992,0.3107989389379447,0
1,0.3,2,6,30,evening_star,59,-0.1440495256427102,-0.1061521803345229,1.0,-0.4272857413165632,0.6489083149446465,0
1,0.3,2,6,30,gravestone_doji,452,0.0063476920661107,0.0923020594353134,1.0,-0.0850465826241415,0.3735588606229718,0
1,0.3,2,6,30,hammer,1506,-0.0064199066374188,-0.036812100920048,1.0,-0.1100887721274795,0.1525148887110157,0
1,0.3,2,6,30,hanging_man,1710,-0.0833948159629031,-0.0345745675388917,1.0,-0.1246256169194608,0.1874026443788017,0
1,0.3,2,6,30,inverted_hammer,1649,-0.0130320545522758,-0.0107854124215589,1.0,-0.1100253260525043,0.2041707396687539,0
1,0.3,2,6,30,morning_star,47,-0.0120004097489083,0.0450405988664351,1.0,-0.3392932268699629,0.777199738345189,0
1,0.3,2,6,30,piercing_line,201,0.0619264347497705,0.1616987511819734,1.0,-0.075686696583641,0.4925871510172005,0
1,0.3,2,6,30,shooting_star,1538,-0.011048223241881,0.0525671823870242,1.0,-0.0283079542084287,0.1673951498909105,0
1,0.3,2,6,30,three_black_crows,25,-0.1890536964789764,-0.1148050300551334,1.0,,,0
1,0.3,2,6,30,three_white_soldiers,21,0.1371562468800922,-0.0606747310962364,1.0,,,0
1,0.3,2,6,30,tweezer_bottom,3134,0.0471021964028168,0.0499105944587395,0.7899210078992102,0.0061620108331745,0.0915796423076363,0
1,0.3,2,6,30,tweezer_top,3259,-0.0370085954388224,0.0209931847459139,1.0,-0.0223303634436416,0.0918309625831564,0
1,0.3,2,11,30,bearish_engulfing,1525,-0.0490673574886398,0.018904029020708,1.0,-0.0506834646057648,0.1449783746050174,0
1,0.3,2,11,30,bearish_harami,651,-0.0479144705270904,0.0328068678559173,1.0,-0.086165511180856,0.2522633423738405,0
1,0.3,2,11,30,bearish_kicker,171,-0.1805230055969828,0.0198802364500049,1.0,-0.1977705525484348,0.4633404357388769,0
1,0.3,2,11,30,bullish_engulfing,1486,0.1219844168609861,0.0914564460686674,0.3563643635636436,0.018570571015115,0.1537405489792983,0
1,0.3,2,11,30,bullish_harami,599,0.0637097351717258,0.0050676594536332,1.0,-0.1146457246448328,0.2496977725052936,0
1,0.3,2,11,30,bullish_kicker,187,-0.1676819850499538,-0.0708598420065319,1.0,-0.3010115475439656,0.4736767743101169,0
1,0.3,2,11,30,dark_cloud_cover,195,-0.1002588543432699,0.0933335921079976,1.0,-0.0842715735805889,0.3776517851306588,0
1,0.3,2,11,30,dragonfly_doji,467,-0.0461994315296067,0.0190347291259226,1.0,-0.135898998576988,0.326036214552393,0
1,0.3,2,11,30,evening_star,59,-0.1440495256427102,-0.0318393416442321,1.0,-0.3734497895005844,0.711384512720376,0
1,0.3,2,11,30,gravestone_doji,452,0.0063476920661107,0.1726867731918928,0.6967303269673033,0.0182642795827116,0.3181317047180182,0
1,0.3,2,11,30,hammer,1506,-0.0064199066374188,-0.0214226936997001,1.0,-0.0950471849917782,0.1508241384934697,0
1,0.3,2,11,30,hanging_man,1710,-0.0833948159629031,0.0039211919737279,1.0,-0.0813041734349539,0.1799173366076829,0
1,0.3,2,11,30,inverted_hammer,1649,-0.0130320545522758,0.0544420555355737,1.0,-0.0324985878870499,0.1836690924417804,0
1,0.3,2,11,30,morning_star,47,-0.0120004097489083,-0.0198508602359691,1.0,-0.4208502459680344,0.8351893339269749,0
1,0.3,2,11,30,piercing_line,201,0.0619264347497705,0.1041039378031042,1.0,-0.1107147605983377,0.4409728619847219,0
1,0.3,2,11,30,shooting_star,1538,-0.011048223241881,0.0173851740005713,1.0,-0.0645420960375181,0.1712952105068024,0
1,0.3,2,11,30,three_black_crows,25,-0.1890536964789764,-0.1844818238881102,1.0,,,0
1,0.3,2,11,30,three_white_soldiers,21,0.1371562468800922,-0.2008855181203228,1.0,,,0
1,0.3,2,11,30,tweezer_bottom,3134,0.0471021964028168,0.0345914141974377,1.0,-0.0143179646515531,0.1024909241558991,0
1,0.3,2,11,30,tweezer_top,3259,-0.0370085954388224,0.0418259062960901,1.0,-0.0027023306501308,0.0932711584586798,0
1,0.3,3,1,5,bearish_engulfing,1503,-0.0486400522917888,-0.0245413823412995,1.0,-0.0686458933442418,0.0926077560629801,0
1,0.3,3,1,5,bearish_harami,703,-0.1050912026513233,-0.0662526565306986,1.0,-0.1457362777530632,0.1649369904503286,0
1,0.3,3,1,5,bearish_kicker,168,-0.1278354331328468,0.0495427882376248,1.0,-0.0867797753861536,0.2819845670063337,0
1,0.3,3,1,5,bullish_engulfing,1425,0.1117870329540356,0.1050079152557252,0.0083991600839916,0.0528645660990398,0.1079161077584401,1
1,0.3,3,1,5,bullish_harami,662,0.0369633821365305,0.0050873710290578,1.0,-0.086800844849684,0.1932896084652046,0
1,0.3,3,1,5,bullish_kicker,159,-0.1524831419362518,0.0121896943590048,1.0,-0.1447126989212077,0.3319853251919381,0
1,0.3,3,1,5,dark_cloud_cover,198,-0.0993189389122565,0.0068980864579568,1.0,-0.1183191019368277,0.2572896045474005,0
1,0.3,3,1,5,dragonfly_doji,706,0.0616421505022793,-0.0670663438339595,1.0,-0.1718905495250244,0.2159967142642972,0
1,0.3,3,1,5,evening_star,47,-0.3508769685336778,-0.1576368822655831,1.0,-0.4451990297344138,0.6062476867502713,0
1,0.3,3,1,5,gravestone_doji,753,-0.0442576550401318,0.0371247621147273,1.0,-0.0510467463604565,0.1850094137744434,0
1,0.3,3,1,5,hammer,1567,0.0242811368307256,-0.0089935343970862,1.0,-0.0675781845634654,0.1202819007718436,0
1,0.3,3,1,5,hanging_man,1842,-0.0350212265712187,0.0645897191351706,1.0,-0.0237021788692982,0.1791735279981388,0
1,0.3,3,1,5,inverted_hammer,1750,0.0783434303395674,0.1217016142079882,0.2621737826217378,0.0315662417611519,0.1897007418618918,0
1,0.3,3,1,5,morning_star,37,-0.0588840927176028,-0.1965369056642557,1.0,-0.4872780733510148,0.5724772390144875,0
1,0.3,3,1,5,piercing_line,171,0.03424269884788,0.0118275835077602,1.0,-0.152845775280108,0.3437442245302387,0
1,0.3,3,1,5,shooting_star,1706,-0.0206560347738299,0.0201058488900753,1.0,-0.0302434065810131,0.1053824720250892,0
1,0.3,3,1,5,three_black_crows,15,0.1753657006929717,0.0736575093977048,1.0,,,0
1,0.3,3,1,5,three_white_soldiers,16,-0.2323602322055033,-0.1550446266096576,1.0,,,0
1,0.3,3,1,5,tweezer_bottom,2852,0.0581889262794462,0.0436608073152618,0.23997600239976,0.0112655520705879,0.0678889325643345,0
1,0.3,3,1,5,tweezer_top,2935,-0.0397492493262244,0.0123002381327753,1.0,-0.0281959758351177,0.0836930315175717,0
1,0.3,3,1,15,bearish_engulfing,1503,-0.0486400522917888,-0.0162194813264022,1.0,-0.0682636784316413,0.1093813158737432,0
1,0.3,3,1,15,bearish_harami,703,-0.1050912026513233,-0.0792615557075239,1.0,-0.1800051410591096,0.2080978244503575,0
1,0.3,3,1,15,bearish_kicker,168,-0.1278354331328468,0.0122873929984194,1.0,-0.1758038553403585,0.3906920757126522,0
1,0.3,3,1,15,bullish_engulfing,1425,0.1117870329540356,0.1110970316843779,0.0231976802319768,0.0486920555053963,0.130850554173787,1
1,0.3,3,1,15,bullish_harami,662,0.0369633821365305,0.0217661731586703,1.0,-0.0719807053381363,0.1983134538689646,0
1,0.3,3,1,15,bullish_kicker,159,-0.1524831419362518,-0.046412745541347,1.0,-0.2614407054621094,0.4498631377713109,0
1,0.3,3,1,15,dark_cloud_cover,198,-0.0993189389122565,-0.1004560353618755,1.0,-0.2671821698143818,0.3453916839193965,0
1,0.3,3,1,15,dragonfly_doji,706,0.0616421505022793,-0.0923439900756377,1.0,-0.2042565362756361,0.2278611903577158,0
1,0.3,3,1,15,evening_star,47,-0.3508769685336778,-0.4951525932512371,1.0,-0.9167749537735198,0.8804608752110997,0
1,0.3,3,1,15,gravestone_doji,753,-0.0442576550401318,0.0640508761771307,1.0,-0.0289591483912049,0.1968985890661173,0
1,0.3,3,1,15,hammer,1567,0.0242811368307256,-0.0182062392033888,1.0,-0.0866427276804373,0.1437428118774513,0
1,0.3,3,1,15,hanging_man,1842,-0.0350212265712187,0.0508804027367882,1.0,-0.0387270710026451,0.1858777212715398,0
1,0.3,3,1,15,inverted_hammer,1750,0.0783434303395674,0.0807959869684288,1.0,-0.0083801932487633,0.1862696335441609,0
1,0.3,3,1,15,morning_star,37,-0.0588840927176028,-0.2733611907010671,1.0,-0.6565478297819595,0.8023380855907012,0
1,0.3,3,1,15,piercing_line,171,0.03424269884788,0.0245829675554886,1.0,-0.1766339161866519,0.4228148081539918,0
1,0.3,3,1,15,shooting_star,1706,-0.0206560347738299,0.0657472081077479,0.7727227277272273,0.0034002793643982,0.1275472885694277,0
1,0.3,3,1,15,three_black_crows,15,0.1753657006929717,-0.0564170923974352,1.0,,,0
1,0.3,3,1,15,three_white_soldiers,16,-0.2323602322055033,-0.2602760069953353,1.0,,,0
1,0.3,3,1,15,tweezer_bottom,2852,0.0581889262794462,0.0526697104810901,0.6143385661433857,0.0054089583805264,0.0967804520574225,0
1,0.3,3,1,15,tweezer_top,2935,-0.0397492493262244,0.0040070576208559,1.0,-0.0408832576741122,0.0915126020829896,0
1,0.3,3,1,30,bearish_engulfing,1503,-0.0486400522917888,-0.025692932294613,1.0,-0.0795574548831385,0.1134503692805763,0
1,0.3,3,1,30,bearish_harami,703,-0.1050912026513233,-0.0610962200599173,1.0,-0.1696556273172695,0.2332769618064391,0
1,0.3,3,1,30,bearish_kicker,168,-0.1278354331328468,-0.0811233019432429,1.0,-0.3106722142577507,0.4570292294024177,0
1,0.3,3,1,30,bullish_engulfing,1425,0.1117870329540356,0.1039971302610912,0.10998900109989,0.033248381148347,0.1458718850716624,0
1,0.3,3,1,30,bullish_harami,662,0.0369633821365305,-0.0617609110341768,1.0,-0.1829036271090664,0.2542680703310968,0
1,0.3,3,1,30,bullish_kicker,159,-0.1524831419362518,-0.0911838631278034,1.0,-0.3207914971229699,0.4657063908180822,0
1,0.3,3,1,30,dark_cloud_cover,198,-0.0993189389122565,-0.0013188835959312,1.0,-0.2150426312124807,0.4461040004873561,0
1,0.3,3,1,30,dragonfly_doji,706,0.0616421505022793,-0.0328033413279665,1.0,-0.1535465436575061,0.2478911592481387,0
1,0.3,3,1,30,evening_star,47,-0.3508769685336778,-0.2469899154279377,1.0,-0.613508719638744,0.7446128233693919,0
1,0.3,3,1,30,gravestone_doji,753,-0.0442576550401318,0.0595971441085068,1.0,-0.05249178275595,0.2394361319280974,0
1,0.3,3,1,30,hammer,1567,0.0242811368307256,0.0041482515925148,1.0,-0.0689435319562266,0.1466996419972532,0
1,0.3,3,1,30,hanging_man,1842,-0.0350212265712187,0.1015495096242817,0.4047595240475953,0.0185065122774628,0.1734767894459951,0
1,0.3,3,1,30,inverted_hammer,1750,0.0783434303395674,0.0712702817268748,1.0,-0.0181333339165665,0.1821176441702434,0
1,0.3,3,1,30,morning_star,37,-0.0588840927176028,-0.2155948245922447,1.0,-0.5552383171143831,0.7291560247388921,0
1,0.3,3,1,30,piercing_line,171,0.03424269884788,0.0631597445124801,1.0,-0.1410160163742241,0.4354594023059409,0
1,0.3,3,1,30,shooting_star,1706,-0.0206560347738299,0.0685402808019794,1.0,0.0012330548407357,0.1423771404779016,0
1,0.3,3,1,30,three_black_crows,15,0.1753657006929717,-0.5512947997768545,1.0,,,0
1,0.3,3,1,30,three_white_soldiers,16,-0.2323602322055033,-0.1954560357463615,1.0,,,0
1,0.3,3,1,30,tweezer_bottom,2852,0.0581889262794462,0.067535816761564,0.10998900109989,0.0229581588026035,0.0930956875620864,0
1,0.3,3,1,30,tweezer_top,2935,-0.0397492493262244,0.00259071709547,1.0,-0.045732719401779,0.0985153358585046,0
1,0.3,3,6,30,bearish_engulfing,1503,-0.0486400522917888,-0.0029616792448484,1.0,-0.0641624422699391,0.127404417232433,0
1,0.3,3,6,30,bearish_harami,703,-0.1050912026513233,-0.076348746392276,1.0,-0.1873948498118081,0.2326229368354138,0
1,0.3,3,6,30,bearish_kicker,168,-0.1278354331328468,0.0478149718291752,1.0,-0.1575252720266806,0.4034175964682889,0
1,0.3,3,6,30,bullish_engulfing,1425,0.1117870329540356,0.1040245110023504,0.1103889611038896,0.0314830058477441,0.1501465594319158,0
1,0.3,3,6,30,bullish_harami,662,0.0369633821365305,0.0175658323082973,1.0,-0.109137196090992,0.2655432520281616,0
1,0.3,3,6,30,bullish_kicker,159,-0.1524831419362518,-0.1018697506825756,1.0,-0.3367489257053548,0.4776684424024579,0
1,0.3,3,6,30,dark_cloud_cover,198,-0.0993189389122565,-0.055512173374477,1.0,-0.2565819201035462,0.4272500652265996,0
1,0.3,3,6,30,dragonfly_doji,706,0.0616421505022793,0.0242435587076779,1.0,-0.1041164769027309,0.2618832789818869,0
1,0.3,3,6,30,evening_star,47,-0.3508769685336778,-0.2094365206411801,1.0,-0.5548833194266444,0.6980465775004201,0
1,0.3,3,6,30,gravestone_doji,753,-0.0442576550401318,0.0514079596738142,1.0,-0.0739830661314818,0.2659738051449093,0
1,0.3,3,6,30,hammer,1567,0.0242811368307256,0.0335107863043253,1.0,-0.0425502490066109,0.1578550549424454,0
1,0.3,3,6,30,hanging_man,1842,-0.0350212265712187,0.120738890640544,0.0647935206479352,0.0423592097594558,0.1629284215968425,0
1,0.3,3,6,30,inverted_hammer,1750,0.0783434303395674,0.0939169096284002,0.6347365263473653,0.0083893035766051,0.1757066767869759,0
1,0.3,3,6,30,morning_star,37,-0.0588840927176028,-0.1474081970650511,1.0,-0.5267574203797103,0.7650176327117107,0
1,0.3,3,6,30,piercing_line,171,0.03424269884788,-0.0474363697191263,1.0,-0.2400714267389424,0.4147951732247192,0
1,0.3,3,6,30,shooting_star,1706,-0.0206560347738299,0.0530693411284217,1.0,-0.0206907527926761,0.1552553186102478,0
1,0.3,3,6,30,three_black_crows,15,0.1753657006929717,-0.2489907360311862,1.0,,,0
1,0.3,3,6,30,three_white_soldiers,16,-0.2323602322055033,0.0002955625231255,1.0,,,0
1,0.3,3,6,30,tweezer_bottom,2852,0.0581889262794462,0.0407312595105435,1.0,-0.0093458369142843,0.1039256191168075,0
1,0.3,3,6,30,tweezer_top,2935,-0.0397492493262244,0.0181601007118063,1.0,-0.0311099054192081,0.1026074453210854,0
1,0.3,3,11,30,bearish_engulfing,1503,-0.0486400522917888,0.0065572918951394,1.0,-0.0560008840994863,0.1309367841214284,0
1,0.3,3,11,30,bearish_harami,703,-0.1050912026513233,-0.0661823139925895,1.0,-0.1999113929057898,0.2751664720592967,0
1,0.3,3,11,30,bearish_kicker,168,-0.1278354331328468,-0.1489269107969487,1.0,-0.384767208303971,0.4719276964916914,0
1,0.3,3,11,30,bullish_engulfing,1425,0.1117870329540356,0.0806011141416953,0.6117388261173883,0.0078158712134827,0.1507781131152504,0
1,0.3,3,11,30,bullish_harami,662,0.0369633821365305,-0.0129118829596274,1.0,-0.1370163550788036,0.2626181237127505,0
1,0.3,3,11,30,bullish_kicker,159,-0.1524831419362518,-0.1424455898379156,1.0,-0.3748581959102088,0.4686994287839339,0
1,0.3,3,11,30,dark_cloud_cover,198,-0.0993189389122565,-0.0529692559752403,1.0,-0.2642028849580478,0.4508553285824182,0
1,0.3,3,11,30,dragonfly_doji,706,0.0616421505022793,0.0341164460896246,1.0,-0.0930462600944197,0.2582392659403271,0
1,0.3,3,11,30,evening_star,47,-0.3508769685336778,-0.2034381825804583,1.0,-0.5836738516809086,0.789533606013767,0
1,0.3,3,11,30,gravestone_doji,753,-0.0442576550401318,0.0303015021897056,1.0,-0.0816351696747479,0.239000867568377,0
1,0.3,3,11,30,hammer,1567,0.0242811368307256,0.0567014339310323,1.0,-0.0236554190782827,0.1620625967394691,0
1,0.3,3,11,30,hanging_man,1842,-0.0350212265712187,0.0494082307595884,1.0,-0.0397674749166608,0.1854599417509734,0
1,0.3,3,11,30,inverted_hammer,1750,0.0783434303395674,0.1032717865629952,0.5663433656634336,0.010861149512625,0.1878201877702311,0
1,0.3,3,11,30,morning_star,37,-0.0588840927176028,-0.0558446168815359,1.0,-0.4477890106181286,0.7948342182128567,0
1,0.3,3,11,30,piercing_line,171,0.03424269884788,0.0842514634128452,1.0,-0.1325357001951667,0.4528823223886507,0
1,0.3,3,11,30,shooting_star,1706,-0.0206560347738299,0.0912565344383607,0.53994600539946,0.0146085914572154,0.1613563736289406,0
1,0.3,3,11,30,three_black_crows,15,0.1753657006929717,-0.0824557357210344,1.0,,,0
1,0.3,3,11,30,three_white_soldiers,16,-0.2323602322055033,-0.0743624212568441,1.0,,,0
1,0.3,3,11,30,tweezer_bottom,2852,0.0581889262794462,0.0329259121438224,1.0,-0.0126875634174462,0.0947166584573157,0
1,0.3,3,11,30,tweezer_top,2935,-0.0397492493262244,0.0341309569754741,1.0,-0.0088369405074809,0.0899967710469567,0
1,0.3,4,1,5,bearish_engulfing,1603,-0.0581677269339746,0.0136344942293765,1.0,-0.0295305573956911,0.0906339334267275,0
1,0.3,4,1,5,bearish_harami,759,-0.0490897675380829,0.0398269072968317,1.0,-0.0450136055314987,0.18065655857517,0
1,0.3,4,1,5,bearish_kicker,208,0.1444873322860672,0.0619902567582302,1.0,-0.0845293445478861,0.3120861651953658,0
1,0.3,4,1,5,bullish_engulfing,1467,0.1536139368135938,0.138409209355544,0.0083991600839916,0.0886284436234319,0.1051173472730988,1
1,0.3,4,1,5,bullish_harami,690,-0.0276518410244419,-0.0017336778886763,1.0,-0.0900375245328241,0.1794362353385535,0
1,0.3,4,1,5,bullish_kicker,184,-0.038350464172838,0.0356068835142292,1.0,-0.1121879739663285,0.307389923873448,0
1,0.3,4,1,5,dark_cloud_cover,164,-0.1109545102687536,0.0954812399357118,1.0,-0.0540896474764376,0.3096760873739411,0
1,0.3,4,1,5,dragonfly_doji,630,0.041114358264099,0.0651518582056897,1.0,-0.0397990772415262,0.2223554723535658,0
1,0.3,4,1,5,evening_star,48,-0.1368263834000603,0.0191810140218143,1.0,-0.1916559986032663,0.4148112943221204,0
1,0.3,4,1,5,gravestone_doji,713,-0.007783163336408,-0.0016031435505126,1.0,-0.0960244700999521,0.199519270959068,0
1,0.3,4,1,5,hammer,1403,0.0181012427170389,-0.02359050297643,1.0,-0.0850256652944249,0.1281670515874509,0
1,0.3,4,1,5,hanging_man,1671,-0.0416716705654165,0.0390689872707293,1.0,-0.0294521846924039,0.1434550244248073,0
1,0.3,4,1,5,inverted_hammer,1571,0.0115677884949148,-0.0043559415838621,1.0,-0.0897965018729683,0.1807454010990434,0
1,0.3,4,1,5,morning_star,44,-0.1788277397569079,-0.0896170625886444,1.0,-0.3648570046830358,0.5489956780018911,0
1,0.3,4,1,5,piercing_line,166,0.057653782641471,0.0652014542586926,1.0,-0.1054793982854235,0.3494536988147718,0
1,0.3,4,1,5,shooting_star,1571,-0.0403136178551516,0.0143324304258072,1.0,-0.0402310872244647,0.1164373040217327,0
1,0.3,4,1,5,three_black_crows,16,-0.2153015410873046,-0.1991600225115753,1.0,,,0
1,0.3,4,1,5,three_white_soldiers,18,-0.1573057113620697,-0.1275875236577728,1.0,,,0
1,0.3,4,1,5,tweezer_bottom,2899,0.0873787069694286,0.0408476269492021,1.0,0.0009099946535205,0.0818653670681109,0
1,0.3,4,1,5,tweezer_top,3097,-0.0527345352239504,0.021543644820028,1.0,-0.0143622763120439,0.0750967648960629,0
1,0.3,4,1,15,bearish_engulfing,1603,-0.0581677269339746,-0.035720885818777,1.0,-0.0919400470004845,0.1168275556452344,0
1,0.3,4,1,15,bearish_harami,759,-0.0490897675380829,0.0746190124459689,1.0,-0.0243188972388537,0.2069400583404018,0
1,0.3,4,1,15,bearish_kicker,208,0.1444873322860672,0.1864013609905388,0.8349165083491652,0.0110273353471635,0.3572068708747868,0
1,0.3,4,1,15,bullish_engulfing,1467,0.1536139368135938,0.1084525923954777,0.1275872412758724,0.042150772536087,0.1404236161727932,0
1,0.3,4,1,15,bullish_harami,690,-0.0276518410244419,-0.0397697267897914,1.0,-0.1610521828185407,0.2549919359312938,0
1,0.3,4,1,15,bullish_kicker,184,-0.038350464172838,0.011538503257909,1.0,-0.1537361242809123,0.3441632763167432,0
1,0.3,4,1,15,dark_cloud_cover,164,-0.1109545102687536,0.0228123009769232,1.0,-0.1765733330443891,0.413547627463694,0
1,0.3,4,1,15,dragonfly_doji,630,0.041114358264099,0.0540191441771844,1.0,-0.0600304072616213,0.2386497304738277,0
1,0.3,4,1,15,evening_star,48,-0.1368263834000603,-0.0150246022702072,1.0,-0.2615095189356611,0.504440682212454,0
1,0.3,4,1,15,gravestone_doji,713,-0.007783163336408,0.0838477640738301,1.0,-0.0246631472726202,0.2349634610716346,0
1,0.3,4,1,15,hammer,1403,0.0181012427170389,-0.0590458784543317,1.0,-0.1323762688570406,0.1513815153444377,0
1,0.3,4,1,15,hanging_man,1671,-0.0416716705654165,0.0331926393477762,1.0,-0.0561368442330662,0.1832231568622877,0
1,0.3,4,1,15,inverted_hammer,1571,0.0115677884949148,-0.0081483687036969,1.0,-0.1053424796009148,0.2036856574643663,0
1,0.3,4,1,15,morning_star,44,-0.1788277397569079,-0.1058360765193662,1.0,-0.436294697671921,0.676406431532046,0
1,0.3,4,1,15,piercing_line,166,0.057653782641471,-0.0225851434909384,1.0,-0.2103277005464406,0.3933435432172228,0
1,0.3,4,1,15,shooting_star,1571,-0.0403136178551516,0.0583704690250307,1.0,-0.0028530847858616,0.1285547753841338,0
1,0.3,4,1,15,three_black_crows,16,-0.2153015410873046,0.0345234131270982,1.0,,,0
1,0.3,4,1,15,three_white_soldiers,18,-0.1573057113620697,-0.0842346913538799,1.0,,,0
1,0.3,4,1,15,tweezer_bottom,2899,0.0873787069694286,0.0634070185545982,0.1343865613438656,0.0178093113087135,0.0933469187278197,0
1,0.3,4,1,15,tweezer_top,3097,-0.0527345352239504,0.051000923038232,0.2287771222877712,0.0123456645689598,0.0800732964238304,0
1,0.3,4,1,30,bearish_engulfing,1603,-0.0581677269339746,-0.0038798172547854,1.0,-0.0688996610383359,0.133983533922363,0
1,0.3,4,1,30,bearish_harami,759,-0.0490897675380829,0.0242617985969171,1.0,-0.07034160303724,0.2001625220918837,0
1,0.3,4,1,30,bearish_kicker,208,0.1444873322860672,0.1351555881597979,1.0,-0.0489782454862434,0.3747477110826513,0
1,0.3,4,1,30,bullish_engulfing,1467,0.1536139368135938,0.1005916084069568,0.2407759224077592,0.0258571195408039,0.1523270858262826,0
1,0.3,4,1,30,bullish_harami,690,-0.0276518410244419,-0.116410050720206,1.0,-0.2323893080450133,0.239932517592408,0
1,0.3,4,1,30,bullish_kicker,184,-0.038350464172838,-0.0495958471531272,1.0,-0.2605090354537166,0.4447812762239629,0
1,0.3,4,1,30,dark_cloud_cover,164,-0.1109545102687536,-0.0124321342510439,1.0,-0.2385546860941179,0.4680063538359452,0
1,0.3,4,1,30,dragonfly_doji,630,0.041114358264099,0.0001592387188403,1.0,-0.1244481931092284,0.2611203473538733,0
1,0.3,4,1,30,evening_star,48,-0.1368263834000603,-0.0889017053492503,1.0,-0.4204797352127015,0.6706435467967565,0
1,0.3,4,1,30,gravestone_doji,713,-0.007783163336408,0.1600760573667211,0.4697530246975302,0.0347031043596926,0.2654387419730409,0
1,0.3,4,1,30,hammer,1403,0.0181012427170389,-0.0457042822903634,1.0,-0.1402190411975412,0.1973104303154752,0
1,0.3,4,1,30,hanging_man,1671,-0.0416716705654165,0.0179135658271307,1.0,-0.0637675403227255,0.1710788977107614,0
1,0.3,4,1,30,inverted_hammer,1571,0.0115677884949148,-0.0437596039821245,1.0,-0.1408915283446666,0.2007963983668279,0
1,0.3,4,1,30,morning_star,44,-0.1788277397569079,-0.1762391130473285,1.0,-0.556548323579674,0.784046700082546,0
1,0.3,4,1,30,piercing_line,166,0.057653782641471,-0.0859585906923513,1.0,-0.3184228902886833,0.4791417287600246,0
1,0.3,4,1,30,shooting_star,1571,-0.0403136178551516,-0.0111891371391913,1.0,-0.0839414046419744,0.1486193539115239,0
1,0.3,4,1,30,three_black_crows,16,-0.2153015410873046,-0.1021119416118977,1.0,,,0
1,0.3,4,1,30,three_white_soldiers,18,-0.1573057113620697,-0.1065691899787025,1.0,,,0
1,0.3,4,1,30,tweezer_bottom,2899,0.0873787069694286,0.0402964457333258,1.0,-0.0135936871010958,0.1115836140433641,0
1,0.3,4,1,30,tweezer_top,3097,-0.0527345352239504,0.0261617941882719,1.0,-0.0203540065443991,0.0988692049050964,0
1,0.3,4,6,30,bearish_engulfing,1603,-0.0581677269339746,-0.0212016786175517,1.0,-0.0905229908752362,0.1420628941656184,0
1,0.3,4,6,30,bearish_harami,759,-0.0490897675380829,0.0499382569783828,1.0,-0.072391812433422,0.2571821934512449,0
1,0.3,4,6,30,bearish_kicker,208,0.1444873322860672,0.2328220526776638,0.458954104589541,0.0463800170941753,0.3868221909370241,0
1,0.3,4,6,30,bullish_engulfing,1467,0.1536139368135938,0.1320847476006597,0.0083991600839916,0.0681775449375826,0.1293313061610272,1
1,0.3,4,6,30,bullish_harami,690,-0.0276518410244419,-0.0437857791853431,1.0,-0.1586719435621018,0.2394254704958809,0
1,0.3,4,6,30,bullish_kicker,184,-0.038350464172838,-0.0184003580989958,1.0,-0.238241716945718,0.4706715969324992,0
1,0.3,4,6,30,dark_cloud_cover,164,-0.1109545102687536,-0.0586273577422851,1.0,-0.3017947884125767,0.4930871779842289,0
1,0.3,4,6,30,dragonfly_doji,630,0.041114358264099,-0.0859196194538776,1.0,-0.2338981937085137,0.2963874424539067,0
1,0.3,4,6,30,evening_star,48,-0.1368263834000603,0.0640694971424562,1.0,-0.2907123021536724,0.7366208785520301,0
1,0.3,4,6,30,gravestone_doji,713,-0.007783163336408,0.0780238011228002,1.0,-0.0435271431430626,0.2624073747338649,0
1,0.3,4,6,30,hammer,1403,0.0181012427170389,0.0359905862803213,1.0,-0.0522019568754582,0.1816096592243558,0
1,0.3,4,6,30,hanging_man,1671,-0.0416716705654165,0.0073714159221331,1.0,-0.0877305861117569,0.1961624943248488,0
1,0.3,4,6,30,inverted_hammer,1571,0.0115677884949148,-0.0424863832581595,1.0,-0.1419320170299919,0.2069100693095816,0
1,0.3,4,6,30,morning_star,44,-0.1788277397569079,-0.1371670963773004,1.0,-0.5768757941415034,0.9160759274488156,0
1,0.3,4,6,30,piercing_line,166,0.057653782641471,0.1003736616266296,1.0,-0.1276293493942699,0.4662846223532723,0
1,0.3,4,6,30,shooting_star,1571,-0.0403136178551516,-0.0142366475734421,1.0,-0.0891600588616592,0.1546632458420931,0
1,0.3,4,6,30,three_black_crows,16,-0.2153015410873046,-0.1222609813393291,1.0,,,0
1,0.3,4,6,30,three_white_soldiers,18,-0.1573057113620697,-0.1271864952967489,1.0,,,0
1,0.3,4,6,30,tweezer_bottom,2899,0.0873787069694286,0.0428039901003632,1.0,-0.0147458090121254,0.1193788848120207,0
1,0.3,4,6,30,tweezer_top,3097,-0.0527345352239504,0.0074813514909901,1.0,-0.0340535253095687,0.0858006476758237,0
1,0.3,4,11,30,bearish_engulfing,1603,-0.0581677269339746,-0.0341456945301974,1.0,-0.1097663270765644,0.1537084706878204,0
1,0.3,4,11,30,bearish_harami,759,-0.0490897675380829,0.058548604924949,1.0,-0.0540876000383587,0.2356399988265033,0
1,0.3,4,11,30,bearish_kicker,208,0.1444873322860672,0.2570896181602644,0.2861713828617138,0.0572801861088783,0.4082503241632392,0
1,0.3,4,11,30,bullish_engulfing,1467,0.1536139368135938,0.1636887652987078,0.0083991600839916,0.0919561165220232,0.1456299166815692,1
1,0.3,4,11,30,bullish_harami,690,-0.0276518410244419,-0.0042029149238679,1.0,-0.1245659018745364,0.2515207300636994,0
1,0.3,4,11,30,bullish_kicker,184,-0.038350464172838,-0.0583077362358218,1.0,-0.2759822578041178,0.4595981903470745,0
1,0.3,4,11,30,dark_cloud_cover,164,-0.1109545102687536,-0.0775070525184609,1.0,-0.3179826176198082,0.5023728762902181,0
1,0.3,4,11,30,dragonfly_doji,630,0.041114358264099,-0.0559892467725236,1.0,-0.201161635338017,0.3009090512139927,0
1,0.3,4,11,30,evening_star,48,-0.1368263834000603,0.093645479780682,1.0,-0.2830581659419428,0.7821434204375969,0
1,0.3,4,11,30,gravestone_doji,713,-0.007783163336408,0.1162782437566779,1.0,-0.0127507124378772,0.2734428936799292,0
1,0.3,4,11,30,hammer,1403,0.0181012427170389,0.0043180006655157,1.0,-0.0867543629527176,0.1861130836925628,0
1,0.3,4,11,30,hanging_man,1671,-0.0416716705654165,0.0435113141282169,1.0,-0.0506444762533538,0.196732058508144,0
1,0.3,4,11,30,inverted_hammer,1571,0.0115677884949148,-0.1181809973211411,1.0,-0.2264299188314086,0.2293281440097097,0
1,0.3,4,11,30,morning_star,44,-0.1788277397569079,0.1370205534865588,1.0,-0.2545464815001442,0.8417206100715736,0
1,0.3,4,11,30,piercing_line,166,0.057653782641471,0.1931246933385682,1.0,-0.0754945765532326,0.5476198804404954,0
1,0.3,4,11,30,shooting_star,1571,-0.0403136178551516,0.0287579685580018,1.0,-0.0531344593660099,0.1691840282331234,0
1,0.3,4,11,30,three_black_crows,16,-0.2153015410873046,-0.1535221115538393,1.0,,,0
1,0.3,4,11,30,three_white_soldiers,18,-0.1573057113620697,-0.1850052112830535,1.0,,,0
1,0.3,4,11,30,tweezer_bottom,2899,0.0873787069694286,0.049414363617917,1.0,-0.006588502561197,0.1160748828724603,0
1,0.3,4,11,30,tweezer_top,3097,-0.0527345352239504,0.0168705899348762,1.0,-0.0295803243800312,0.0950137029335313,0
1,0.3,5,1,5,bearish_engulfing,1604,-0.0497778152160259,0.0118247413623786,1.0,-0.0329442875808557,0.0932475864467812,0
1,0.3,5,1,5,bearish_harami,733,-0.0468987619414808,0.0338794831656541,1.0,-0.0438141203182078,0.1629111842555304,0
1,0.3,5,1,5,bearish_kicker,195,-0.1177873063830708,-0.0158202188418699,1.0,-0.1410127693559603,0.2584123189116218,0
1,0.3,5,1,5,bullish_engulfing,1530,0.1388722280146434,0.1316637117188444,0.0083991600839916,0.0821466527281435,0.1004038129035646,1
1,0.3,5,1,5,bullish_harami,696,-0.0254226358270621,-0.07551211086563,1.0,-0.1694924085669026,0.1959775916791689,0
1,0.3,5,1,5,bullish_kicker,192,-0.1090404801018632,-0.0925273355063519,1.0,-0.2089254537501078,0.2456830225482048,0
1,0.3,5,1,5,dark_cloud_cover,161,-0.0722029157467813,0.0016119434393945,1.0,-0.1457864479054651,0.3070562027398174,0
1,0.3,5,1,5,dragonfly_doji,516,0.0245142029438476,0.0967394719088806,1.0,-0.0066138488299042,0.217450708348285,0
1,0.3,5,1,5,evening_star,40,-0.222783078835346,-0.163948083546862,1.0,-0.4654170017851849,0.6008949646826921,0
1,0.3,5,1,5,gravestone_doji,611,0.0030263457437895,0.0324918590341091,1.0,-0.0861578830506284,0.2463133065223836,0
1,0.3,5,1,5,hammer,1476,0.0132299040916182,0.0209631929465922,1.0,-0.0449445230273536,0.1355948648008083,0
1,0.3,5,1,5,hanging_man,1656,0.0054771418470551,0.0163903726057063,1.0,-0.0660317851495364,0.1647307459562177,0
1,0.3,5,1,5,inverted_hammer,1514,0.0224190841747462,0.0109898790810539,1.0,-0.0595182823190936,0.1442433301054137,0
1,0.3,5,1,5,morning_star,42,0.0295256799251172,0.1729341146522549,1.0,-0.0583820044858778,0.5129227490937258,0
1,0.3,5,1,5,piercing_line,171,-0.0243734510723765,-0.0510453598729912,1.0,-0.1911417854155823,0.2950141980211067,0
1,0.3,5,1,5,shooting_star,1567,-0.0655503749608366,-0.0159227371341212,1.0,-0.0784037789534557,0.1316696295430378,0
1,0.3,5,1,5,three_black_crows,24,-0.1617247059880953,0.0195593979937866,1.0,,,0
1,0.3,5,1,5,three_white_soldiers,25,0.2361059305309528,0.0116480858980104,1.0,,,0
1,0.3,5,1,5,tweezer_bottom,3050,0.0393218371908338,0.0604936652389452,0.077992200779922,0.020387159860264,0.0824216155512553,0
1,0.3,5,1,5,tweezer_top,3173,-0.0442718604548451,-0.0051217876831411,1.0,-0.0352291420656747,0.0632154631770828,0
1,0.3,5,1,15,bearish_engulfing,1604,-0.0497778152160259,-0.002633951970177,1.0,-0.0580910925761196,0.1149358561062094,0
1,0.3,5,1,15,bearish_harami,733,-0.0468987619414808,0.0227679170571052,1.0,-0.0755568693529933,0.2057320197255515,0
1,0.3,5,1,15,bearish_kicker,195,-0.1177873063830708,0.0293389605938478,1.0,-0.1319826752430554,0.3394936784395851,0
1,0.3,5,1,15,bullish_engulfing,1530,0.1388722280146434,0.1520241601983905,0.0083991600839916,0.0905613175407298,0.1274259348586122,1
1,0.3,5,1,15,bullish_harami,696,-0.0254226358270621,-0.0678115836969039,1.0,-0.1679014954120892,0.2076728313027145,0
1,0.3,5,1,15,bullish_kicker,192,-0.1090404801018632,0.0345955760071065,1.0,-0.1171278242625014,0.3180365967997035,0
1,0.3,5,1,15,dark_cloud_cover,161,-0.0722029157467813,-0.0153234536540222,1.0,-0.2067988511449541,0.3971619058183142,0
1,0.3,5,1,15,dragonfly_doji,516,0.0245142029438476,-0.0277352696176646,1.0,-0.1629491846951182,0.2832689567024299,0
1,0.3,5,1,15,evening_star,40,-0.222783078835346,-0.3508858309501884,1.0,-0.7593986215801517,0.8661855658476297,0
1,0.3,5,1,15,gravestone_doji,611,0.0030263457437895,0.0666183117205206,1.0,-0.0458328487109288,0.2411913406656965,0
1,0.3,5,1,15,hammer,1476,0.0132299040916182,-0.0251322760852561,1.0,-0.1048318798293019,0.1672165975809563,0
1,0.3,5,1,15,hanging_man,1656,0.0054771418470551,0.0897281947876963,0.6999300069993001,0.010344465863632,0.1674523025825803,0
1,0.3,5,1,15,inverted_hammer,1514,0.0224190841747462,0.0493038779788913,1.0,-0.0389352682890058,0.1829808281765222,0
1,0.3,5,1,15,morning_star,42,0.0295256799251172,0.3320793939898974,1.0,-0.0491868527306744,0.7999667074578617,0
1,0.3,5,1,15,piercing_line,171,-0.0243734510723765,-0.0316986652755202,1.0,-0.2167895979427681,0.380873214559646,0
1,0.3,5,1,15,shooting_star,1567,-0.0655503749608366,0.0301804215179894,1.0,-0.0333438016227564,0.1335163378665084,0
1,0.3,5,1,15,three_black_crows,24,-0.1617247059880953,0.1482704923819035,1.0,,,0
1,0.3,5,1,15,three_white_soldiers,25,0.2361059305309528,0.0179340037521293,1.0,,,0
1,0.3,5,1,15,tweezer_bottom,3050,0.0393218371908338,0.0409129897733243,1.0,-0.0029883430318955,0.0914899387990907,0
1,0.3,5,1,15,tweezer_top,3173,-0.0442718604548451,0.0110886253307052,1.0,-0.0358455508841743,0.0982883309062682,0
1,0.3,5,1,30,bearish_engulfing,1604,-0.0497778152160259,0.0601864838086368,0.6447355264473553,0.0088059596535774,0.1075944495610978,0
1,0.3,5,1,30,bearish_harami,733,-0.0468987619414808,0.042276864484625,1.0,-0.0762486435410675,0.2444355378637706,0
1,0.3,5,1,30,bearish_kicker,195,-0.1177873063830708,-0.153657267820894,1.0,-0.3513045909121185,0.410438396980086,0
1,0.3,5,1,30,bullish_engulfing,1530,0.1388722280146434,0.1258408740721625,0.0173982601739826,0.0530421728085131,0.1515673634123341,1
1,0.3,5,1,30,bullish_harami,696,-0.0254226358270621,0.000371841938139,1.0,-0.1251644430556979,0.2622310343174537,0
1,0.3,5,1,30,bullish_kicker,192,-0.1090404801018632,0.0026039209647879,1.0,-0.1703119170762095,0.353947401992978,0
1,0.3,5,1,30,dark_cloud_cover,161,-0.0722029157467813,0.0426484692597744,1.0,-0.19419395081045,0.4921937009950647,0
1,0.3,5,1,30,dragonfly_doji,516,0.0245142029438476,0.0876896406719693,1.0,-0.0711354076545919,0.3347403258167125,0
1,0.3,5,1,30,evening_star,40,-0.222783078835346,-0.283415956398699,1.0,-0.6745385752302591,0.8721642346380121,0
1,0.3,5,1,30,gravestone_doji,611,0.0030263457437895,0.027533802600317,1.0,-0.1078987122807539,0.2834092545535247,0
1,0.3,5,1,30,hammer,1476,0.0132299040916182,0.0203280536110728,1.0,-0.0618896241306933,0.1705816956208342,0
1,0.3,5,1,30,hanging_man,1656,0.0054771418470551,0.0835193579919047,1.0,-0.0009488649628619,0.1724741364288783,0
1,0.3,5,1,30,inverted_hammer,1514,0.0224190841747462,0.042354170100857,1.0,-0.0503713597655605,0.192257806042418,0
1,0.3,5,1,30,morning_star,42,0.0295256799251172,0.1633445548796244,1.0,-0.3633358323599616,1.0870731172948078,0
1,0.3,5,1,30,piercing_line,171,-0.0243734510723765,-0.0137996666857218,1.0,-0.2411358061908848,0.4735505982224036,0
1,0.3,5,1,30,shooting_star,1567,-0.0655503749608366,0.0035063331129632,1.0,-0.076074573994103,0.1658030029276007,0
1,0.3,5,1,30,three_black_crows,24,-0.1617247059880953,0.0351314672299485,1.0,,,0
1,0.3,5,1,30,three_white_soldiers,25,0.2361059305309528,0.0728809939312818,1.0,,,0
1,0.3,5,1,30,tweezer_bottom,3050,0.0393218371908338,0.0446019574745597,1.0,7.925817846543715e-05,0.0930782447475554,0
1,0.3,5,1,30,tweezer_top,3173,-0.0442718604548451,0.0343947492995629,1.0,-0.0148191857012972,0.1042604141884046,0
1,0.3,5,6,30,bearish_engulfing,1604,-0.0497778152160259,0.0323490093034282,1.0,-0.0279885934573833,0.124101113037787,0
1,0.3,5,6,30,bearish_harami,733,-0.0468987619414808,-0.0133618777586027,1.0,-0.1370734477193926,0.2525483763684235,0
1,0.3,5,6,30,bearish_kicker,195,-0.1177873063830708,-0.1307110143982174,1.0,-0.3538387040248047,0.4590044700407161,0
1,0.3,5,6,30,bullish_engulfing,1530,0.1388722280146434,0.1520034644613267,0.0083991600839916,0.0819681091445235,0.1476099525406354,1
1,0.3,5,6,30,bullish_harami,696,-0.0254226358270621,-0.026700517550189,1.0,-0.1515635168444334,0.2643202484680282,0
1,0.3,5,6,30,bullish_kicker,192,-0.1090404801018632,-0.0251791608729702,1.0,-0.2143633248705192,0.3852699996104226,0
1,0.3,5,6,30,dark_cloud_cover,161,-0.0722029157467813,0.0752651638779826,1.0,-0.1438739242368448,0.4679788177513719,0
1,0.3,5,6,30,dragonfly_doji,516,0.0245142029438476,0.0852539245786172,1.0,-0.0645956477050717,0.3118549184803375,0
1,0.3,5,6,30,evening_star,40,-0.222783078835346,-0.0348134495870729,1.0,-0.3980031094618797,0.8055605726876387,0
1,0.3,5,6,30,gravestone_doji,611,0.0030263457437895,0.0700845576303361,1.0,-0.0790039416550699,0.3146175528076598,0
1,0.3,5,6,30,hammer,1476,0.0132299040916182,-0.0177493231580659,1.0,-0.0993805069516813,0.1709538761054906,0
1,0.3,5,6,30,hanging_man,1656,0.0054771418470551,0.1102052340818091,0.233976602339766,0.0234676570552105,0.1765732820890284,0
1,0.3,5,6,30,inverted_hammer,1514,0.0224190841747462,-0.0157333017778196,1.0,-0.1098475035653706,0.1940509061907604,0
1,0.3,5,6,30,morning_star,42,0.0295256799251172,-0.0561990538270232,1.0,-0.7064963712753396,1.355291488251295,0
1,0.3,5,6,30,piercing_line,171,-0.0243734510723765,-0.0338316956288352,1.0,-0.2634422040346469,0.476105821020679,0
1,0.3,5,6,30,shooting_star,1567,-0.0655503749608366,0.0194507474890707,1.0,-0.0584616838083194,0.1593590124865459,0
1,0.3,5,6,30,three_black_crows,24,-0.1617247059880953,0.1331993227793652,1.0,,,0
1,0.3,5,6,30,three_white_soldiers,25,0.2361059305309528,0.076335031828133,1.0,,,0
1,0.3,5,6,30,tweezer_bottom,3050,0.0393218371908338,0.022121778336489,1.0,-0.0246967025228039,0.0974713759026567,0
1,0.3,5,6,30,tweezer_top,3173,-0.0442718604548451,0.0282716230708192,1.0,-0.0149323472306902,0.090816298832513,0
1,0.3,5,11,30,bearish_engulfing,1604,-0.0497778152160259,0.0536835260839515,1.0,-0.0133190820538888,0.1395393884961797,0
1,0.3,5,11,30,bearish_harami,733,-0.0468987619414808,-0.0208852460378757,1.0,-0.1443660801028826,0.2521709422726324,0
1,0.3,5,11,30,bearish_kicker,195,-0.1177873063830708,-0.0565982096672757,1.0,-0.2820097971305976,0.4663184970231639,0
1,0.3,5,11,30,bullish_engulfing,1530,0.1388722280146434,0.1453426486376788,0.0231976802319768,0.0660946248742878,0.1675240804088036,1
1,0.3,5,11,30,bullish_harami,696,-0.0254226358270621,-0.0513827572779545,1.0,-0.1850801561073858,0.2739887197074165,0
1,0.3,5,11,30,bullish_kicker,192,-0.1090404801018632,0.0573830611020082,1.0,-0.1387185371618922,0.409062530989232,0
1,0.3,5,11,30,dark_cloud_cover,161,-0.0722029157467813,0.0904801419007867,1.0,-0.152280992947767,0.4940608393924421,0
1,0.3,5,11,30,dragonfly_doji,516,0.0245142029438476,0.0198895518885254,1.0,-0.1240949835951771,0.305536339724231,0
1,0.3,5,11,30,evening_star,40,-0.222783078835346,-0.0140840555711608,1.0,-0.5377516072612278,1.1298968146994122,0
1,0.3,5,11,30,gravestone_doji,611,0.0030263457437895,-0.0011916113413592,1.0,-0.1516096448917823,0.3138624452313289,0
1,0.3,5,11,30,hammer,1476,0.0132299040916182,0.0016223907393864,1.0,-0.0808194038640347,0.172867315079174,0
1,0.3,5,11,30,hanging_man,1656,0.0054771418470551,0.0190988684915584,1.0,-0.0629670752757417,0.1710829774671217,0
1,0.3,5,11,30,inverted_hammer,1514,0.0224190841747462,0.0010689685576022,1.0,-0.1010315975921669,0.2167353092706421,0
1,0.3,5,11,30,morning_star,42,0.0295256799251172,0.2818556874291983,1.0,-0.2718818247402318,1.130749961321473,0
1,0.3,5,11,30,piercing_line,171,-0.0243734510723765,-0.0294652627834506,1.0,-0.2881687410672665,0.5359414827880337,0
1,0.3,5,11,30,shooting_star,1567,-0.0655503749608366,-0.0206845273599271,1.0,-0.1040273792831267,0.1727078951629801,0
1,0.3,5,11,30,three_black_crows,24,-0.1617247059880953,0.2463410602631902,1.0,,,0
1,0.3,5,11,30,three_white_soldiers,25,0.2361059305309528,0.1929945443648195,1.0,,,0
1,0.3,5,11,30,tweezer_bottom,3050,0.0393218371908338,0.0274448248575991,1.0,-0.0254567470179019,0.1109202459614058,0
1,0.3,5,11,30,tweezer_top,3173,-0.0442718604548451,0.0334539211511469,1.0,-0.0119490126062562,0.0955670368381497,0
1,0.3,6,1,5,bearish_engulfing,1474,-0.0396843270673765,0.0422060864715862,1.0,-0.0070381115941274,0.1025289176791831,0
1,0.3,6,1,5,bearish_harami,660,-0.1234449089145578,0.0467931382724853,1.0,-0.0377616721015101,0.1794009121294815,0
1,0.3,6,1,5,bearish_kicker,198,-0.0687913147461661,-0.0055065189402338,1.0,-0.1710415950015565,0.3355981252115355,0
1,0.3,6,1,5,bullish_engulfing,1416,0.1146211302130574,0.1067163892091092,0.0083991600839916,0.0597900235403974,0.0984296140499738,1
1,0.3,6,1,5,bullish_harami,662,0.0256189746781011,0.017895483594366,1.0,-0.0648427314951902,0.1729683157460069,0
1,0.3,6,1,5,bullish_kicker,194,0.0588507249742623,-0.0130489299266892,1.0,-0.1651725284499574,0.3048838721682583,0
1,0.3,6,1,5,dark_cloud_cover,193,-0.1107132028558344,-0.0376812243537959,1.0,-0.1877378680585192,0.300595919347205,0
1,0.3,6,1,5,dragonfly_doji,570,-0.0196486657817384,-0.0643636825533557,1.0,-0.162947183381394,0.2043651160545456,0
1,0.3,6,1,5,evening_star,48,-0.1763445948312731,-0.0657765018753696,1.0,-0.3498966852178587,0.6055352194219248,0
1,0.3,6,1,5,gravestone_doji,634,-0.0229230646873687,0.0270818296881297,1.0,-0.0745788178647707,0.2160581944048254,0
1,0.3,6,1,5,hammer,1525,0.0155455490377187,-0.0270771963195837,1.0,-0.0894192870019961,0.1299311280814704,0
1,0.3,6,1,5,hanging_man,1833,-0.0351757150412611,0.1014273452830598,0.1241875812418758,0.0291679379748192,0.1462666329719427,0
1,0.3,6,1,5,inverted_hammer,1699,0.0489348681732435,0.0217210219233223,1.0,-0.0515363371876081,0.1537469017559251,0
1,0.3,6,1,5,morning_star,48,0.0355364475525238,-0.2303231753127742,1.0,-0.4775947971990776,0.5093052881125534,0
1,0.3,6,1,5,piercing_line,186,-0.0654950274117864,0.0007358494447559,1.0,-0.1390124788645159,0.2999421485374133,0
1,0.3,6,1,5,shooting_star,1670,-0.034615784306349,0.0191891062190595,1.0,-0.0415919210359935,0.1259181629010441,0
1,0.3,6,1,5,three_black_crows,18,-0.1769029935756997,0.0361063629758078,1.0,,,0
1,0.3,6,1,5,three_white_soldiers,17,-0.1608461636317657,-0.0493784846068908,1.0,,,0
1,0.3,6,1,5,tweezer_bottom,3045,0.041366568773135,0.0235615139909001,1.0,-0.0145499154389625,0.079168224445102,0
1,0.3,6,1,5,tweezer_top,3121,-0.0338298820556228,0.0140217152061452,1.0,-0.0217990522538817,0.074771340129988,0
1,0.3,6,1,15,bearish_engulfing,1474,-0.0396843270673765,0.016879785745683,1.0,-0.0366822328080863,0.110678334621734,0
1,0.3,6,1,15,bearish_harami,660,-0.1234449089145578,0.0002645972816651,1.0,-0.1255806067698061,0.2660284054698665,0
1,0.3,6,1,15,bearish_kicker,198,-0.0687913147461661,0.0820198831054175,1.0,-0.0978226300293718,0.3739179837557526,0
1,0.3,6,1,15,bullish_engulfing,1416,0.1146211302130574,0.1241923990267389,0.0083991600839916,0.0599090486813069,0.1332735233494438,1
1,0.3,6,1,15,bullish_harami,662,0.0256189746781011,0.0372112430440903,1.0,-0.0666495833905553,0.215438077502201,0
1,0.3,6,1,15,bullish_kicker,194,0.0588507249742623,0.1044486182482782,1.0,-0.0737771233357841,0.3860561881537268,0
1,0.3,6,1,15,dark_cloud_cover,193,-0.1107132028558344,-0.1177724530523169,1.0,-0.282168069393672,0.3414692628382988,0
1,0.3,6,1,15,dragonfly_doji,570,-0.0196486657817384,-0.0818431459383296,1.0,-0.203285794536194,0.2531055568647561,0
1,0.3,6,1,15,evening_star,48,-0.1763445948312731,0.0193475696068601,1.0,-0.3591647309105315,0.7735441441047614,0
1,0.3,6,1,15,gravestone_doji,634,-0.0229230646873687,0.0615909545809846,1.0,-0.0543540110400155,0.2422159797736285,0
1,0.3,6,1,15,hammer,1525,0.0155455490377187,0.0058694471138499,1.0,-0.0649806397183652,0.1475622985470944,0
1,0.3,6,1,15,hanging_man,1833,-0.0351757150412611,0.0217477960329984,1.0,-0.0583299615974939,0.1630243896377818,0
1,0.3,6,1,15,inverted_hammer,1699,0.0489348681732435,0.0884118595479542,1.0,-0.0060882984949473,0.195102122005122,0
1,0.3,6,1,15,morning_star,48,0.0355364475525238,-0.1711512409527228,1.0,-0.5253546668777619,0.7234310215292082,0
1,0.3,6,1,15,piercing_line,186,-0.0654950274117864,-0.0006150067570353,1.0,-0.1863847524375559,0.3868807552231932,0
1,0.3,6,1,15,shooting_star,1670,-0.034615784306349,-0.0091709935952044,1.0,-0.0741613497967836,0.1355611080679594,0
1,0.3,6,1,15,three_black_crows,18,-0.1769029935756997,-0.0241532849824753,1.0,,,0
1,0.3,6,1,15,three_white_soldiers,17,-0.1608461636317657,0.1714892928172381,1.0,,,0
1,0.3,6,1,15,tweezer_bottom,3045,0.041366568773135,0.0226743400916131,1.0,-0.0223611894259984,0.0942568815499705,0
1,0.3,6,1,15,tweezer_top,3121,-0.0338298820556228,0.0137367831575987,1.0,-0.0290405794458979,0.0877330297533509,0
1,0.3,6,1,30,bearish_engulfing,1474,-0.0396843270673765,0.0396168412974905,1.0,-0.0318610346510309,0.1472339252877249,0
1,0.3,6,1,30,bearish_harami,660,-0.1234449089145578,-0.0359907752092807,1.0,-0.1645332203692414,0.2635015149046022,0
1,0.3,6,1,30,bearish_kicker,198,-0.0687913147461661,-0.0444049666366874,1.0,-0.245774382737554,0.4218664857374888,0
1,0.3,6,1,30,bullish_engulfing,1416,0.1146211302130574,0.1146816641390147,0.0083991600839916,0.0528218093014227,0.127991100249032,1
1,0.3,6,1,30,bullish_harami,662,0.0256189746781011,0.00408223023059,1.0,-0.1104470405361599,0.2410325197009579,0
1,0.3,6,1,30,bullish_kicker,194,0.0588507249742623,0.2166244941141572,0.8371162883711628,0.0271931376908142,0.3989290484795443,0
1,0.3,6,1,30,dark_cloud_cover,193,-0.1107132028558344,-0.2441983489920667,1.0,-0.4706326264166904,0.4680226224264764,0
1,0.3,6,1,30,dragonfly_doji,570,-0.0196486657817384,-0.100147925342389,1.0,-0.2205317685270705,0.2587014813887838,0
1,0.3,6,1,30,evening_star,48,-0.1763445948312731,0.1233483437365549,1.0,-0.32884511811193,0.9484107879660406,0
1,0.3,6,1,30,gravestone_doji,634,-0.0229230646873687,0.0474853876114415,1.0,-0.0779920090933976,0.2572885927502085,0
1,0.3,6,1,30,hammer,1525,0.0155455490377187,-0.0382077702585247,1.0,-0.1132467488775838,0.1586456712809986,0
1,0.3,6,1,30,hanging_man,1833,-0.0351757150412611,0.0357270540182552,1.0,-0.053631013012029,0.1795765377879159,0
1,0.3,6,1,30,inverted_hammer,1699,0.0489348681732435,0.0814421509780653,1.0,-0.0008428762057153,0.1738244971850119,0
1,0.3,6,1,30,morning_star,48,0.0355364475525238,-0.156723329506678,1.0,-0.5115920076092649,0.7309510636721807,0
1,0.3,6,1,30,piercing_line,186,-0.0654950274117864,-0.1584127626174114,1.0,-0.3788058694737521,0.464438565834635,0
1,0.3,6,1,30,shooting_star,1670,-0.034615784306349,0.0458630314800929,1.0,-0.0218063895066861,0.1414890002059431,0
1,0.3,6,1,30,three_black_crows,18,-0.1769029935756997,-0.0592883462000556,1.0,,,0
1,0.3,6,1,30,three_white_soldiers,17,-0.1608461636317657,-0.1540841190152854,1.0,,,0
1,0.3,6,1,30,tweezer_bottom,3045,0.041366568773135,0.039378860978293,1.0,-0.0107064044781955,0.1048077879528402,0
1,0.3,6,1,30,tweezer_top,3121,-0.0338298820556228,0.0198505084125602,1.0,-0.0271078473089966,0.0968853649561439,0
1,0.3,6,6,30,bearish_engulfing,1474,-0.0396843270673765,0.0190007439103814,1.0,-0.0482264929442934,0.1405559031732228,0
1,0.3,6,6,30,bearish_harami,660,-0.1234449089145578,-0.0690125632444941,1.0,-0.1731729440188804,0.2220692371008184,0
1,0.3,6,6,30,bearish_kicker,198,-0.0687913147461661,0.0103374633377722,1.0,-0.2132739534616876,0.4683293639525347,0
1,0.3,6,6,30,bullish_engulfing,1416,0.1146211302130574,0.1082695414731793,0.1511848815118488,0.0357018278785671,0.1529474140700337,0
1,0.3,6,6,30,bullish_harami,662,0.0256189746781011,0.0190569574541164,1.0,-0.1054381014757032,0.2595495436364931,0
1,0.3,6,6,30,bullish_kicker,194,0.0588507249742623,0.0347443746170155,1.0,-0.1681599427724237,0.4273689417353589,0
1,0.3,6,6,30,dark_cloud_cover,193,-0.1107132028558344,-0.2017110454517023,1.0,-0.4268726469969928,0.4603432481817375,0
1,0.3,6,6,30,dragonfly_doji,570,-0.0196486657817384,-0.0241744349853111,1.0,-0.1654050736680111,0.2978820317680054,0
1,0.3,6,6,30,evening_star,48,-0.1763445948312731,0.0502783494807951,1.0,-0.4253097499364974,0.9794546331689036,0
1,0.3,6,6,30,gravestone_doji,634,-0.0229230646873687,0.070276990708194,1.0,-0.0558619912538453,0.2598376390723151,0
1,0.3,6,6,30,hammer,1525,0.0155455490377187,-0.1069192070836576,1.0,-0.1889937241138259,0.1710781081484742,0
1,0.3,6,6,30,hanging_man,1833,-0.0351757150412611,0.1057377630609426,0.2483751624837516,0.0278332648736214,0.1612799303273721,0
1,0.3,6,6,30,inverted_hammer,1699,0.0489348681732435,0.0990450697557621,0.6863313668633136,0.0107047357906358,0.18432300465034,0
1,0.3,6,6,30,morning_star,48,0.0355364475525238,-0.1530400722350201,1.0,-0.5196518007746148,0.753005546956563,0
1,0.3,6,6,30,piercing_line,186,-0.0654950274117864,0.0090431250358074,1.0,-0.2337813506450078,0.5098298304378103,0
1,0.3,6,6,30,shooting_star,1670,-0.034615784306349,0.0826671002678263,0.494950504949505,0.012050270575474,0.1486010598604061,0
1,0.3,6,6,30,three_black_crows,18,-0.1769029935756997,-0.0696682078374665,1.0,,,0
1,0.3,6,6,30,three_white_soldiers,17,-0.1608461636317657,-0.2919273134555513,1.0,,,0
1,0.3,6,6,30,tweezer_bottom,3045,0.041366568773135,0.0254000850727366,1.0,-0.0240752818041871,0.1030521768857345,0
1,0.3,6,6,30,tweezer_top,3121,-0.0338298820556228,0.034627769515399,1.0,-0.0156249152559776,0.1042020994097817,0
1,0.3,6,11,30,bearish_engulfing,1474,-0.0396843270673765,0.0172538261155425,1.0,-0.0606218277314815,0.1615686232603161,0
1,0.3,6,11,30,bearish_harami,660,-0.1234449089145578,-0.1051984100924884,1.0,-0.2248452672425909,0.2462227579975441,0
1,0.3,6,11,30,bearish_kicker,198,-0.0687913147461661,0.0400697213449055,1.0,-0.1929496071628701,0.5109134644710146,0
1,0.3,6,11,30,bullish_engulfing,1416,0.1146211302130574,0.1049079389970355,0.3067693230676932,0.0271171977960144,0.1663000143536406,0
1,0.3,6,11,30,bullish_harami,662,0.0256189746781011,0.0243564865580218,1.0,-0.0919616308814896,0.2414557213483031,0
1,0.3,6,11,30,bullish_kicker,194,0.0588507249742623,0.1276516199481112,1.0,-0.084756863393921,0.4356271652979634,0
1,0.3,6,11,30,dark_cloud_cover,193,-0.1107132028558344,-0.1353883615984864,1.0,-0.3625047673698773,0.4639456009062663,0
1,0.3,6,11,30,dragonfly_doji,570,-0.0196486657817384,-0.0510777140156801,1.0,-0.1810505877946479,0.2762229095082928,0
1,0.3,6,11,30,evening_star,48,-0.1763445948312731,0.1430802048720272,1.0,-0.3225753539216262,0.9657887732716862,0
1,0.3,6,11,30,gravestone_doji,634,-0.0229230646873687,0.156139612686075,0.296970302969703,0.0412841782697976,0.2413467573612551,0
1,0.3,6,11,30,hammer,1525,0.0155455490377187,-0.0561105063569071,1.0,-0.1459066299841255,0.185440650801377,0
1,0.3,6,11,30,hanging_man,1833,-0.0351757150412611,0.1475528012082309,0.0083991600839916,0.0704455683376498,0.1573043318403177,1
1,0.3,6,11,30,inverted_hammer,1699,0.0489348681732435,0.1005648254155068,1.0,-0.0022819410621557,0.2106037084454295,0
1,0.3,6,11,30,morning_star,48,0.0355364475525238,0.036473408669777,1.0,-0.376382472336296,0.8781808844068562,0
1,0.3,6,11,30,piercing_line,186,-0.0654950274117864,0.0055098087130229,1.0,-0.2370788100742087,0.5128950921805124,0
1,0.3,6,11,30,shooting_star,1670,-0.034615784306349,0.0844728844979238,1.0,-0.0072095706914292,0.1885719528130371,0
1,0.3,6,11,30,three_black_crows,18,-0.1769029935756997,-0.3316928023536017,1.0,,,0
1,0.3,6,11,30,three_white_soldiers,17,-0.1608461636317657,-0.3908500670806591,1.0,,,0
1,0.3,6,11,30,tweezer_bottom,3045,0.041366568773135,0.0342228365147209,1.0,-0.0185940650631295,0.1122889745373718,0
1,0.3,6,11,30,tweezer_top,3121,-0.0338298820556228,0.0309290414062111,1.0,-0.0183163821766549,0.1018915592323974,0
1,0.3,7,1,5,bearish_engulfing,1525,-0.0657657044552172,-0.0151900026196765,1.0,-0.0622211680411783,0.0966048127292596,0
1,0.3,7,1,5,bearish_harami,651,-0.0751862734545809,-0.0440382975648728,1.0,-0.132693505255175,0.1829372320189977,0
1,0.3,7,1,5,bearish_kicker,173,0.0118424171828318,0.0596198676132263,1.0,-0.0999898628967371,0.3350604525329798,0
1,0.3,7,1,5,bullish_engulfing,1451,0.0853384806910228,0.0747563542783953,0.0405959404059594,0.0288990380623645,0.0950774874014424,1
1,0.3,7,1,5,bullish_harami,608,0.036003548091145,-0.0222541518569062,1.0,-0.1172256763886618,0.1988442305025748,0
1,0.3,7,1,5,bullish_kicker,178,-0.0042199451608084,0.0285607334274341,1.0,-0.1147693154670018,0.296395602899663,0
1,0.3,7,1,5,dark_cloud_cover,217,0.0496333475820709,0.029556401956169,1.0,-0.1091222833596042,0.2951381082972075,0
1,0.3,7,1,5,dragonfly_doji,447,0.0549235367289744,0.0609621155231041,1.0,-0.0554966291218695,0.2444750123950586,0
1,0.3,7,1,5,evening_star,48,-0.1286774624468148,0.0730241539927718,1.0,-0.1544899848179161,0.4432912289507156,0
1,0.3,7,1,5,gravestone_doji,519,-0.0390108063824912,-0.0166830902808736,1.0,-0.1142646761882578,0.204310685769402,0
1,0.3,7,1,5,hammer,1499,0.0099511548827495,0.0346304820515961,1.0,-0.0310026605022428,0.1362542259914589,0
1,0.3,7,1,5,hanging_man,1690,-0.0560278333583477,-0.0003313931230896,1.0,-0.0697102456351198,0.1455782315283473,0
1,0.3,7,1,5,inverted_hammer,1598,-0.007904145920988,-0.0205574782116682,1.0,-0.0891438438553557,0.1412378581896164,0
1,0.3,7,1,5,morning_star,48,0.2136930204477235,0.0284472478728879,1.0,-0.2261220078888328,0.5041452723537733,0
1,0.3,7,1,5,piercing_line,222,-0.1147544070343495,-0.0850415692287972,1.0,-0.2145823469987716,0.2680735890115139,0
1,0.3,7,1,5,shooting_star,1606,-0.0018595603233648,0.0025786062473735,1.0,-0.0605771906108309,0.1266049504354852,0
1,0.3,7,1,5,three_black_crows,18,-0.025330419251659,0.254518954772122,1.0,,,0
1,0.3,7,1,5,three_white_soldiers,33,0.190745593846522,-0.0176907350217953,1.0,-0.2310799396500483,0.498188673387987,0
1,0.3,7,1,5,tweezer_bottom,3094,0.0388533972971184,0.03020156282752,1.0,-0.0087697194330474,0.0813311944202569,0
1,0.3,7,1,5,tweezer_top,3198,-0.035674646750865,-0.0152496166530191,1.0,-0.0494741136907766,0.0708913498683997,0
1,0.3,7,1,15,bearish_engulfing,1525,-0.0657657044552172,0.0131002123495111,1.0,-0.0427986452198881,0.1159569389066238,0
1,0.3,7,1,15,bearish_harami,651,-0.0751862734545809,-0.0511748752307264,1.0,-0.1670162634495965,0.2443734360310608,0
1,0.3,7,1,15,bearish_kicker,173,0.0118424171828318,0.172928792665013,1.0,-0.0038604066628072,0.3689094542257267,0
1,0.3,7,1,15,bullish_engulfing,1451,0.0853384806910228,0.034542772467295,1.0,-0.0235171245314718,0.1214511193827718,0
1,0.3,7,1,15,bullish_harami,608,0.036003548091145,0.0466088948523808,1.0,-0.061065727565667,0.2163863103527787,0
1,0.3,7,1,15,bullish_kicker,178,-0.0042199451608084,0.1985058026236485,0.917908209179082,0.0206504977011179,0.3791668255697246,0
1,0.3,7,1,15,dark_cloud_cover,217,0.0496333475820709,-0.0517695576519114,1.0,-0.2009590620202113,0.3205180604281332,0
1,0.3,7,1,15,dragonfly_doji,447,0.0549235367289744,0.1021826506417768,1.0,-0.049284132074485,0.3094172618047272,0
1,0.3,7,1,15,evening_star,48,-0.1286774624468148,0.0181164963635321,1.0,-0.3111489129888231,0.6716882642530938,0
1,0.3,7,1,15,gravestone_doji,519,-0.0390108063824912,0.0155337273758657,1.0,-0.099696998878292,0.235693216548171,0
1,0.3,7,1,15,hammer,1499,0.0099511548827495,0.017551544436101,1.0,-0.0567960908477541,0.1527808508527703,0
1,0.3,7,1,15,hanging_man,1690,-0.0560278333583477,0.0141924871084558,1.0,-0.0701540815812431,0.1767991198923701,0
1,0.3,7,1,15,inverted_hammer,1598,-0.007904145920988,-0.0873936531936905,1.0,-0.1779456800601261,0.1881918162947487,0
1,0.3,7,1,15,morning_star,48,0.2136930204477235,0.0431733359154647,1.0,-0.2980275901165705,0.6843907544948418,0
1,0.3,7,1,15,piercing_line,222,-0.1147544070343495,-0.0323440585882161,1.0,-0.1988932682254597,0.3434274973926435,0
1,0.3,7,1,15,shooting_star,1606,-0.0018595603233648,0.0305791491102283,1.0,-0.0300813721251125,0.1284788000383716,0
1,0.3,7,1,15,three_black_crows,18,-0.025330419251659,0.3031647296909257,1.0,,,0
1,0.3,7,1,15,three_white_soldiers,33,0.190745593846522,0.2153318478204957,1.0,-0.0547957123995605,0.5873727509693777,0
1,0.3,7,1,15,tweezer_bottom,3094,0.0388533972971184,0.0322055879565046,1.0,-0.0148062067472001,0.0994058830617962,0
1,0.3,7,1,15,tweezer_top,3198,-0.035674646750865,0.00948694582724,1.0,-0.0375210120015725,0.0972114828458898,0
1,0.3,7,1,30,bearish_engulfing,1525,-0.0657657044552172,-0.03052097829248,1.0,-0.0897378398917628,0.1272470170728884,0
1,0.3,7,1,30,bearish_harami,651,-0.0751862734545809,-0.0466667570439672,1.0,-0.1613991099918122,0.2436372577503177,0
1,0.3,7,1,30,bearish_kicker,173,0.0118424171828318,0.2427719766584885,0.7071292870712929,0.0267153887779762,0.4514179119415389,0
1,0.3,7,1,30,bullish_engulfing,1451,0.0853384806910228,0.0479739572315678,1.0,-0.0125969971119472,0.1308811989857964,0
1,0.3,7,1,30,bullish_harami,608,0.036003548091145,0.0724371459532061,1.0,-0.0448807747105697,0.2383664127804469,0
1,0.3,7,1,30,bullish_kicker,178,-0.0042199451608084,0.0302671280518259,1.0,-0.1899609263225435,0.4546485815759602,0
1,0.3,7,1,30,dark_cloud_cover,217,0.0496333475820709,0.0972861742840231,1.0,-0.0678352804114194,0.3486506284296518,0
1,0.3,7,1,30,dragonfly_doji,447,0.0549235367289744,0.1118483542361363,1.0,-0.0348177040046115,0.2967432176939945,0
1,0.3,7,1,30,evening_star,48,-0.1286774624468148,-0.1885010228806881,1.0,-0.5580252979348818,0.7577579886237961,0
1,0.3,7,1,30,gravestone_doji,519,-0.0390108063824912,0.0443964284134422,1.0,-0.0831543751804117,0.259601231233103,0
1,0.3,7,1,30,hammer,1499,0.0099511548827495,-0.00889903508081,1.0,-0.0936596289858196,0.1759395553428271,0
1,0.3,7,1,30,hanging_man,1690,-0.0560278333583477,-0.009048845297501,1.0,-0.0987341796411404,0.1891083371342114,0
1,0.3,7,1,30,inverted_hammer,1598,-0.007904145920988,-0.0801883255386936,1.0,-0.1729254177198531,0.1833631281805726,0
1,0.3,7,1,30,morning_star,48,0.2136930204477235,0.1276627539212025,1.0,-0.3270403061287459,0.9326008741119824,0
1,0.3,7,1,30,piercing_line,222,-0.1147544070343495,-0.1237017367264945,1.0,-0.2902952200338347,0.3554027995371254,0
1,0.3,7,1,30,shooting_star,1606,-0.0018595603233648,0.0141066754763471,1.0,-0.0575374553568394,0.1449577381661726,0
1,0.3,7,1,30,three_black_crows,18,-0.025330419251659,0.0751769206322501,1.0,,,0
1,0.3,7,1,30,three_white_soldiers,33,0.190745593846522,0.2911778455679986,1.0,-0.0968999932660638,0.7937098470076169,0
1,0.3,7,1,30,tweezer_bottom,3094,0.0388533972971184,0.0739709502059213,0.0405959404059594,0.0311193721428438,0.0909066575084179,1
1,0.3,7,1,30,tweezer_top,3198,-0.035674646750865,-0.0088439998315368,1.0,-0.0583768771971179,0.102675536060349,0
1,0.3,7,6,30,bearish_engulfing,1525,-0.0657657044552172,-0.0199857877696346,1.0,-0.0904959326853773,0.1474667040104327,0
1,0.3,7,6,30,bearish_harami,651,-0.0751862734545809,-0.0830440021419267,1.0,-0.1891872903532153,0.2249382034563688,0
1,0.3,7,6,30,bearish_kicker,173,0.0118424171828318,0.3250313781516645,0.0985901409859014,0.1133751681846097,0.4489358319024625,0
1,0.3,7,6,30,bullish_engulfing,1451,0.0853384806910228,0.0094974384779795,1.0,-0.0514320312892917,0.1267742762630873,0
1,0.3,7,6,30,bullish_harami,608,0.036003548091145,0.0936442566013123,1.0,-0.0313822893706593,0.2648257848976824,0
1,0.3,7,6,30,bullish_kicker,178,-0.0042199451608084,0.0563335630974537,1.0,-0.1621767408120107,0.4657512061819601,0
1,0.3,7,6,30,dark_cloud_cover,217,0.0496333475820709,0.1723841331682651,1.0,-0.0020688524355552,0.3677217284365737,0
1,0.3,7,6,30,dragonfly_doji,447,0.0549235367289744,0.0308891967010579,1.0,-0.1387030727697041,0.3480229644309492,0
1,0.3,7,6,30,evening_star,48,-0.1286774624468148,-0.0334665143790361,1.0,-0.4090296748752516,0.7719554991530658,0
1,0.3,7,6,30,gravestone_doji,519,-0.0390108063824912,0.0712345965931093,1.0,-0.0840699035938096,0.3251960055246287,0
1,0.3,7,6,30,hammer,1499,0.0099511548827495,-0.0431516500687771,1.0,-0.133598965206889,0.1864911851843279,0
1,0.3,7,6,30,hanging_man,1690,-0.0560278333583477,0.0330838616820384,1.0,-0.0531171323646166,0.1773368481250203,0
1,0.3,7,6,30,inverted_hammer,1598,-0.007904145920988,-0.0516047544982115,1.0,-0.141763991734252,0.1840260700388197,0
1,0.3,7,6,30,morning_star,48,0.2136930204477235,0.2007187455602415,1.0,-0.2479279286823927,0.9166572877482494,0
1,0.3,7,6,30,piercing_line,222,-0.1147544070343495,-0.170652954488683,1.0,-0.3612130581212919,0.3964017265994066,0
1,0.3,7,6,30,shooting_star,1606,-0.0018595603233648,0.0109376547243388,1.0,-0.0741534552180617,0.1747550510226842,0
1,0.3,7,6,30,three_black_crows,18,-0.025330419251659,-0.017966246588434,1.0,,,0
1,0.3,7,6,30,three_white_soldiers,33,0.190745593846522,0.2567675925637624,1.0,-0.1769408338122163,0.8946832825227273,0
1,0.3,7,6,30,tweezer_bottom,3094,0.0388533972971184,0.054042535739176,0.51994800519948,0.0077920046385777,0.0954800223544804,0
1,0.3,7,6,30,tweezer_top,3198,-0.035674646750865,0.0060533836148682,1.0,-0.0418241818887062,0.0998778942818208,0
1,0.3,7,11,30,bearish_engulfing,1525,-0.0657657044552172,-0.045523613205081,1.0,-0.1237893604640124,0.1637248415153291,0
1,0.3,7,11,30,bearish_harami,651,-0.0751862734545809,-0.0526177479687138,1.0,-0.1745209216157831,0.2532884878166251,0
1,0.3,7,11,30,bearish_kicker,173,0.0118424171828318,0.2626538013560574,0.8527147285271472,0.0338716170828347,0.4858563527906802,0
1,0.3,7,11,30,bullish_engulfing,1451,0.0853384806910228,0.0047042680466494,1.0,-0.05992245377505,0.134902704454817,0
1,0.3,7,11,30,bullish_harami,608,0.036003548091145,0.070134807806964,1.0,-0.0512163674195735,0.2578125061182572,0
1,0.3,7,11,30,bullish_kicker,178,-0.0042199451608084,0.0550183444456391,1.0,-0.1686991712874225,0.4697823264972468,0
1,0.3,7,11,30,dark_cloud_cover,217,0.0496333475820709,0.0521371770255004,1.0,-0.1354603505272419,0.3934084610107807,0
1,0.3,7,11,30,dragonfly_doji,447,0.0549235367289744,0.1370879159164062,1.0,-0.0233061443044597,0.3270111029736472,0
1,0.3,7,11,30,evening_star,48,-0.1286774624468148,0.0611904191863489,1.0,-0.3257646685658564,0.7739829751094311,0
1,0.3,7,11,30,gravestone_doji,519,-0.0390108063824912,-0.0409405023067041,1.0,-0.2004401061766012,0.3349014604865788,0
1,0.3,7,11,30,hammer,1499,0.0099511548827495,0.0007071649214564,1.0,-0.0784584074373636,0.1650349900585417,0
1,0.3,7,11,30,hanging_man,1690,-0.0560278333583477,-0.0420598843930497,1.0,-0.1316065336809708,0.1883465066588129,0
1,0.3,7,11,30,inverted_hammer,1598,-0.007904145920988,-0.018079929936555,1.0,-0.1140755525681581,0.1934762566335801,0
1,0.3,7,11,30,morning_star,48,0.2136930204477235,0.2465927877058501,1.0,-0.2395401041793311,0.9959995610047848,0
1,0.3,7,11,30,piercing_line,222,-0.1147544070343495,-0.1902261066064853,1.0,-0.3917484364207108,0.42402644557581,0
1,0.3,7,11,30,shooting_star,1606,-0.0018595603233648,0.0159306781295209,1.0,-0.0659577723604387,0.1671907532048103,0
1,0.3,7,11,30,three_black_crows,18,-0.025330419251659,-0.1238528851125803,1.0,,,0
1,0.3,7,11,30,three_white_soldiers,33,0.190745593846522,0.3370560833985549,1.0,-0.1419622158006628,0.9635860623305544,0
1,0.3,7,11,30,tweezer_bottom,3094,0.0388533972971184,0.0489558330074374,0.8261173882611739,0.0044439357780708,0.0930880205033614,0
1,0.3,7,11,30,tweezer_top,3198,-0.035674646750865,0.0391337122230974,1.0,-0.0102945198188522,0.1029572549875838,0
1,0.3,8,1,5,bearish_engulfing,1521,-0.0830096271321418,-0.0096760958478713,1.0,-0.0513236749395492,0.0879786870047474,0
1,0.3,8,1,5,bearish_harami,615,-0.1045580757721725,0.0241872682727492,1.0,-0.0571729789061822,0.1677527433604331,0
1,0.3,8,1,5,bearish_kicker,172,0.0613956042575924,0.0422917778100888,1.0,-0.1017094531789484,0.3023709200441186,0
1,0.3,8,1,5,bullish_engulfing,1491,0.0947342255682793,0.0577559448988262,0.7721227877212279,0.0059210461726199,0.1073701057956089,0
1,0.3,8,1,5,bullish_harami,592,0.0313700410856354,0.0304476230335457,1.0,-0.0722155708101204,0.2143736648365656,0
1,0.3,8,1,5,bullish_kicker,231,-0.0667414578204916,0.0067167386075466,1.0,-0.1094346526910258,0.2280888473640664,0
1,0.3,8,1,5,dark_cloud_cover,200,-0.0533966893719202,-0.0498312640821373,1.0,-0.1851223290572473,0.2755180988303289,0
1,0.3,8,1,5,dragonfly_doji,502,0.0985584367230028,0.0448875462368062,1.0,-0.0504516385034814,0.1975751140635876,0
1,0.3,8,1,5,evening_star,49,-0.0495186876422944,-0.0535335128222211,1.0,-0.257914374423891,0.4209856677900476,0
1,0.3,8,1,5,gravestone_doji,513,-0.0424240264418852,-0.0213346548357035,1.0,-0.1197249830118915,0.206936233437432,0
1,0.3,8,1,5,hammer,1522,0.0571273418462028,0.0456640176223618,1.0,-0.015496728711753,0.1302006801182585,0
1,0.3,8,1,5,hanging_man,1647,-0.0608658533916423,-0.0053072428258487,1.0,-0.0834113789755892,0.1637262084767666,0
1,0.3,8,1,5,inverted_hammer,1581,-0.0149813705226403,-0.0282060342122617,1.0,-0.1041378420308463,0.1558171115790073,0
1,0.3,8,1,5,morning_star,53,-0.2136653893427318,-0.0970719015046105,1.0,-0.3363402907029926,0.4726071251327224,0
1,0.3,8,1,5,piercing_line,182,-0.0428504782883561,0.0383606090417919,1.0,-0.0755797426358597,0.2350891073573871,0
1,0.3,8,1,5,shooting_star,1562,-0.0738333111171655,-0.0049890578814928,1.0,-0.0608863227447048,0.1151046389021575,0
1,0.3,8,1,5,three_black_crows,22,0.0931568028802102,0.0963678091091487,1.0,,,0
1,0.3,8,1,5,three_white_soldiers,18,0.1962288069775684,-0.0468422229578276,1.0,,,0
1,0.3,8,1,5,tweezer_bottom,3169,0.0525067168781581,0.0208630333631239,1.0,-0.0127767768996866,0.0698024764264583,0
1,0.3,8,1,5,tweezer_top,3244,-0.0634347092147182,-0.0049100799388742,1.0,-0.0375321640524323,0.0691861990940688,0
1,0.3,8,1,15,bearish_engulfing,1521,-0.0830096271321418,-0.0331053486204568,1.0,-0.0900574362120141,0.1156615205285116,0
1,0.3,8,1,15,bearish_harami,615,-0.1045580757721725,-0.0234827758522422,1.0,-0.1242508435159112,0.2106920894946298,0
1,0.3,8,1,15,bearish_kicker,172,0.0613956042575924,0.0552587426558251,1.0,-0.1579017224705982,0.4328093138209924,0
1,0.3,8,1,15,bullish_engulfing,1491,0.0947342255682793,0.0120518196020251,1.0,-0.0472746191024372,0.1232085814714832,0
1,0.3,8,1,15,bullish_harami,592,0.0313700410856354,0.0653523182515398,1.0,-0.0501690335173012,0.2448089726406602,0
1,0.3,8,1,15,bullish_kicker,231,-0.0667414578204916,0.0278678546032687,1.0,-0.1564807286856277,0.3801045147364097,0
1,0.3,8,1,15,dark_cloud_cover,200,-0.0533966893719202,0.0137652490643947,1.0,-0.1402248102917768,0.3272111746234246,0
1,0.3,8,1,15,dragonfly_doji,502,0.0985584367230028,0.1299699094500415,0.8495150484951506,0.0098405213615343,0.2533975644536659,0
1,0.3,8,1,15,evening_star,49,-0.0495186876422944,0.1069026553105011,1.0,-0.1677548922664604,0.5634417621461281,0
1,0.3,8,1,15,gravestone_doji,513,-0.0424240264418852,-0.0025045637907361,1.0,-0.1160950662204396,0.2456314868209295,0
1,0.3,8,1,15,hammer,1522,0.0571273418462028,0.10896948276032,0.197980201979802,0.0298416045055836,0.1652015365821866,0
1,0.3,8,1,15,hanging_man,1647,-0.0608658533916423,-0.0193056685524885,1.0,-0.1062566732068298,0.1822787447943758,0
1,0.3,8,1,15,inverted_hammer,1581,-0.0149813705226403,-0.0222179734327945,1.0,-0.1001922138408908,0.1648567584022272,0
1,0.3,8,1,15,morning_star,53,-0.2136653893427318,-0.184137070705384,1.0,-0.5262102990528386,0.6831264818573517,0
1,0.3,8,1,15,piercing_line,182,-0.0428504782883561,0.0731070965218332,1.0,-0.0919914807539333,0.3408055447599663,0
1,0.3,8,1,15,shooting_star,1562,-0.0738333111171655,-0.0722060378314153,1.0,-0.1378255815796144,0.1409581655080903,0
1,0.3,8,1,15,three_black_crows,22,0.0931568028802102,0.1448802718000356,1.0,,,0
1,0.3,8,1,15,three_white_soldiers,18,0.1962288069775684,-0.0971603600525913,1.0,,,0
1,0.3,8,1,15,tweezer_bottom,3169,0.0525067168781581,0.0539111723892199,0.307969203079692,0.0155817190726352,0.0817680269714276,0
1,0.3,8,1,15,tweezer_top,3244,-0.0634347092147182,-0.0017244298361722,1.0,-0.0436424900998732,0.0889595410774093,0
1,0.3,8,1,30,bearish_engulfing,1521,-0.0830096271321418,-0.0107238642980851,1.0,-0.0788768019728585,0.139336025080276,0
1,0.3,8,1,30,bearish_harami,615,-0.1045580757721725,0.0279699259993367,1.0,-0.0710308828118648,0.2063461152673663,0
1,0.3,8,1,30,bearish_kicker,172,0.0613956042575924,0.1852719726889483,1.0,-0.0275797421594666,0.4368438517596045,0
1,0.3,8,1,30,bullish_engulfing,1491,0.0947342255682793,0.0395647044130527,1.0,-0.0304574441121936,0.1448697508502911,0
1,0.3,8,1,30,bullish_harami,592,0.0313700410856354,0.0938073178185555,1.0,-0.0312453698336036,0.2606356760301381,0
1,0.3,8,1,30,bullish_kicker,231,-0.0667414578204916,0.0513845831189467,1.0,-0.1325413847621066,0.3752989981394136,0
1,0.3,8,1,30,dark_cloud_cover,200,-0.0533966893719202,-0.0456796547757956,1.0,-0.2435108962146345,0.4075701029070206,0
1,0.3,8,1,30,dragonfly_doji,502,0.0985584367230028,0.1353402899870385,1.0,-0.0001068799776389,0.2847709657355652,0
1,0.3,8,1,30,evening_star,49,-0.0495186876422944,0.0905777515676125,1.0,-0.2534418747577107,0.7121465972431027,0
1,0.3,8,1,30,gravestone_doji,513,-0.0424240264418852,-0.0692364017862277,1.0,-0.2043456099698581,0.2889364986877568,0
1,0.3,8,1,30,hammer,1522,0.0571273418462028,0.0683199395758084,1.0,-0.0118604879324821,0.1667108846611729,0
1,0.3,8,1,30,hanging_man,1647,-0.0608658533916423,-0.0470662346618045,1.0,-0.1275948051180666,0.1683355753035796,0
1,0.3,8,1,30,inverted_hammer,1581,-0.0149813705226403,-0.0317197653501464,1.0,-0.1202644423954661,0.1858682112641802,0
1,0.3,8,1,30,morning_star,53,-0.2136653893427318,-0.2616350101162358,1.0,-0.6440409881933449,0.7841960126375774,0
1,0.3,8,1,30,piercing_line,182,-0.0428504782883561,-0.0060167917365289,1.0,-0.2092263233206612,0.4171798113565829,0
1,0.3,8,1,30,shooting_star,1562,-0.0738333111171655,-0.0376378531793009,1.0,-0.1130181031086671,0.1554954382264868,0
1,0.3,8,1,30,three_black_crows,22,0.0931568028802102,-0.0383641195270261,1.0,,,0
1,0.3,8,1,30,three_white_soldiers,18,0.1962288069775684,-0.0891213170998669,1.0,,,0
1,0.3,8,1,30,tweezer_bottom,3169,0.0525067168781581,0.0328445918782366,1.0,-0.0139820210231518,0.0988687430813955,0
1,0.3,8,1,30,tweezer_top,3244,-0.0634347092147182,0.0043742129470492,1.0,-0.0425412666426007,0.1004132696012254,0
1,0.3,8,6,30,bearish_engulfing,1521,-0.0830096271321418,-0.0216154213459991,1.0,-0.0914698774081586,0.1440024045226601,0
1,0.3,8,6,30,bearish_harami,615,-0.1045580757721725,0.0726997230894614,1.0,-0.0300120451444066,0.2184219603065333,0
1,0.3,8,6,30,bearish_kicker,172,0.0613956042575924,0.143666374098461,1.0,-0.0973877767881738,0.4922187800642092,0
1,0.3,8,6,30,bullish_engulfing,1491,0.0947342255682793,0.0638539835174733,1.0,-0.0081051466815535,0.148519637280747,0
1,0.3,8,6,30,bullish_harami,592,0.0313700410856354,0.0762560422383492,1.0,-0.0672589239029363,0.2971390457653529,0
1,0.3,8,6,30,bullish_kicker,231,-0.0667414578204916,-0.0883267979628193,1.0,-0.2856686046580126,0.4027529809714609,0
1,0.3,8,6,30,dark_cloud_cover,200,-0.0533966893719202,-0.0584989371075797,1.0,-0.2496561481348452,0.3831591350639025,0
1,0.3,8,6,30,dragonfly_doji,502,0.0985584367230028,0.1123947227544973,1.0,-0.0342495955631587,0.3040970212092898,0
1,0.3,8,6,30,evening_star,49,-0.0495186876422944,0.0748743845297169,1.0,-0.2972835531360678,0.7859998008206224,0
1,0.3,8,6,30,gravestone_doji,513,-0.0424240264418852,-0.0043006697966897,1.0,-0.1319096453993744,0.2714129642402313,0
1,0.3,8,6,30,hammer,1522,0.0571273418462028,0.1029187901225009,0.2087791220877912,0.0279834306115984,0.1559800440080098,0
1,0.3,8,6,30,hanging_man,1647,-0.0608658533916423,0.0140461578371898,1.0,-0.073393743803822,0.182313521418313,0
1,0.3,8,6,30,inverted_hammer,1581,-0.0149813705226403,0.0167857281948674,1.0,-0.0663335319402372,0.1711417269029876,0
1,0.3,8,6,30,morning_star,53,-0.2136653893427318,-0.2579095218807714,1.0,-0.6426809147275543,0.790817126380488,0
1,0.3,8,6,30,piercing_line,182,-0.0428504782883561,-0.0135411085945401,1.0,-0.2224700562478742,0.4282509981724534,0
1,0.3,8,6,30,shooting_star,1562,-0.0738333111171655,-0.019434374818018,1.0,-0.0969168333799915,0.1589776110310968,0
1,0.3,8,6,30,three_black_crows,22,0.0931568028802102,-0.0098532228544518,1.0,,,0
1,0.3,8,6,30,three_white_soldiers,18,0.1962288069775684,0.1516495638291287,1.0,,,0
1,0.3,8,6,30,tweezer_bottom,3169,0.0525067168781581,0.0276288198780872,1.0,-0.0195399517879394,0.0989672693964914,0
1,0.3,8,6,30,tweezer_top,3244,-0.0634347092147182,-0.026449771608172,1.0,-0.0747494189659889,0.1012702629070788,0
1,0.3,8,11,30,bearish_engulfing,1521,-0.0830096271321418,-0.0256413134531021,1.0,-0.0942262334307054,0.1440295622287445,0
1,0.3,8,11,30,bearish_harami,615,-0.1045580757721725,0.0089219112353261,1.0,-0.0992180793981645,0.2255350869391308,0
1,0.3,8,11,30,bearish_kicker,172,0.0613956042575924,0.0769909442302433,1.0,-0.1587392591013432,0.4815836934288099,0
1,0.3,8,11,30,bullish_engulfing,1491,0.0947342255682793,0.0611532437180582,1.0,-0.0087939455134333,0.1446166830388565,0
1,0.3,8,11,30,bullish_harami,592,0.0313700410856354,0.0497216031832441,1.0,-0.0862496867669051,0.2854683619868572,0
1,0.3,8,11,30,bullish_kicker,231,-0.0667414578204916,-0.1435103616418471,1.0,-0.3666966011962624,0.4545648100783189,0
1,0.3,8,11,30,dark_cloud_cover,200,-0.0533966893719202,-0.1268920563896482,1.0,-0.3345216571338013,0.4231752182169536,0
1,0.3,8,11,30,dragonfly_doji,502,0.0985584367230028,0.0809852208282781,1.0,-0.0680854200148059,0.3064609768767884,0
1,0.3,8,11,30,evening_star,49,-0.0495186876422944,0.03414623332555,1.0,-0.3229625016667911,0.7667074364523605,0
1,0.3,8,11,30,gravestone_doji,513,-0.0424240264418852,0.0205761942268817,1.0,-0.1200867856851704,0.2911472580094933,0
1,0.3,8,11,30,hammer,1522,0.0571273418462028,0.0379220752143041,1.0,-0.0387982150777901,0.1597237655865607,0
1,0.3,8,11,30,hanging_man,1647,-0.0608658533916423,-0.0090472640969134,1.0,-0.1032648267060178,0.1945379974771539,0
1,0.3,8,11,30,inverted_hammer,1581,-0.0149813705226403,0.0116352553650849,1.0,-0.0755599252301889,0.1835023565847943,0
1,0.3,8,11,30,morning_star,53,-0.2136653893427318,-0.2614820502545192,1.0,-0.7373652527375184,0.9555522068222188,0
1,0.3,8,11,30,piercing_line,182,-0.0428504782883561,-0.1017717195795416,1.0,-0.3454871124115761,0.5005363646202013,0
1,0.3,8,11,30,shooting_star,1562,-0.0738333111171655,-0.0039870523472335,1.0,-0.0827282313197429,0.1627700783101179,0
1,0.3,8,11,30,three_black_crows,22,0.0931568028802102,-0.0043030846146876,1.0,,,0
1,0.3,8,11,30,three_white_soldiers,18,0.1962288069775684,0.207618320079283,1.0,,,0
1,0.3,8,11,30,tweezer_bottom,3169,0.0525067168781581,0.0339505230749689,1.0,-0.0198260504715884,0.1107271913435334,0
1,0.3,8,11,30,tweezer_top,3244,-0.0634347092147182,-0.0263037359405927,1.0,-0.0755580997552032,0.1047586374604558,0
1,0.3,9,1,5,bearish_engulfing,1560,-0.0905932532751585,-0.0337563322262875,1.0,-0.0777835822321698,0.0935466367533247,0
1,0.3,9,1,5,bearish_harami,645,-0.0812511510073355,-0.0225005910763446,1.0,-0.1170285678454872,0.1953569394693853,0
1,0.3,9,1,5,bearish_kicker,188,-0.0860972470187271,-0.0205772019630345,1.0,-0.1658552998677531,0.3141987966348766,0
1,0.3,9,1,5,bullish_engulfing,1486,0.1350512635819287,0.1398585551884005,0.0083991600839916,0.0939980574923992,0.0965765603823321,1
1,0.3,9,1,5,bullish_harami,594,-0.050280835948761,-0.0144556582989727,1.0,-0.1154415780202271,0.2127280436500737,0
1,0.3,9,1,5,bullish_kicker,202,-0.0795389952698399,0.002338507673889,1.0,-0.1123813729399112,0.2503413653436432,0
1,0.3,9,1,5,dark_cloud_cover,209,-0.007881259537837,0.0498477419594862,1.0,-0.0732333699446749,0.2547902263939975,0
1,0.3,9,1,5,dragonfly_doji,406,0.1406347641842172,0.0289223641045679,1.0,-0.1010139182865329,0.270413609620316,0
1,0.3,9,1,5,evening_star,52,-0.1551031064839161,-0.0012794083380153,1.0,-0.3255900017844262,0.6928722952697759,0
1,0.3,9,1,5,gravestone_doji,460,-0.0595417457280445,0.0772396598748729,1.0,-0.0454915370972372,0.2600090633771804,0
1,0.3,9,1,5,hammer,1502,0.0322136262479621,0.0346746579570976,1.0,-0.0245944607403421,0.1238756703893416,0
1,0.3,9,1,5,hanging_man,1709,-0.0684551697700975,0.0010058503805961,1.0,-0.0632991332612603,0.1349383835857648,0
1,0.3,9,1,5,inverted_hammer,1607,0.0387656037233326,-0.0531150470288226,1.0,-0.1260392165094983,0.1534669415181397,0
1,0.3,9,1,5,morning_star,63,0.1080787941629701,-0.0187523689092067,1.0,-0.1874003432904992,0.3414896937733069,0
1,0.3,9,1,5,piercing_line,167,-0.0890966516779426,-0.1124911710556512,1.0,-0.2636074013081118,0.3160361344156615,0
1,0.3,9,1,5,shooting_star,1608,-0.119945445784433,-0.0258307147399428,1.0,-0.0812699456344267,0.1161054372170621,0
1,0.3,9,1,5,three_black_crows,19,0.224353936663129,-0.0558601181182452,1.0,,,0
1,0.3,9,1,5,three_white_soldiers,33,-0.0280973078465456,-0.045231186430892,1.0,-0.2789156032989627,0.4315320588583256,0
1,0.3,9,1,5,tweezer_bottom,3130,0.0234561066025097,-0.0004896923748408,1.0,-0.0319466178897117,0.0665498288494226,0
1,0.3,9,1,5,tweezer_top,3237,-0.0684403867988555,0.0096636305355637,1.0,-0.0217411164640844,0.0660485493357806,0
1,0.3,9,1,15,bearish_engulfing,1560,-0.0905932532751585,-0.0312953483275757,1.0,-0.0948810042267722,0.1310028316733283,0
1,0.3,9,1,15,bearish_harami,645,-0.0812511510073355,-0.0561483074445453,1.0,-0.1545607118180221,0.2035739899551319,0
1,0.3,9,1,15,bearish_kicker,188,-0.0860972470187271,0.0527857318178,1.0,-0.1333896521096752,0.3871900518808848,0
1,0.3,9,1,15,bullish_engulfing,1486,0.1350512635819287,0.1056442583837665,0.023997600239976,0.0468544561302665,0.1227009907925825,1
1,0.3,9,1,15,bullish_harami,594,-0.050280835948761,-0.0148789394294467,1.0,-0.1422093831070381,0.2645630155052431,0
1,0.3,9,1,15,bullish_kicker,202,-0.0795389952698399,0.0859948538975569,1.0,-0.0836097820211518,0.361853145062172,0
1,0.3,9,1,15,dark_cloud_cover,209,-0.007881259537837,0.0593509489879088,1.0,-0.0918814248193127,0.3150739358317631,0
1,0.3,9,1,15,dragonfly_doji,406,0.1406347641842172,0.1156601386038806,1.0,-0.0507376168812824,0.3478160469917791,0
1,0.3,9,1,15,evening_star,52,-0.1551031064839161,0.0342885766323278,1.0,-0.2994587576987488,0.7188989601718789,0
1,0.3,9,1,15,gravestone_doji,460,-0.0595417457280445,0.00322254937532,1.0,-0.1540837709141641,0.3233763554663482,0
1,0.3,9,1,15,hammer,1502,0.0322136262479621,-0.0060591693641743,1.0,-0.0779597175861814,0.1494218790015412,0
1,0.3,9,1,15,hanging_man,1709,-0.0684551697700975,0.050558227864562,1.0,-0.0213812847406231,0.1531911653184625,0
1,0.3,9,1,15,inverted_hammer,1607,0.0387656037233326,0.0448409557481162,1.0,-0.037301395395379,0.1712190853696699,0
1,0.3,9,1,15,morning_star,63,0.1080787941629701,0.146862380335822,1.0,-0.0875836265531125,0.5244782768161315,0
1,0.3,9,1,15,piercing_line,167,-0.0890966516779426,0.0768122965849987,1.0,-0.105210999183472,0.3792875848608506,0
1,0.3,9,1,15,shooting_star,1608,-0.119945445784433,-0.0740024799722422,1.0,-0.1354510273122821,0.1294738232785245,0
1,0.3,9,1,15,three_black_crows,19,0.224353936663129,0.209246759470759,1.0,,,0
1,0.3,9,1,15,three_white_soldiers,33,-0.0280973078465456,-0.073851704507985,1.0,-0.4334279222811977,0.6925277784889606,0
1,0.3,9,1,15,tweezer_bottom,3130,0.0234561066025097,0.0231231232340662,1.0,-0.0209372281042615,0.0918015742905759,0
1,0.3,9,1,15,tweezer_top,3237,-0.0684403867988555,0.0307554590299508,1.0,-0.011096462421308,0.0852445592872075,0
1,0.3,9,1,30,bearish_engulfing,1560,-0.0905932532751585,-0.0453041920067815,1.0,-0.102511298296448,0.1210316508341858,0
1,0.3,9,1,30,bearish_harami,645,-0.0812511510073355,-0.0314933783110194,1.0,-0.1582344716228315,0.2580961177041572,0
1,0.3,9,1,30,bearish_kicker,188,-0.0860972470187271,0.038406614810374,1.0,-0.161894777124172,0.4201541774512456,0
1,0.3,9,1,30,bullish_engulfing,1486,0.1350512635819287,0.0930022658329011,0.2783721627837216,0.0243181379499851,0.143502918403188,0
1,0.3,9,1,30,bullish_harami,594,-0.050280835948761,-0.0429970730696494,1.0,-0.1661470408471543,0.2594348651376462,0
1,0.3,9,1,30,bullish_kicker,202,-0.0795389952698399,-0.0305011390101921,1.0,-0.2225170976552503,0.4018707697373759,0
1,0.3,9,1,30,dark_cloud_cover,209,-0.007881259537837,0.1311511720860097,1.0,-0.0604216092405484,0.3962610029229976,0
1,0.3,9,1,30,dragonfly_doji,406,0.1406347641842172,0.1517866645211223,1.0,-0.0201664260116319,0.3610790467763585,0
1,0.3,9,1,30,evening_star,52,-0.1551031064839161,0.1260781153820715,1.0,-0.2365872631183322,0.7555815507002684,0
1,0.3,9,1,30,gravestone_doji,460,-0.0595417457280445,0.0662174467264936,1.0,-0.0789373553559288,0.3027936040429375,0
1,0.3,9,1,30,hammer,1502,0.0322136262479621,0.017749003714247,1.0,-0.0594172189988118,0.1604149250777259,0
1,0.3,9,1,30,hanging_man,1709,-0.0684551697700975,-0.0292465446564776,1.0,-0.1083541110211503,0.1646050765883634,0
1,0.3,9,1,30,inverted_hammer,1607,0.0387656037233326,0.0953670529394021,0.4887511248875112,0.0138739183033,0.1658864962115065,0
1,0.3,9,1,30,morning_star,63,0.1080787941629701,0.0350655657790304,1.0,-0.321610214196767,0.7471179420080355,0
1,0.3,9,1,30,piercing_line,167,-0.0890966516779426,-0.0113167462182253,1.0,-0.2471353912930552,0.4966585273678108,0
1,0.3,9,1,30,shooting_star,1608,-0.119945445784433,-0.0952147882813882,1.0,-0.1610221503016032,0.1371178115727561,0
1,0.3,9,1,30,three_black_crows,19,0.224353936663129,0.1572882644429445,1.0,,,0
1,0.3,9,1,30,three_white_soldiers,33,-0.0280973078465456,0.0242814998127007,1.0,-0.246987295712044,0.5648775948656467,0
1,0.3,9,1,30,tweezer_bottom,3130,0.0234561066025097,0.0080827686805724,1.0,-0.041166778970744,0.1016868367018114,0
1,0.3,9,1,30,tweezer_top,3237,-0.0684403867988555,0.0186667488493701,1.0,-0.0213924985598539,0.0833716798638036,0
1,0.3,9,6,30,bearish_engulfing,1560,-0.0905932532751585,-0.0405779279465906,1.0,-0.1025012552709931,0.1319123106707128,0
1,0.3,9,6,30,bearish_harami,645,-0.0812511510073355,0.0041922318488399,1.0,-0.1187457490403675,0.2573474538235623,0
1,0.3,9,6,30,bearish_kicker,188,-0.0860972470187271,0.0585451627446554,1.0,-0.1338946849608404,0.3895322811958103,0
1,0.3,9,6,30,bullish_engulfing,1486,0.1350512635819287,0.1002281081215272,0.095990400959904,0.0330100732180959,0.1396515757628889,0
1,0.3,9,6,30,bullish_harami,594,-0.050280835948761,-0.0520902056113948,1.0,-0.1687535114181595,0.2478818198363632,0
1,0.3,9,6,30,bullish_kicker,202,-0.0795389952698399,-0.0558720432830974,1.0,-0.2511703488700018,0.4124445788759679,0
1,0.3,9,6,30,dark_cloud_cover,209,-0.007881259537837,0.2146906997976299,0.7747225277472253,0.0214639599336364,0.405533210265167,0
1,0.3,9,6,30,dragonfly_doji,406,0.1406347641842172,0.1590806218556668,1.0,-0.0229835609586355,0.386947701995542,0
1,0.3,9,6,30,evening_star,52,-0.1551031064839161,0.1697875458217355,1.0,-0.1784071545742144,0.7184029360654767,0
1,0.3,9,6,30,gravestone_doji,460,-0.0595417457280445,0.0814217237656695,1.0,-0.073477174356691,0.3226660582947175,0
1,0.3,9,6,30,hammer,1502,0.0322136262479621,-0.0161128661709631,1.0,-0.0975120436778938,0.17282654457741,0
1,0.3,9,6,30,hanging_man,1709,-0.0684551697700975,0.0186855596979946,1.0,-0.0576814249113771,0.1593638736587024,0
1,0.3,9,6,30,inverted_hammer,1607,0.0387656037233326,0.0790725567867949,1.0,-0.0045249181487917,0.1699569619037905,0
1,0.3,9,6,30,morning_star,63,0.1080787941629701,0.0359177243255034,1.0,-0.3361054290526821,0.7741020045697646,0
1,0.3,9,6,30,piercing_line,167,-0.0890966516779426,-0.0307923013982265,1.0,-0.289290379874906,0.5494308570529943,0
1,0.3,9,6,30,shooting_star,1608,-0.119945445784433,-0.0457500088114704,1.0,-0.1118987042352507,0.1382889843467192,0
1,0.3,9,6,30,three_black_crows,19,0.224353936663129,0.1861658394378682,1.0,,,0
1,0.3,9,6,30,three_white_soldiers,33,-0.0280973078465456,0.0145247266579675,1.0,-0.2627354208238732,0.5812537296268848,0
1,0.3,9,6,30,tweezer_bottom,3130,0.0234561066025097,0.0025833172206044,1.0,-0.0450940063898371,0.0998803469125187,0
1,0.3,9,6,30,tweezer_top,3237,-0.0684403867988555,-0.0171288638527658,1.0,-0.0613831093036203,0.0924343058649457,0
1,0.3,9,11,30,bearish_engulfing,1560,-0.0905932532751585,0.0149594145545881,1.0,-0.0478267128154887,0.1286754841871502,0
1,0.3,9,11,30,bearish_harami,645,-0.0812511510073355,-0.1044906784564988,1.0,-0.2322549281356711,0.2674698272193921,0
1,0.3,9,11,30,bearish_kicker,188,-0.0860972470187271,0.0050724201797307,1.0,-0.2034494147046333,0.4258043527104474,0
1,0.3,9,11,30,bullish_engulfing,1486,0.1350512635819287,0.099555714762514,0.197980201979802,0.0290610552039334,0.147428747374251,0
1,0.3,9,11,30,bullish_harami,594,-0.050280835948761,0.0222923910893996,1.0,-0.1105630583659219,0.2799843792744588,0
1,0.3,9,11,30,bullish_kicker,202,-0.0795389952698399,-0.0716210759183112,1.0,-0.287147417258577,0.471487757011505,0
1,0.3,9,11,30,dark_cloud_cover,209,-0.007881259537837,0.1867208481123982,1.0,-0.0451223824092781,0.4851465214028947,0
1,0.3,9,11,30,dragonfly_doji,406,0.1406347641842172,0.2237461907755668,0.3807619238076192,0.0527416559052577,0.3622480482925967,0
1,0.3,9,11,30,evening_star,52,-0.1551031064839161,0.1135211229717311,1.0,-0.2663238051088412,0.7988805060215285,0
1,0.3,9,11,30,gravestone_doji,460,-0.0595417457280445,0.048102732120783,1.0,-0.1112897169510984,0.3360214062030666,0
1,0.3,9,11,30,hammer,1502,0.0322136262479621,-0.0081918507708351,1.0,-0.0933148087417749,0.1834938741140956,0
1,0.3,9,11,30,hanging_man,1709,-0.0684551697700975,0.0121607859493178,1.0,-0.0754091762234626,0.1795195295157546,0
1,0.3,9,11,30,inverted_hammer,1607,0.0387656037233326,0.0272377265757881,1.0,-0.0573085213572975,0.1764143607961964,0
1,0.3,9,11,30,morning_star,63,0.1080787941629701,0.1465423587179402,1.0,-0.2730793707591803,0.8694181144741466,0
1,0.3,9,11,30,piercing_line,167,-0.0890966516779426,-0.1287057793553052,1.0,-0.3972876064275562,0.5616128951068632,0
1,0.3,9,11,30,shooting_star,1608,-0.119945445784433,0.0093451404450013,1.0,-0.054589389862406,0.1343918326205476,0
1,0.3,9,11,30,three_black_crows,19,0.224353936663129,0.0737379825552518,1.0,,,0
1,0.3,9,11,30,three_white_soldiers,33,-0.0280973078465456,-0.0250640793195718,1.0,-0.2922816894445586,0.5784800796683417,0
1,0.3,9,11,30,tweezer_bottom,3130,0.0234561066025097,-0.0019480036782536,1.0,-0.047505706434269,0.0958757625944823,0
1,0.3,9,11,30,tweezer_top,3237,-0.0684403867988555,0.0061830665704855,1.0,-0.0389239867209544,0.0938719967038056,0
1,0.3,10,1,5,bearish_engulfing,1507,-0.0969317468315991,-0.0334168110846279,1.0,-0.0789354366425565,0.095580348097672,0
1,0.3,10,1,5,bearish_harami,607,-0.0540214523186119,0.0212934620128889,1.0,-0.0606412115480461,0.1683164632997003,0
1,0.3,10,1,5,bearish_kicker,179,-0.1765821377917914,-0.10067831583792,1.0,-0.2783964356711809,0.370210745988363,0
1,0.3,10,1,5,bullish_engulfing,1396,0.089045929772282,0.0834499202108485,0.0231976802319768,0.0314751059964147,0.1049753823259088,1
1,0.3,10,1,5,bullish_harami,577,0.0032735761939206,-0.0415413474841368,1.0,-0.1520323869316501,0.2245669573209718,0
1,0.3,10,1,5,bullish_kicker,176,0.0069808537591079,0.0507949740794824,1.0,-0.1456483446753481,0.39952161882301,0
1,0.3,10,1,5,dark_cloud_cover,237,-0.0300238194452318,-0.0036187198893214,1.0,-0.1256054015259297,0.2557864208198768,0
1,0.3,10,1,5,dragonfly_doji,451,-0.0751380234925709,-0.0496829003137492,1.0,-0.1661935071211007,0.2466844658257926,0
1,0.3,10,1,5,evening_star,36,-0.0785351672941399,-0.0874320753630529,1.0,-0.3438631144160603,0.5659548826415314,0
1,0.3,10,1,5,gravestone_doji,454,-0.0090363964518025,0.0022208277514742,1.0,-0.1063567381361455,0.2277564900373315,0
1,0.3,10,1,5,hammer,1533,-0.004869895582689,-0.0348082498409978,1.0,-0.0945179937928332,0.129810428367319,0
1,0.3,10,1,5,hanging_man,1648,-0.0317312677784836,-0.0225283793154065,1.0,-0.0886635676932612,0.1365330480396127,0
1,0.3,10,1,5,inverted_hammer,1598,0.0354159554606251,0.0073164823042157,1.0,-0.0563242773923189,0.1316167476749198,0
1,0.3,10,1,5,morning_star,67,0.2627589475275035,-0.045231058736644,1.0,-0.2538050334326244,0.4168929582034511,0
1,0.3,10,1,5,piercing_line,237,0.0180380054914251,-0.0246424788471786,1.0,-0.1338638787397509,0.2276071821990621,0
1,0.3,10,1,5,shooting_star,1635,-0.0666762328654898,-0.0271870848538208,1.0,-0.0878919187296997,0.1302781233928944,0
1,0.3,10,1,5,three_black_crows,26,-0.1030038405306051,-0.0009544831183805,1.0,,,0
1,0.3,10,1,5,three_white_soldiers,19,-0.1447813064617353,-0.0687862923108634,1.0,,,0
1,0.3,10,1,5,tweezer_bottom,3176,0.0035278294703392,-0.0073845585623282,1.0,-0.0445398651119187,0.0781255448378102,0
1,0.3,10,1,5,tweezer_top,3245,-0.0474334707378862,0.0175053474964949,1.0,-0.0127303601867078,0.0635908284935934,0
1,0.3,10,1,15,bearish_engulfing,1507,-0.0969317468315991,-0.0482432456056194,1.0,-0.1042943068881899,0.117213145818447,0
1,0.3,10,1,15,bearish_harami,607,-0.0540214523186119,0.0269012089906464,1.0,-0.0872550335362678,0.2305432219909319,0
1,0.3,10,1,15,bearish_kicker,179,-0.1765821377917914,-4.390240017929093e-05,1.0,-0.1858522548741726,0.3786081922930136,0
1,0.3,10,1,15,bullish_engulfing,1396,0.089045929772282,0.108886458229634,0.0123987601239876,0.0516390789264245,0.1195240845098054,1
1,0.3,10,1,15,bullish_harami,577,0.0032735761939206,-0.036866041472459,1.0,-0.1611532496227405,0.255141367546191,0
1,0.3,10,1,15,bullish_kicker,176,0.0069808537591079,-0.0731011366667667,1.0,-0.2915152658198754,0.4663517319739076,0
1,0.3,10,1,15,dark_cloud_cover,237,-0.0300238194452318,0.0045616532192197,1.0,-0.1570782274228247,0.3309464671022508,0
1,0.3,10,1,15,dragonfly_doji,451,-0.0751380234925709,0.0068897349685918,1.0,-0.1329319113678122,0.3007764037812081,0
1,0.3,10,1,15,evening_star,36,-0.0785351672941399,-0.3236030288583145,1.0,-0.7323963076407454,0.816953943530653,0
1,0.3,10,1,15,gravestone_doji,454,-0.0090363964518025,0.0348419165287171,1.0,-0.0954471956711463,0.2675714906845521,0
1,0.3,10,1,15,hammer,1533,-0.004869895582689,-0.0161719854277882,1.0,-0.0888199199341354,0.1490050554370478,0
1,0.3,10,1,15,hanging_man,1648,-0.0317312677784836,-0.0037133421703514,1.0,-0.0862982915334681,0.1714234431773114,0
1,0.3,10,1,15,inverted_hammer,1598,0.0354159554606251,0.0186846876972438,1.0,-0.057741939797564,0.1562501862663704,0
1,0.3,10,1,15,morning_star,67,0.2627589475275035,0.1455134710472009,1.0,-0.1277849148951331,0.5798246072143728,0
1,0.3,10,1,15,piercing_line,237,0.0180380054914251,0.003651515359508,1.0,-0.1730578148958687,0.359027860342863,0
1,0.3,10,1,15,shooting_star,1635,-0.0666762328654898,-0.0828638690181253,1.0,-0.1489854330804143,0.1381688773299886,0
1,0.3,10,1,15,three_black_crows,26,-0.1030038405306051,-0.1578659893942177,1.0,,,0
1,0.3,10,1,15,three_white_soldiers,19,-0.1447813064617353,-0.0392472539981712,1.0,,,0
1,0.3,10,1,15,tweezer_bottom,3176,0.0035278294703392,-0.0003643286859362,1.0,-0.044725834095567,0.0911039252986796,0
1,0.3,10,1,15,tweezer_top,3245,-0.0474334707378862,-0.0254395497717878,1.0,-0.0635682032382741,0.0782021044056972,0
1,0.3,10,1,30,bearish_engulfing,1507,-0.0969317468315991,-0.0622566031722439,1.0,-0.1302351906799855,0.1436363210976669,0
1,0.3,10,1,30,bearish_harami,607,-0.0540214523186119,-0.0340010366160658,1.0,-0.160878829770849,0.2557436861372231,0
1,0.3,10,1,30,bearish_kicker,179,-0.1765821377917914,-0.0474739445205283,1.0,-0.2887879014554435,0.4929598047572475,0
1,0.3,10,1,30,bullish_engulfing,1396,0.089045929772282,0.1189419543656887,0.0391960803919608,0.046606516178705,0.1481804298943957,1
1,0.3,10,1,30,bullish_harami,577,0.0032735761939206,0.0122513525488328,1.0,-0.1186548476191393,0.2629466907337405,0
1,0.3,10,1,30,bullish_kicker,176,0.0069808537591079,-0.0831802910378582,1.0,-0.2934935873432027,0.435957380850615,0
1,0.3,10,1,30,dark_cloud_cover,237,-0.0300238194452318,0.0188214951214136,1.0,-0.1531683823149396,0.3642822807502126,0
1,0.3,10,1,30,dragonfly_doji,451,-0.0751380234925709,-0.03673180540243,1.0,-0.1879131059921368,0.3130381036097803,0
1,0.3,10,1,30,evening_star,36,-0.0785351672941399,0.1576026015623873,1.0,-0.2325844665019632,0.794633712156405,0
1,0.3,10,1,30,gravestone_doji,454,-0.0090363964518025,0.0678527775112128,1.0,-0.0840117150311314,0.3085196021563761,0
1,0.3,10,1,30,hammer,1533,-0.004869895582689,-0.0350855888406416,1.0,-0.1119837375639742,0.1607564383697238,0
1,0.3,10,1,30,hanging_man,1648,-0.0317312677784836,-0.0087505490128041,1.0,-0.0867944676731923,0.16226332243458,0
1,0.3,10,1,30,inverted_hammer,1598,0.0354159554606251,-0.0081421407332199,1.0,-0.0933900839953401,0.1765974859409028,0
1,0.3,10,1,30,morning_star,67,0.2627589475275035,0.2503310773618243,1.0,-0.0856064663063127,0.7014068396537866,0
1,0.3,10,1,30,piercing_line,237,0.0180380054914251,0.1425626781872099,1.0,-0.024601913523454,0.3499725278723943,0
1,0.3,10,1,30,shooting_star,1635,-0.0666762328654898,-0.0192016049622139,1.0,-0.0897965790863587,0.1467108461724171,0
1,0.3,10,1,30,three_black_crows,26,-0.1030038405306051,0.0409906914512184,1.0,,,0
1,0.3,10,1,30,three_white_soldiers,19,-0.1447813064617353,-0.0708643434984131,1.0,,,0
1,0.3,10,1,30,tweezer_bottom,3176,0.0035278294703392,0.001119569398569,1.0,-0.0541689553047349,0.1113563153774831,0
1,0.3,10,1,30,tweezer_top,3245,-0.0474334707378862,-0.022380012131184,1.0,-0.0713638716361028,0.1015999096440002,0
1,0.3,10,6,30,bearish_engulfing,1507,-0.0969317468315991,-0.0696563215905062,1.0,-0.1428934602301118,0.148932394683542,0
1,0.3,10,6,30,bearish_harami,607,-0.0540214523186119,-0.005500784771444,1.0,-0.1153378910769873,0.2297308657939622,0
1,0.3,10,6,30,bearish_kicker,179,-0.1765821377917914,-0.1309566461821501,1.0,-0.3655307519108102,0.4840699121908264,0
1,0.3,10,6,30,bullish_engulfing,1396,0.089045929772282,0.0957980203792329,0.307969203079692,0.0193494207982932,0.1562484040287545,0
1,0.3,10,6,30,bullish_harami,577,0.0032735761939206,0.0191874241210599,1.0,-0.1041557494121067,0.2552946844179782,0
1,0.3,10,6,30,bullish_kicker,176,0.0069808537591079,-0.1174408110109236,1.0,-0.3573410518174256,0.4953725391450846,0
1,0.3,10,6,30,dark_cloud_cover,237,-0.0300238194452318,0.0060611833413034,1.0,-0.1768383840723341,0.3780469319567014,0
1,0.3,10,6,30,dragonfly_doji,451,-0.0751380234925709,0.0359951245693545,1.0,-0.1309523332379559,0.3449579032638259,0
1,0.3,10,6,30,evening_star,36,-0.0785351672941399,0.0094262799763424,1.0,-0.4219380982745983,0.8784402380064057,0
1,0.3,10,6,30,gravestone_doji,454,-0.0090363964518025,-0.0119334316912724,1.0,-0.156457151046673,0.3082544347938846,0
1,0.3,10,6,30,hammer,1533,-0.004869895582689,0.0255675254234829,1.0,-0.0551726579121171,0.165789321992144,0
1,0.3,10,6,30,hanging_man,1648,-0.0317312677784836,0.026274923238057,1.0,-0.0705936610364108,0.1970347842187631,0
1,0.3,10,6,30,inverted_hammer,1598,0.0354159554606251,0.0586949070621124,1.0,-0.0311418578749148,0.1867671153288083,0
1,0.3,10,6,30,morning_star,67,0.2627589475275035,0.1738434210381569,1.0,-0.1732046675309997,0.7156143250405042,0
1,0.3,10,6,30,piercing_line,237,0.0180380054914251,0.0715907788498713,1.0,-0.118633655641004,0.3933136814185568,0
1,0.3,10,6,30,shooting_star,1635,-0.0666762328654898,-0.0095822792675353,1.0,-0.0810356609704782,0.1444178745697148,0
1,0.3,10,6,30,three_black_crows,26,-0.1030038405306051,0.1371118853374445,1.0,,,0
1,0.3,10,6,30,three_white_soldiers,19,-0.1447813064617353,-0.2232837141741307,1.0,,,0
1,0.3,10,6,30,tweezer_bottom,3176,0.0035278294703392,-0.004841600117571,1.0,-0.0631554681660419,0.1199243481071022,0
1,0.3,10,6,30,tweezer_top,3245,-0.0474334707378862,-0.028002243376206,1.0,-0.0734145801395708,0.0972519786161766,0
1,0.3,10,11,30,bearish_engulfing,1507,-0.0969317468315991,-0.0820786015049668,1.0,-0.160171664077235,0.1621351704327293,0
1,0.3,10,11,30,bearish_harami,607,-0.0540214523186119,-0.0334279439828709,1.0,-0.1591513726846519,0.2549913679537741,0
1,0.3,10,11,30,bearish_kicker,179,-0.1765821377917914,-0.1042057092782921,1.0,-0.3539251992848007,0.5192843674591463,0
1,0.3,10,11,30,bullish_engulfing,1396,0.089045929772282,0.1083068812884242,0.1287871212878712,0.0311329438292314,0.1584488712381988,0
1,0.3,10,11,30,bullish_harami,577,0.0032735761939206,0.0314133505567949,1.0,-0.0989004556787437,0.2744202533529269,0
1,0.3,10,11,30,bullish_kicker,176,0.0069808537591079,-0.0307614761049052,1.0,-0.2904244173492187,0.5307035340079905,0
1,0.3,10,11,30,dark_cloud_cover,237,-0.0300238194452318,0.0549483448286058,1.0,-0.1418639120823909,0.4150127548294333,0
1,0.3,10,11,30,dragonfly_doji,451,-0.0751380234925709,-0.0847244971402293,1.0,-0.2402688255959869,0.3281634386901098,0
1,0.3,10,11,30,evening_star,36,-0.0785351672941399,0.0587310789177133,1.0,-0.3275030350346165,0.7836655652178554,0
1,0.3,10,11,30,gravestone_doji,454,-0.0090363964518025,0.0927525784733687,1.0,-0.0587324364444801,0.3257308124991494,0
1,0.3,10,11,30,hammer,1533,-0.004869895582689,0.0083989206238854,1.0,-0.0729604127332824,0.1693541495939828,0
1,0.3,10,11,30,hanging_man,1648,-0.0317312677784836,0.0624036979489734,1.0,-0.032130443169806,0.1956608542272695,0
1,0.3,10,11,30,inverted_hammer,1598,0.0354159554606251,0.0397509892551655,1.0,-0.0505937403678947,0.185755502826909,0
1,0.3,10,11,30,morning_star,67,0.2627589475275035,0.0078621480139326,1.0,-0.3734401498353002,0.7854957960906936,0
1,0.3,10,11,30,piercing_line,237,0.0180380054914251,0.0455007721751751,1.0,-0.1526991854347447,0.406816126854803,0
1,0.3,10,11,30,shooting_star,1635,-0.0666762328654898,0.0179950250991997,1.0,-0.0555201728897524,0.152998175094509,0
1,0.3,10,11,30,three_black_crows,26,-0.1030038405306051,0.1550343333735288,1.0,,,0
1,0.3,10,11,30,three_white_soldiers,19,-0.1447813064617353,-0.311063433326379,1.0,,,0
1,0.3,10,11,30,tweezer_bottom,3176,0.0035278294703392,0.0072202262579569,1.0,-0.0493229737493222,0.1177009706200434,0
1,0.3,10,11,30,tweezer_top,3245,-0.0474334707378862,-0.0277930316993235,1.0,-0.0770771236469202,0.101154111487394,0
1,0.3,11,1,5,bearish_engulfing,1568,-0.0786410643215147,-0.0152431983866963,1.0,-0.0568189170236383,0.0863986377044657,0
1,0.3,11,1,5,bearish_harami,707,-0.0566738767233759,0.0080678018054246,1.0,-0.0694928597580833,0.1634006199990961,0
1,0.3,11,1,5,bearish_kicker,177,-0.1624858428387659,0.0200100537046428,1.0,-0.1293014273642014,0.3069490884734457,0
1,0.3,11,1,5,bullish_engulfing,1549,0.1074943588382675,0.0680201808075907,0.251974802519748,0.0189483202572371,0.1038244011218975,0
1,0.3,11,1,5,bullish_harami,638,0.0668543044340873,0.003481917887643,1.0,-0.0787629500641676,0.1763607348220726,0
1,0.3,11,1,5,bullish_kicker,188,0.1943182284864265,0.1458928631439376,1.0,0.0137114377845125,0.2822142568711362,0
1,0.3,11,1,5,dark_cloud_cover,174,-0.0446326110999007,-0.0672410569760475,1.0,-0.2142088824022614,0.3052620953396718,0
1,0.3,11,1,5,dragonfly_doji,492,0.1476999192072817,0.1464252937116254,0.4927507249275072,0.025098113240162,0.2495673290692659,0
1,0.3,11,1,5,evening_star,61,0.2179087423124024,0.2121459509062661,1.0,0.0309905866861505,0.40214725907206,0
1,0.3,11,1,5,gravestone_doji,530,-0.0270220919283534,-0.0165744394908243,1.0,-0.1390681350190303,0.2557666736051232,0
1,0.3,11,1,5,hammer,1418,0.0711954974217485,0.0080431523941073,1.0,-0.0587911325253202,0.1400735827300156,0
1,0.3,11,1,5,hanging_man,1658,-0.0793983868792881,-0.004797716180815,1.0,-0.0820981930910373,0.1611018380021431,0
1,0.3,11,1,5,inverted_hammer,1534,0.0356348376062499,0.0458730464693963,1.0,-0.0217862016983149,0.1388044078615251,0
1,0.3,11,1,5,morning_star,44,-0.0878633723813083,0.0289023605127626,1.0,-0.2763124785793919,0.6054936299465022,0
1,0.3,11,1,5,piercing_line,172,0.0796228590676846,-0.0108415424729316,1.0,-0.1616250774791655,0.3148997893925711,0
1,0.3,11,1,5,shooting_star,1503,-0.0764837233101773,-0.0319757757643578,1.0,-0.0970414909020653,0.1363917478715287,0
1,0.3,11,1,5,three_black_crows,21,-0.0302911104661566,0.1780940815722298,1.0,,,0
1,0.3,11,1,5,three_white_soldiers,24,0.0001566532984222,0.0196716238165852,1.0,,,0
1,0.3,11,1,5,tweezer_bottom,3049,0.052923734543435,0.0131122173567731,1.0,-0.021967572343987,0.0729794604613427,0
1,0.3,11,1,5,tweezer_top,3143,-0.0475848174202054,0.011129889456548,1.0,-0.0232544111472242,0.0727230065008684,0
1,0.3,11,1,15,bearish_engulfing,1568,-0.0786410643215147,0.0041890042599498,1.0,-0.0588520024212787,0.1238064920297485,0
1,0.3,11,1,15,bearish_harami,707,-0.0566738767233759,-0.0221637769344102,1.0,-0.1089528187018976,0.1816153153159286,0
1,0.3,11,1,15,bearish_kicker,177,-0.1624858428387659,-0.0348163919126749,1.0,-0.2198339273755326,0.3910420044811122,0
1,0.3,11,1,15,bullish_engulfing,1549,0.1074943588382675,0.0771652011812333,0.260973902609739,0.0179565613197643,0.1216998772384717,0
1,0.3,11,1,15,bullish_harami,638,0.0668543044340873,0.0304863641192632,1.0,-0.0894620727557273,0.2482570818685535,0
1,0.3,11,1,15,bullish_kicker,188,0.1943182284864265,0.1186802751942011,1.0,-0.0443371170835004,0.34634471592069,0
1,0.3,11,1,15,dark_cloud_cover,174,-0.0446326110999007,-0.1224059542740712,1.0,-0.3221310602840797,0.4090075009606242,0
1,0.3,11,1,15,dragonfly_doji,492,0.1476999192072817,0.1681286813833419,0.4143585641435856,0.035357855599802,0.2826268419810216,0
1,0.3,11,1,15,evening_star,61,0.2179087423124024,0.3249975370810327,0.8349165083491652,0.0400912108437832,0.6089196872695039,0
1,0.3,11,1,15,gravestone_doji,530,-0.0270220919283534,-0.0127779320988511,1.0,-0.1408059583431349,0.2621357860797815,0
1,0.3,11,1,15,hammer,1418,0.0711954974217485,0.0673391112438632,1.0,-0.0080460025220259,0.1564888398430213,0
1,0.3,11,1,15,hanging_man,1658,-0.0793983868792881,-0.0193660200402132,1.0,-0.1113820055036943,0.1930040282685953,0
1,0.3,11,1,15,inverted_hammer,1534,0.0356348376062499,0.0215300619184569,1.0,-0.0688975373269981,0.186812590083929,0
1,0.3,11,1,15,morning_star,44,-0.0878633723813083,0.397535298453657,0.161983801619838,0.1192463985378798,0.5775636509732418,0
1,0.3,11,1,15,piercing_line,172,0.0796228590676846,0.1701413088187123,1.0,-0.0207523652638706,0.392824014576993,0
1,0.3,11,1,15,shooting_star,1503,-0.0764837233101773,-0.0335279043274525,1.0,-0.106112416924669,0.1532871976191935,0
1,0.3,11,1,15,three_black_crows,21,-0.0302911104661566,0.0883097277059603,1.0,,,0
1,0.3,11,1,15,three_white_soldiers,24,0.0001566532984222,-0.1796226918791736,1.0,,,0
1,0.3,11,1,15,tweezer_bottom,3049,0.052923734543435,0.0306259810139336,1.0,-0.0136796803509984,0.0917369364220285,0
1,0.3,11,1,15,tweezer_top,3143,-0.0475848174202054,0.0345073456342741,1.0,-0.0107240181189081,0.0930334198558158,0
1,0.3,11,1,30,bearish_engulfing,1568,-0.0786410643215147,0.0110891400701806,1.0,-0.0531035669307614,0.1314462525064837,0
1,0.3,11,1,30,bearish_harami,707,-0.0566738767233759,-0.0356783496789312,1.0,-0.129951385338885,0.1990222732410628,0
1,0.3,11,1,30,bearish_kicker,177,-0.1624858428387659,-0.00340340920448,1.0,-0.1882016727839298,0.3923202681217347,0
1,0.3,11,1,30,bullish_engulfing,1549,0.1074943588382675,0.0897114617637679,0.11998800119988,0.0302630810845983,0.1254971618855024,0
1,0.3,11,1,30,bullish_harami,638,0.0668543044340873,0.0858922838668078,1.0,-0.0305633810768807,0.2458463771936938,0
1,0.3,11,1,30,bullish_kicker,188,0.1943182284864265,0.150944128328695,1.0,-0.0517007098925136,0.42961590762546,0
1,0.3,11,1,30,dark_cloud_cover,174,-0.0446326110999007,-0.0267595957963759,1.0,-0.2319699216797964,0.4304976351462317,0
1,0.3,11,1,30,dragonfly_doji,492,0.1476999192072817,-0.0261119208119377,1.0,-0.1581214674522205,0.2762498052663549,0
1,0.3,11,1,30,evening_star,61,0.2179087423124024,0.4058637309659943,0.8153184681531847,0.0670597259337164,0.7222807665672156,0
1,0.3,11,1,30,gravestone_doji,530,-0.0270220919283534,-0.0683524115650782,1.0,-0.2177266469106299,0.3088788093945083,0
1,0.3,11,1,30,hammer,1418,0.0711954974217485,0.0823250453937019,1.0,0.0042905803265444,0.1645680568717129,0
1,0.3,11,1,30,hanging_man,1658,-0.0793983868792881,0.069678274109555,1.0,-0.0191384723128329,0.1834088240743361,0
1,0.3,11,1,30,inverted_hammer,1534,0.0356348376062499,0.0129803858961578,1.0,-0.0727835812912517,0.1780337279004392,0
1,0.3,11,1,30,morning_star,44,-0.0878633723813083,0.0848942948013598,1.0,-0.331136390436946,0.8376419180386909,0
1,0.3,11,1,30,piercing_line,172,0.0796228590676846,0.2106063946112742,1.0,-0.0215436187268265,0.4680840824744529,0
1,0.3,11,1,30,shooting_star,1503,-0.0764837233101773,-0.0395993589943091,1.0,-0.1281230314436866,0.1823753190992718,0
1,0.3,11,1,30,three_black_crows,21,-0.0302911104661566,0.2452105480379302,1.0,,,0
1,0.3,11,1,30,three_white_soldiers,24,0.0001566532984222,-0.0053100288166532,1.0,,,0
1,0.3,11,1,30,tweezer_bottom,3049,0.052923734543435,0.0188871176483948,1.0,-0.0225322464068306,0.0884247126411208,0
1,0.3,11,1,30,tweezer_top,3143,-0.0475848174202054,0.0254944004662916,1.0,-0.0265393265677453,0.1076544080712648,0
1,0.3,11,6,30,bearish_engulfing,1568,-0.0786410643215147,-0.0002884976395058,1.0,-0.0643731311089651,0.1312548454553334,0
1,0.3,11,6,30,bearish_harami,707,-0.0566738767233759,0.0402990668254765,1.0,-0.0620058229738768,0.2139843561064726,0
1,0.3,11,6,30,bearish_kicker,177,-0.1624858428387659,0.0165587192224372,1.0,-0.1823015843229394,0.4103118284199301,0
1,0.3,11,6,30,bullish_engulfing,1549,0.1074943588382675,0.0674920712938117,0.5399460053994601,0.0115257347131131,0.1182950769838184,0
1,0.3,11,6,30,bullish_harami,638,0.0668543044340873,0.1413184685656185,0.4647535246475352,0.0260925545452997,0.2399984448895247,0
1,0.3,11,6,30,bullish_kicker,188,0.1943182284864265,0.2710829756116226,0.443955604439556,0.0604334801777265,0.4413929129672281,0
1,0.3,11,6,30,dark_cloud_cover,174,-0.0446326110999007,0.0869438439473008,1.0,-0.1309814476072613,0.4451926787768515,0
1,0.3,11,6,30,dragonfly_doji,492,0.1476999192072817,0.0687723171590017,1.0,-0.0632506575836798,0.2815108139217744,0
1,0.3,11,6,30,evening_star,61,0.2179087423124024,0.2141257128356572,1.0,-0.1358691341055082,0.7511801536707272,0
1,0.3,11,6,30,gravestone_doji,530,-0.0270220919283534,-0.0229329193729903,1.0,-0.168818493998117,0.3116765171510844,0
1,0.3,11,6,30,hammer,1418,0.0711954974217485,0.106960091733245,0.64993500649935,0.0156608427127135,0.1946931348203808,0
1,0.3,11,6,30,hanging_man,1658,-0.0793983868792881,0.0117110135415227,1.0,-0.0801201854436263,0.1971181955711946,0
1,0.3,11,6,30,inverted_hammer,1534,0.0356348376062499,0.0598486821518172,1.0,-0.0357403990055434,0.1964575374742319,0
1,0.3,11,6,30,morning_star,44,-0.0878633723813083,0.0534867827069935,1.0,-0.3569305658452533,0.8195276770779111,0
1,0.3,11,6,30,piercing_line,172,0.0796228590676846,0.1742390828665465,1.0,-0.0430402559482761,0.4452686902211594,0
1,0.3,11,6,30,shooting_star,1503,-0.0764837233101773,-0.0210944286281267,1.0,-0.1083020510641173,0.1843763979439694,0
1,0.3,11,6,30,three_black_crows,21,-0.0302911104661566,0.240942646821705,1.0,,,0
1,0.3,11,6,30,three_white_soldiers,24,0.0001566532984222,-0.1507592526076159,1.0,,,0
1,0.3,11,6,30,tweezer_bottom,3049,0.052923734543435,0.0341210880007214,1.0,-0.0140189838791574,0.0994903502598028,0
1,0.3,11,6,30,tweezer_top,3143,-0.0475848174202054,0.0294615037803438,1.0,-0.0197275567824148,0.1019340332827845,0
1,0.3,11,11,30,bearish_engulfing,1568,-0.0786410643215147,0.014436247154634,1.0,-0.048662646068111,0.1276392874050735,0
1,0.3,11,11,30,bearish_harami,707,-0.0566738767233759,-0.0065956498703471,1.0,-0.1238830194470184,0.2451037412983237,0
1,0.3,11,11,30,bearish_kicker,177,-0.1624858428387659,-0.1405883447338364,1.0,-0.3523310339893173,0.4443128501312908,0
1,0.3,11,11,30,bullish_engulfing,1549,0.1074943588382675,0.0852278117611416,0.3839616038396161,0.0187570580328504,0.1390069316745052,0
1,0.3,11,11,30,bullish_harami,638,0.0668543044340873,0.1397558520396753,0.8683131686831318,0.0116159485145716,0.2685774026587901,0
1,0.3,11,11,30,bullish_kicker,188,0.1943182284864265,0.1899704279728814,1.0,-0.0339806320636256,0.4662234782840631,0
1,0.3,11,11,30,dark_cloud_cover,174,-0.0446326110999007,0.1324717163512266,1.0,-0.0751925913336276,0.4350380903800059,0
1,0.3,11,11,30,dragonfly_doji,492,0.1476999192072817,0.0729797800103297,1.0,-0.0716757253177071,0.3039711319263329,0
1,0.3,11,11,30,evening_star,61,0.2179087423124024,0.2481137586539973,1.0,-0.095057267095783,0.727906926748706,0
1,0.3,11,11,30,gravestone_doji,530,-0.0270220919283534,0.0449324781525994,1.0,-0.1190660377975555,0.338896588657477,0
1,0.3,11,11,30,hammer,1418,0.0711954974217485,0.0971730299767487,0.7667233276672333,0.0072096643589471,0.1863766152299423,0
1,0.3,11,11,30,hanging_man,1658,-0.0793983868792881,-0.0049065101626559,1.0,-0.1040560995159641,0.21003952345197,0
1,0.3,11,11,30,inverted_hammer,1534,0.0356348376062499,0.0682005727879995,1.0,-0.0180789949720975,0.1760557125059255,0
1,0.3,11,11,30,morning_star,44,-0.0878633723813083,-0.0066776109161238,1.0,-0.4444226395907292,0.8749766399242288,0
1,0.3,11,11,30,piercing_line,172,0.0796228590676846,0.0555207221660063,1.0,-0.164134678192247,0.459554523592264,0
1,0.3,11,11,30,shooting_star,1503,-0.0764837233101773,-0.0565168917525688,1.0,-0.1420493168575957,0.1784095049733481,0
1,0.3,11,11,30,three_black_crows,21,-0.0302911104661566,0.1728756075827295,1.0,,,0
1,0.3,11,11,30,three_white_soldiers,24,0.0001566532984222,-0.0852578568211222,1.0,,,0
1,0.3,11,11,30,tweezer_bottom,3049,0.052923734543435,0.0363854723430077,1.0,-0.0152292872865156,0.1068528431497815,0
1,0.3,11,11,30,tweezer_top,3143,-0.0475848174202054,0.0029533396981691,1.0,-0.0480736818722045,0.1051345010076411,0
1,0.3,12,1,5,bearish_engulfing,1504,-0.071941813983554,0.029349337998533,1.0,-0.0134382046262864,0.0872830640465864,0
1,0.3,12,1,5,bearish_harami,687,-0.0029866692253021,0.0681788850720266,1.0,-0.0116882475960989,0.1695323117212195,0
1,0.3,12,1,5,bearish_kicker,158,0.014252074402222,-0.0128794028525407,1.0,-0.2096783887341808,0.4185051441426087,0
1,0.3,12,1,5,bullish_engulfing,1457,0.0464696440727392,0.0876536049182134,0.04999500049995,0.0332880648980724,0.1132138847104499,1
1,0.3,12,1,5,bullish_harami,644,-0.0023746443018789,0.0190671091831923,1.0,-0.0878063817250317,0.2197635490957584,0
1,0.3,12,1,5,bullish_kicker,204,-0.1227417038435865,-0.0741673177315587,1.0,-0.2103318687753558,0.2718425579751572,0
1,0.3,12,1,5,dark_cloud_cover,188,-0.1180293932533014,-0.0319641825549665,1.0,-0.1890222594150898,0.3325009694641113,0
1,0.3,12,1,5,dragonfly_doji,753,-0.0427475338604469,0.0145162140657624,1.0,-0.0768070489446709,0.1914668650079262,0
1,0.3,12,1,5,evening_star,70,-0.2442907645825464,-0.0032963370635227,1.0,-0.1450636561135853,0.3006224170361965,0
1,0.3,12,1,5,gravestone_doji,787,-0.1082565640471857,0.0599839493764252,1.0,-0.0225905940256526,0.1718914514316076,0
1,0.3,12,1,5,hammer,1592,0.0047844604715081,0.0285279232149427,1.0,-0.0257392267057182,0.1129334169408582,0
1,0.3,12,1,5,hanging_man,1877,-0.0157018042350491,0.0675257857694591,0.7853214678532147,1.828367150554789e-05,0.1366064301091022,0
1,0.3,12,1,5,inverted_hammer,1798,-0.0190711966864091,0.0664206896791378,0.93990600939906,-1.1573791631917597e-05,0.1376757113684218,0
1,0.3,12,1,5,morning_star,42,-0.1210429015166475,-0.0634204475036076,1.0,-0.3343144499810686,0.5512205512674195,0
1,0.3,12,1,5,piercing_line,192,0.1675929999439597,0.1934744526932255,0.0223977602239776,0.0818458494449842,0.2323966850737389,1
1,0.3,12,1,5,shooting_star,1697,-0.0530102801465348,0.033820001997896,1.0,-0.0265147552280796,0.1251199439683655,0
1,0.3,12,1,5,three_black_crows,27,-0.0519675686693764,0.0279132873759405,1.0,,,0
1,0.3,12,1,5,three_white_soldiers,24,-0.0362709282363744,-0.0313773004185682,1.0,,,0
1,0.3,12,1,5,tweezer_bottom,2868,0.0398336257728093,0.0555151288990317,0.1977802219778022,0.0143694265648232,0.0855925926969439,0
1,0.3,12,1,5,tweezer_top,2941,-0.0154889740412589,0.0467851298069317,0.3431656834316569,0.0086556739690103,0.0799879388227702,0
1,0.3,12,1,15,bearish_engulfing,1504,-0.071941813983554,0.0406789357481279,1.0,-0.0191445325007101,0.1257465670458284,0
1,0.3,12,1,15,bearish_harami,687,-0.0029866692253021,0.1076732311746179,0.9953004699530048,0.0050098077395583,0.2171684409758245,0
1,0.3,12,1,15,bearish_kicker,158,0.014252074402222,0.1195221479411625,1.0,-0.0840924941490883,0.4301495150518101,0
1,0.3,12,1,15,bullish_engulfing,1457,0.0464696440727392,0.0591116189330947,1.0,0.000117858895246,0.1244301586930952,0
1,0.3,12,1,15,bullish_harami,644,-0.0023746443018789,0.0210744301728768,1.0,-0.086389769509216,0.2246598809744516,0
1,0.3,12,1,15,bullish_kicker,204,-0.1227417038435865,-0.1373336811855479,1.0,-0.3383825687545528,0.4056513830448522,0
1,0.3,12,1,15,dark_cloud_cover,188,-0.1180293932533014,-0.0441527114527325,1.0,-0.2094953923852283,0.3415331589138126,0
1,0.3,12,1,15,dragonfly_doji,753,-0.0427475338604469,-0.0667590359496459,1.0,-0.1645781534449477,0.2037531002319148,0
1,0.3,12,1,15,evening_star,70,-0.2442907645825464,-0.1278140164735749,1.0,-0.4120852432858143,0.586398465987834,0
1,0.3,12,1,15,gravestone_doji,787,-0.1082565640471857,-0.0075789516058867,1.0,-0.104831729043355,0.2019285920098129,0
1,0.3,12,1,15,hammer,1592,0.0047844604715081,0.0680999084847954,0.9953004699530048,0.0037326974379905,0.1382140330987677,0
1,0.3,12,1,15,hanging_man,1877,-0.0157018042350491,0.0973453938595719,0.1195880411958804,0.026217364064525,0.1437037659314591,0
1,0.3,12,1,15,inverted_hammer,1798,-0.0190711966864091,0.0634074940635045,1.0,-0.0143702426290051,0.1603370953207491,0
1,0.3,12,1,15,morning_star,42,-0.1210429015166475,0.0055543031078042,1.0,-0.3969996803652244,0.8201573473764414,0
1,0.3,12,1,15,piercing_line,192,0.1675929999439597,0.307892921157035,0.0083991600839916,0.1580692582608177,0.3075906975184175,1
1,0.3,12,1,15,shooting_star,1697,-0.0530102801465348,0.0495075150795477,1.0,-0.031179272179274,0.1681543125187551,0
1,0.3,12,1,15,three_black_crows,27,-0.0519675686693764,0.1704870154583721,1.0,,,0
1,0.3,12,1,15,three_white_soldiers,24,-0.0362709282363744,-0.045550399056513,1.0,,,0
1,0.3,12,1,15,tweezer_bottom,2868,0.0398336257728093,0.0530829600737996,0.9415058494150584,0.00457231553702,0.1038053065016561,0
1,0.3,12,1,15,tweezer_top,2941,-0.0154889740412589,0.0776292632821879,0.0111988801119888,0.0328233774266498,0.0933053306894649,1
1,0.3,12,1,30,bearish_engulfing,1504,-0.071941813983554,0.0156636670013136,1.0,-0.0524565749217256,0.1442953891948773,0
1,0.3,12,1,30,bearish_harami,687,-0.0029866692253021,0.1218735930342777,1.0,-0.0070412634537797,0.2722323298205168,0
1,0.3,12,1,30,bearish_kicker,158,0.014252074402222,0.0539109092641758,1.0,-0.1745835057996502,0.4705237029266108,0
1,0.3,12,1,30,bullish_engulfing,1457,0.0464696440727392,0.0521523001751546,1.0,-0.0131746525846691,0.1376228280368006,0
1,0.3,12,1,30,bullish_harami,644,-0.0023746443018789,-0.014169723026974,1.0,-0.1315754732147152,0.2432598816371179,0
1,0.3,12,1,30,bullish_kicker,204,-0.1227417038435865,-0.0086430074293814,1.0,-0.1907636635094144,0.3688839056960334,0
1,0.3,12,1,30,dark_cloud_cover,188,-0.1180293932533014,-0.0952081825887846,1.0,-0.2651372238102196,0.3610888093791423,0
1,0.3,12,1,30,dragonfly_doji,753,-0.0427475338604469,0.0125885628624057,1.0,-0.087709587739832,0.2162772328925107,0
1,0.3,12,1,30,evening_star,70,-0.2442907645825464,-0.4900903128001623,1.0,-0.8364599692019029,0.7096188253488429,0
1,0.3,12,1,30,gravestone_doji,787,-0.1082565640471857,0.0083866987815833,1.0,-0.1107058959899744,0.2453364229950231,0
1,0.3,12,1,30,hammer,1592,0.0047844604715081,-0.0542491462050903,1.0,-0.1331286226759941,0.1661955536732976,0
1,0.3,12,1,30,hanging_man,1877,-0.0157018042350491,0.0445663129903479,1.0,-0.0407545182440821,0.1760850015656207,0
1,0.3,12,1,30,inverted_hammer,1798,-0.0190711966864091,0.0971828708492822,0.5807419258074193,0.0136178539440827,0.1756912166379785,0
1,0.3,12,1,30,morning_star,42,-0.1210429015166475,0.0184057060292038,1.0,-0.4164940635396659,0.8768148539368005,0
1,0.3,12,1,30,piercing_line,192,0.1675929999439597,0.2436184312457677,0.304969503049695,0.0468296319885195,0.4066520067782933,0
1,0.3,12,1,30,shooting_star,1697,-0.0530102801465348,0.0377163722867066,1.0,-0.0392912631060525,0.162562882209701,0
1,0.3,12,1,30,three_black_crows,27,-0.0519675686693764,0.0326297049724688,1.0,,,0
1,0.3,12,1,30,three_white_soldiers,24,-0.0362709282363744,-0.0382682175623048,1.0,,,0
1,0.3,12,1,30,tweezer_bottom,2868,0.0398336257728093,0.0106694481197928,1.0,-0.0430686957366547,0.1129353115722482,0
1,0.3,12,1,30,tweezer_top,2941,-0.0154889740412589,0.0365693952772016,1.0,-0.0108129843161744,0.0991268062220092,0
1,0.3,12,6,30,bearish_engulfing,1504,-0.071941813983554,-0.0132546781178663,1.0,-0.0819461732127934,0.1429535589886502,0
1,0.3,12,6,30,bearish_harami,687,-0.0029866692253021,0.0911036456123885,1.0,-0.0364990653038306,0.2707426205412679,0
1,0.3,12,6,30,bearish_kicker,158,0.014252074402222,0.0926682269219315,1.0,-0.1520442177766773,0.5074084042468633,0
1,0.3,12,6,30,bullish_engulfing,1457,0.0464696440727392,0.0453010572388631,1.0,-0.0274654765899752,0.1518418169610414,0
1,0.3,12,6,30,bullish_harami,644,-0.0023746443018789,-0.0143905986447571,1.0,-0.1425591730906547,0.2632373954466929,0
1,0.3,12,6,30,bullish_kicker,204,-0.1227417038435865,-0.0201447415850589,1.0,-0.2311315980079723,0.4246246522611475,0
1,0.3,12,6,30,dark_cloud_cover,188,-0.1180293932533014,-0.0866428491791255,1.0,-0.2786858068992302,0.3961648884092086,0
1,0.3,12,6,30,dragonfly_doji,753,-0.0427475338604469,0.0253470234545156,1.0,-0.0714220316056406,0.2105472330551586,0
1,0.3,12,6,30,evening_star,70,-0.2442907645825464,-0.5442100452600278,1.0,-0.9253025646853936,0.7856024841261774,0
1,0.3,12,6,30,gravestone_doji,787,-0.1082565640471857,0.0498014570391525,1.0,-0.058736974093234,0.2259425323254612,0
1,0.3,12,6,30,hammer,1592,0.0047844604715081,-0.0101636282056024,1.0,-0.083690336864991,0.1556753009651602,0
1,0.3,12,6,30,hanging_man,1877,-0.0157018042350491,0.078242629530716,1.0,-0.0010960358111275,0.1655010866340671,0
1,0.3,12,6,30,inverted_hammer,1798,-0.0190711966864091,0.0046520135613829,1.0,-0.0741688090882597,0.1636556711878331,0
1,0.3,12,6,30,morning_star,42,-0.1210429015166475,-0.0611935300260345,1.0,-0.5082808851258347,0.9146754951980808,0
1,0.3,12,6,30,piercing_line,192,0.1675929999439597,0.1443336369909886,1.0,-0.0387087250894976,0.3667691355736658,0
1,0.3,12,6,30,shooting_star,1697,-0.0530102801465348,0.0272906537642771,1.0,-0.0445727665467435,0.1522468637258767,0
1,0.3,12,6,30,three_black_crows,27,-0.0519675686693764,-0.1829651031499331,1.0,,,0
1,0.3,12,6,30,three_white_soldiers,24,-0.0362709282363744,-0.0275294060183486,1.0,,,0
1,0.3,12,6,30,tweezer_bottom,2868,0.0398336257728093,0.0465715571828681,1.0,-0.0041585106821438,0.1064198455586957,0
1,0.3,12,6,30,tweezer_top,2941,-0.0154889740412589,0.0360899513349764,1.0,-0.0150662051771884,0.1055813104739168,0
1,0.3,12,11,30,bearish_engulfing,1504,-0.071941813983554,0.0217289593629119,1.0,-0.050602486169486,0.1504284493793568,0
1,0.3,12,11,30,bearish_harami,687,-0.0029866692253021,0.1030726063610063,1.0,-0.0182189947379405,0.2552833912461705,0
1,0.3,12,11,30,bearish_kicker,158,0.014252074402222,0.1333897115360761,1.0,-0.1190740122612191,0.5277337445727234,0
1,0.3,12,11,30,bullish_engulfing,1457,0.0464696440727392,0.0593856627921917,1.0,-0.0110747101172922,0.1463205859375561,0
1,0.3,12,11,30,bullish_harami,644,-0.0023746443018789,0.0146169425694922,1.0,-0.1043416268713062,0.247378423003645,0
1,0.3,12,11,30,bullish_kicker,204,-0.1227417038435865,-0.0230220785737736,1.0,-0.2097949191777681,0.3888064387520145,0
1,0.3,12,11,30,dark_cloud_cover,188,-0.1180293932533014,-0.1626400813567341,1.0,-0.3683237966677367,0.4211983945187625,0
1,0.3,12,11,30,dragonfly_doji,753,-0.0427475338604469,-0.0055712086027473,1.0,-0.1170069016819757,0.2414731715687032,0
1,0.3,12,11,30,evening_star,70,-0.2442907645825464,-0.5273220336885902,1.0,-0.886296970514294,0.7701574849042129,0
1,0.3,12,11,30,gravestone_doji,787,-0.1082565640471857,0.0195626110617552,1.0,-0.0899441484092246,0.2338800439622943,0
1,0.3,12,11,30,hammer,1592,0.0047844604715081,0.020076096968167,1.0,-0.0646014647145407,0.1736037386518031,0
1,0.3,12,11,30,hanging_man,1877,-0.0157018042350491,0.1036612773481978,0.264973502649735,0.0245551741932172,0.16767402168237,0
1,0.3,12,11,30,inverted_hammer,1798,-0.0190711966864091,0.0629185710485718,1.0,-0.017004940029099,0.1668414877461326,0
1,0.3,12,11,30,morning_star,42,-0.1210429015166475,-0.0468746173916029,1.0,-0.4804911200813812,0.9004851342656721,0
1,0.3,12,11,30,piercing_line,192,0.1675929999439597,0.066771904285677,1.0,-0.1338243758486289,0.4058099190894622,0
1,0.3,12,11,30,shooting_star,1697,-0.0530102801465348,0.0386032048209268,1.0,-0.0384293359545793,0.1641620250964173,0
1,0.3,12,11,30,three_black_crows,27,-0.0519675686693764,-0.2710646200877992,1.0,,,0
1,0.3,12,11,30,three_white_soldiers,24,-0.0362709282363744,-0.0371613872580754,1.0,,,0
1,0.3,12,11,30,tweezer_bottom,2868,0.0398336257728093,0.0336843046684891,1.0,-0.0230535378632715,0.1188939555693566,0
1,0.3,12,11,30,tweezer_top,2941,-0.0154889740412589,0.0615118252267963,0.264973502649735,0.0129605237625538,0.0994247944667868,0
1,0.3,13,1,5,bearish_engulfing,1613,-0.0564549060336545,0.0029115232303834,1.0,-0.0504939972738272,0.1105248041991906,0
1,0.3,13,1,5,bearish_harami,682,-0.0068614893697002,-0.016464818590446,1.0,-0.1115121829433295,0.1933250487153831,0
1,0.3,13,1,5,bearish_kicker,211,-0.0876703529478311,0.000169306414685,1.0,-0.1130316448085721,0.2319291928406222,0
1,0.3,13,1,5,bullish_engulfing,1551,0.1253140572784514,0.0887956185187951,0.017998200179982,0.0411240782416982,0.0985479279549977,1
1,0.3,13,1,5,bullish_harami,608,0.0617998459597592,0.0632624900569198,1.0,-0.0270189676836027,0.1909596461397545,0
1,0.3,13,1,5,bullish_kicker,184,-0.0088414425672903,0.032473828557802,1.0,-0.1258045295566736,0.3442054972225601,0
1,0.3,13,1,5,dark_cloud_cover,210,-0.141923247285952,-0.0928699011780966,1.0,-0.2176175640862885,0.2565620581679353,0
1,0.3,13,1,5,dragonfly_doji,462,-0.0183667829587011,0.0093837242750197,1.0,-0.0944374027600092,0.2197791570042503,0
1,0.3,13,1,5,evening_star,41,-0.0113458112339427,0.0824732388031189,1.0,-0.1425722907132991,0.4850747629505251,0
1,0.3,13,1,5,gravestone_doji,465,-0.0782921417564865,0.0295290547688346,1.0,-0.0839257987812641,0.2306622030681855,0
1,0.3,13,1,5,hammer,1476,-0.0063920334721109,-0.0253562535842171,1.0,-0.0863594178697018,0.1282604710861966,0
1,0.3,13,1,5,hanging_man,1696,-0.0347855827068218,0.0723387724506434,1.0,-0.0054569933828963,0.1631750572364888,0
1,0.3,13,1,5,inverted_hammer,1547,0.0516626713174706,0.0704465799772499,1.0,-0.0185655886398025,0.1837337976234705,0
1,0.3,13,1,5,morning_star,37,-0.235856533922878,-0.1653463813732331,1.0,-0.4089421154021856,0.507831174085643,0
1,0.3,13,1,5,piercing_line,169,0.0373989146361287,-0.0496842262927799,1.0,-0.1883572475950643,0.288566175657159,0
1,0.3,13,1,5,shooting_star,1550,-0.0489947394168984,0.0323989671897868,1.0,-0.0259231091654034,0.1206618012466527,0
1,0.3,13,1,5,three_black_crows,23,-0.5304867005704902,-0.1946403104835944,1.0,,,0
1,0.3,13,1,5,three_white_soldiers,18,-0.0206370296009903,-0.0129556602391885,1.0,,,0
1,0.3,13,1,5,tweezer_bottom,3034,0.0574511032568963,0.0121952596673771,1.0,-0.0221156517363106,0.0720615039097132,0
1,0.3,13,1,5,tweezer_top,3237,-0.0722787163893056,-0.0081823709569077,1.0,-0.039735505247657,0.0639112378003392,0
1,0.3,13,1,15,bearish_engulfing,1613,-0.0564549060336545,-0.0068447144532812,1.0,-0.0612088944966149,0.1144007209030969,0
1,0.3,13,1,15,bearish_harami,682,-0.0068614893697002,0.0423600865332573,1.0,-0.0660350541875587,0.2252533944830858,0
1,0.3,13,1,15,bearish_kicker,211,-0.0876703529478311,-0.0842761340162156,1.0,-0.2547794466516094,0.3506529181957206,0
1,0.3,13,1,15,bullish_engulfing,1551,0.1253140572784514,0.126916935757613,0.0083991600839916,0.0761961299092181,0.1078399962760385,1
1,0.3,13,1,15,bullish_harami,608,0.0617998459597592,0.0132050887425937,1.0,-0.0902313903807187,0.2211673776181318,0
1,0.3,13,1,15,bullish_kicker,184,-0.0088414425672903,0.1308092779640939,1.0,-0.052150212840491,0.3789538323401387,0
1,0.3,13,1,15,dark_cloud_cover,210,-0.141923247285952,-0.0907697193648121,1.0,-0.2693311773991871,0.3718530035992985,0
1,0.3,13,1,15,dragonfly_doji,462,-0.0183667829587011,-0.0928946040708432,1.0,-0.2375103450108764,0.30181118175762,0
1,0.3,13,1,15,evening_star,41,-0.0113458112339427,0.317272848685646,1.0,-0.0230314892056818,0.7091201490939031,0
1,0.3,13,1,15,gravestone_doji,465,-0.0782921417564865,0.0433696479384863,1.0,-0.1028691281232329,0.3127820057547832,0
1,0.3,13,1,15,hammer,1476,-0.0063920334721109,-0.00984256617334,1.0,-0.086028920897901,0.1587294959019202,0
1,0.3,13,1,15,hanging_man,1696,-0.0347855827068218,0.0979750588653241,0.7955204479552045,0.0099186617750465,0.1837078717495885,0
1,0.3,13,1,15,inverted_hammer,1547,0.0516626713174706,0.0613946319384154,1.0,-0.0262032638670356,0.1845712228123103,0
1,0.3,13,1,15,morning_star,37,-0.235856533922878,-0.3073483283350438,1.0,-0.7347259977126984,0.9038890626693492,0
1,0.3,13,1,15,piercing_line,169,0.0373989146361287,-0.0454601079276388,1.0,-0.2305437775061337,0.387248343082419,0
1,0.3,13,1,15,shooting_star,1550,-0.0489947394168984,0.0313093256237036,1.0,-0.0391679761424846,0.148535759394909,0
1,0.3,13,1,15,three_black_crows,23,-0.5304867005704902,-0.0920368160511382,1.0,,,0
1,0.3,13,1,15,three_white_soldiers,18,-0.0206370296009903,0.1515298900615392,1.0,,,0
1,0.3,13,1,15,tweezer_bottom,3034,0.0574511032568963,0.0468346221760429,1.0,0.002843627405259,0.0948854868148132,0
1,0.3,13,1,15,tweezer_top,3237,-0.0722787163893056,0.005679395585849,1.0,-0.0340482554358858,0.0830171784216542,0
1,0.3,13,1,30,bearish_engulfing,1613,-0.0564549060336545,0.0186042702325227,1.0,-0.0497332816561028,0.1439288233882111,0
1,0.3,13,1,30,bearish_harami,682,-0.0068614893697002,-0.0248908585769978,1.0,-0.1499448833754346,0.259173720814175,0
1,0.3,13,1,30,bearish_kicker,211,-0.0876703529478311,-0.0841435373785569,1.0,-0.2819453824930716,0.4137216297801711,0
1,0.3,13,1,30,bullish_engulfing,1551,0.1253140572784514,0.0912723105070411,0.0637936206379362,0.0325728709565697,0.1227239694396624,0
1,0.3,13,1,30,bullish_harami,608,0.0617998459597592,0.0446195636498726,1.0,-0.0765440689370308,0.2580445721611336,0
1,0.3,13,1,30,bullish_kicker,184,-0.0088414425672903,0.1230364103492765,1.0,-0.0737940583598893,0.4085754367853626,0
1,0.3,13,1,30,dark_cloud_cover,210,-0.141923247285952,-0.0810089822848872,1.0,-0.2729361821872847,0.4057121342265513,0
1,0.3,13,1,30,dragonfly_doji,462,-0.0183667829587011,-0.1106358536386673,1.0,-0.2640447762113426,0.3165729260776821,0
1,0.3,13,1,30,evening_star,41,-0.0113458112339427,0.183988681832918,1.0,-0.2408563997198305,0.8653953286822691,0
1,0.3,13,1,30,gravestone_doji,465,-0.0782921417564865,0.0318375500429725,1.0,-0.1185144214973548,0.3104799887063452,0
1,0.3,13,1,30,hammer,1476,-0.0063920334721109,-0.0241815147526143,1.0,-0.1113981174941088,0.1812927883982374,0
1,0.3,13,1,30,hanging_man,1696,-0.0347855827068218,0.0343271033422855,1.0,-0.0424152891617805,0.1602593180867588,0
1,0.3,13,1,30,inverted_hammer,1547,0.0516626713174706,0.077126783493499,1.0,-0.0306543958954399,0.2241235986769414,0
1,0.3,13,1,30,morning_star,37,-0.235856533922878,-0.1450294330383487,1.0,-0.6593229117529149,1.0588603569859756,0
1,0.3,13,1,30,piercing_line,169,0.0373989146361287,0.0607655481480991,1.0,-0.1099390062832696,0.3617538872429708,0
1,0.3,13,1,30,shooting_star,1550,-0.0489947394168984,0.0071412456094318,1.0,-0.0735355331550452,0.1702919373845232,0
1,0.3,13,1,30,three_black_crows,23,-0.5304867005704902,-0.205523069663584,1.0,,,0
1,0.3,13,1,30,three_white_soldiers,18,-0.0206370296009903,0.1101725914205753,1.0,,,0
1,0.3,13,1,30,tweezer_bottom,3034,0.0574511032568963,0.0344647763245182,1.0,-0.0141138642027294,0.1003680369384226,0
1,0.3,13,1,30,tweezer_top,3237,-0.0722787163893056,0.002136771185638,1.0,-0.0464757855793956,0.1005549939863501,0
1,0.3,13,6,30,bearish_engulfing,1613,-0.0564549060336545,-0.001549137743803,1.0,-0.0721596007081807,0.144821882116233,0
1,0.3,13,6,30,bearish_harami,682,-0.0068614893697002,-0.0310421497057557,1.0,-0.15613072144315,0.2576829529858798,0
1,0.3,13,6,30,bearish_kicker,211,-0.0876703529478311,-0.089739221614353,1.0,-0.2778556350185996,0.3950103591177584,0
1,0.3,13,6,30,bullish_engulfing,1551,0.1253140572784514,0.0817615684023879,0.2127787221277872,0.0212872192164675,0.1257960192719742,0
1,0.3,13,6,30,bullish_harami,608,0.0617998459597592,0.0200928539507583,1.0,-0.1201022281760492,0.2878565574001723,0
1,0.3,13,6,30,bullish_kicker,184,-0.0088414425672903,-0.025728504463358,1.0,-0.2247857167075063,0.4151436650326326,0
1,0.3,13,6,30,dark_cloud_cover,210,-0.141923247285952,-0.084404840349384,1.0,-0.3004763145389142,0.452942609124408,0
1,0.3,13,6,30,dragonfly_doji,462,-0.0183667829587011,-0.020806197436304,1.0,-0.1555983877143258,0.2821678245702937,0
1,0.3,13,6,30,evening_star,41,-0.0113458112339427,0.0061445592589902,1.0,-0.4385427560641759,0.9205727959501856,0
1,0.3,13,6,30,gravestone_doji,465,-0.0782921417564865,0.0962975616584093,1.0,-0.0629911929286005,0.3327560319159945,0
1,0.3,13,6,30,hammer,1476,-0.0063920334721109,-0.0105402530770137,1.0,-0.0946848039577163,0.1740123476948163,0
1,0.3,13,6,30,hanging_man,1696,-0.0347855827068218,0.0269218845659244,1.0,-0.05196944927393,0.1639601786807527,0
1,0.3,13,6,30,inverted_hammer,1547,0.0516626713174706,0.075285960537612,1.0,-0.0321299279475716,0.2215343055715092,0
1,0.3,13,6,30,morning_star,37,-0.235856533922878,-0.1311662964019486,1.0,-0.6360718906131106,1.0539861872379372,0
1,0.3,13,6,30,piercing_line,169,0.0373989146361287,0.1260217983519644,1.0,-0.044256375941846,0.3485172893451171,0
1,0.3,13,6,30,shooting_star,1550,-0.0489947394168984,0.0153830380771945,1.0,-0.0600320012826524,0.1580100242677754,0
1,0.3,13,6,30,three_black_crows,23,-0.5304867005704902,-0.4288336649359326,1.0,,,0
1,0.3,13,6,30,three_white_soldiers,18,-0.0206370296009903,0.0887380580710428,1.0,,,0
1,0.3,13,6,30,tweezer_bottom,3034,0.0574511032568963,0.0458484272431816,1.0,-0.0040409956297111,0.1012782125518364,0
1,0.3,13,6,30,tweezer_top,3237,-0.0722787163893056,-0.0078175589264455,1.0,-0.0581134014575688,0.102804617967917,0
1,0.3,13,11,30,bearish_engulfing,1613,-0.0564549060336545,-0.0248181952866097,1.0,-0.0918962452212304,0.1369194409051385,0
1,0.3,13,11,30,bearish_harami,682,-0.0068614893697002,-0.0087547224722038,1.0,-0.1270659948672976,0.2480687296509108,0
1,0.3,13,11,30,bearish_kicker,211,-0.0876703529478311,-0.1236976846115115,1.0,-0.3161021490327977,0.4143265663694506,0
1,0.3,13,11,30,bullish_engulfing,1551,0.1253140572784514,0.0979604884756346,0.251974802519748,0.0284483244758964,0.1454496246753725,0
1,0.3,13,11,30,bullish_harami,608,0.0617998459597592,0.0509839536703615,1.0,-0.0841451589521436,0.2771302459659971,0
1,0.3,13,11,30,bullish_kicker,184,-0.0088414425672903,0.0466050349452675,1.0,-0.1837644363479205,0.4776560933593376,0
1,0.3,13,11,30,dark_cloud_cover,210,-0.141923247285952,-0.0890859180245025,1.0,-0.2895893758293517,0.4201472042931568,0
1,0.3,13,11,30,dragonfly_doji,462,-0.0183667829587011,-0.1031310616374059,1.0,-0.2438815905337967,0.2970599816695719,0
1,0.3,13,11,30,evening_star,41,-0.0113458112339427,0.109051299996908,1.0,-0.3680982940642529,0.9591121900613152,0
1,0.3,13,11,30,gravestone_doji,465,-0.0782921417564865,0.0779199011165732,1.0,-0.0942631192997512,0.3586997073404303,0
1,0.3,13,11,30,hammer,1476,-0.0063920334721109,-0.0843511390749659,1.0,-0.1628917025054354,0.163345431138021,0
1,0.3,13,11,30,hanging_man,1696,-0.0347855827068218,0.0329505222835112,1.0,-0.0485802490058793,0.1711062765097467,0
1,0.3,13,11,30,inverted_hammer,1547,0.0516626713174706,0.0880489819370784,1.0,-0.0198332815622754,0.2258765294512394,0
1,0.3,13,11,30,morning_star,37,-0.235856533922878,-0.0861544030469171,1.0,-0.6337702552674345,1.1083542913719835,0
1,0.3,13,11,30,piercing_line,169,0.0373989146361287,0.0723398275622317,1.0,-0.1053103781082526,0.3829762796201419,0
1,0.3,13,11,30,shooting_star,1550,-0.0489947394168984,0.0263252680818127,1.0,-0.0542712438151798,0.1689408538121878,0
1,0.3,13,11,30,three_black_crows,23,-0.5304867005704902,-0.365598838818329,1.0,,,0
1,0.3,13,11,30,three_white_soldiers,18,-0.0206370296009903,-0.0375522111750442,1.0,,,0
1,0.3,13,11,30,tweezer_bottom,3034,0.0574511032568963,0.0473148342538015,1.0,0.0024796063842352,0.0951187606165549,0
1,0.3,13,11,30,tweezer_top,3237,-0.0722787163893056,0.0016281564849198,1.0,-0.0419188493509987,0.089954784670877,0
1,0.3,14,1,5,bearish_engulfing,1514,-0.077003219903862,-0.0212420796711732,1.0,-0.0673047019226589,0.0978586890149598,0
1,0.3,14,1,5,bearish_harami,671,-0.0817712567966819,-0.1053989116225911,1.0,-0.1964296719841898,0.1866621513443792,0
1,0.3,14,1,5,bearish_kicker,176,-0.1333925232819766,-0.0083528322350233,1.0,-0.1755966839314881,0.3451530896486932,0
1,0.3,14,1,5,bullish_engulfing,1513,0.1051455040746242,0.0996616127706496,0.0083991600839916,0.0558758644515986,0.0930472535825356,1
1,0.3,14,1,5,bullish_harami,588,0.1168953530592874,0.0385536640932728,1.0,-0.0560677260244598,0.1967477784600814,0
1,0.3,14,1,5,bullish_kicker,173,-0.0761410825267184,0.0129926798809711,1.0,-0.1296110502346788,0.2925774722676176,0
1,0.3,14,1,5,dark_cloud_cover,240,-0.1127290843365104,0.0802257385830142,1.0,-0.0361657591873158,0.258133386978233,0
1,0.3,14,1,5,dragonfly_doji,429,0.1505590170380664,0.110553698109992,1.0,-0.0237326724401074,0.2750390482029867,0
1,0.3,14,1,5,evening_star,59,-0.0247481532658038,-0.1035460320850883,1.0,-0.3373711549461968,0.4771309849905046,0
1,0.3,14,1,5,gravestone_doji,474,0.0591477459306349,0.0768867712362927,1.0,-0.0291047689221797,0.2150689032959362,0
1,0.3,14,1,5,hammer,1488,0.0417931479794631,0.0120737484000032,1.0,-0.0558730308380641,0.1440271720524548,0
1,0.3,14,1,5,hanging_man,1678,-0.0408555432462022,0.020971740579405,1.0,-0.057386097498846,0.1587117449538049,0
1,0.3,14,1,5,inverted_hammer,1704,0.0525994296818951,-0.0227955226521562,1.0,-0.0962091719369745,0.1515916668706596,0
1,0.3,14,1,5,morning_star,62,-0.0890175194524447,0.0616497817375407,1.0,-0.2018950699456467,0.5580868936844489,0
1,0.3,14,1,5,piercing_line,216,0.003550731051429,-0.0313496807548442,1.0,-0.1651642170632593,0.2931140719631989,0
1,0.3,14,1,5,shooting_star,1591,0.0122186181639438,-0.0010399890603067,1.0,-0.0618417323296485,0.1265603049399505,0
1,0.3,14,1,5,three_black_crows,22,0.2220657334007076,0.033609847375039,1.0,,,0
1,0.3,14,1,5,three_white_soldiers,19,0.1505513989428274,-0.1598039208245419,1.0,,,0
1,0.3,14,1,5,tweezer_bottom,3139,0.0382402514190812,-0.0068020284562713,1.0,-0.0411945813944048,0.0723993731723022,0
1,0.3,14,1,5,tweezer_top,3245,-0.0289364147704331,-0.0058563377557024,1.0,-0.0396215603645078,0.070399916247392,0
1,0.3,14,1,15,bearish_engulfing,1514,-0.077003219903862,-0.0148239974815109,1.0,-0.0735248531678653,0.1208439297301111,0
1,0.3,14,1,15,bearish_harami,671,-0.0817712567966819,-0.0871712565602747,1.0,-0.1937180564697629,0.22023116133598,0
1,0.3,14,1,15,bearish_kicker,176,-0.1333925232819766,-0.0108153963804778,1.0,-0.2122987892587618,0.419578763522144,0
1,0.3,14,1,15,bullish_engulfing,1513,0.1051455040746242,0.0758866057200945,0.173982601739826,0.0223549986301016,0.1103278464848572,0
1,0.3,14,1,15,bullish_harami,588,0.1168953530592874,0.035341234345718,1.0,-0.0845036111007384,0.250437308045055,0
1,0.3,14,1,15,bullish_kicker,173,-0.0761410825267184,-0.0106322572334758,1.0,-0.2062783560310936,0.4018583871526698,0
1,0.3,14,1,15,dark_cloud_cover,240,-0.1127290843365104,0.0848320626673239,1.0,-0.0687571581521779,0.3297170844178909,0
1,0.3,14,1,15,dragonfly_doji,429,0.1505590170380664,0.0844906156768611,1.0,-0.0656281503273657,0.3058631634904435,0
1,0.3,14,1,15,evening_star,59,-0.0247481532658038,0.0255515568996921,1.0,-0.2682424398139049,0.6228613607086917,0
1,0.3,14,1,15,gravestone_doji,474,0.0591477459306349,0.1538534042395857,0.7775222477752224,0.0133289602292672,0.2928145258149121,0
1,0.3,14,1,15,hammer,1488,0.0417931479794631,0.0065830497896981,1.0,-0.0690078489755506,0.1586768904706137,0
1,0.3,14,1,15,hanging_man,1678,-0.0408555432462022,0.0348204127122169,1.0,-0.0523604054948274,0.1754852370584328,0
1,0.3,14,1,15,inverted_hammer,1704,0.0525994296818951,0.0249498497488988,1.0,-0.054896534692382,0.1640944739312799,0
1,0.3,14,1,15,morning_star,62,-0.0890175194524447,0.0675331580414942,1.0,-0.2122535332495157,0.6060050842075239,0
1,0.3,14,1,15,piercing_line,216,0.003550731051429,-0.0427259258390081,1.0,-0.224199222872294,0.3858746126673,0
1,0.3,14,1,15,shooting_star,1591,0.0122186181639438,0.036078528532887,1.0,-0.043036678580256,0.1652714535311878,0
1,0.3,14,1,15,three_black_crows,22,0.2220657334007076,0.0694680946409846,1.0,,,0
1,0.3,14,1,15,three_white_soldiers,19,0.1505513989428274,-0.0966901173453415,1.0,,,0
1,0.3,14,1,15,tweezer_bottom,3139,0.0382402514190812,0.0006584583287635,1.0,-0.0444680320912157,0.0937250480282966,0
1,0.3,14,1,15,tweezer_top,3245,-0.0289364147704331,0.0226760187060548,1.0,-0.0191494343071946,0.088325723593793,0
1,0.3,14,1,30,bearish_engulfing,1514,-0.077003219903862,0.0044467365451174,1.0,-0.0603361532333146,0.1362371158392392,0
1,0.3,14,1,30,bearish_harami,671,-0.0817712567966819,0.0023392902679417,1.0,-0.11859130175398,0.2492783010151123,0
1,0.3,14,1,30,bearish_kicker,176,-0.1333925232819766,-0.066678369526877,1.0,-0.3212049339749996,0.5262016805387978,0
1,0.3,14,1,30,bullish_engulfing,1513,0.1051455040746242,0.085375183512258,0.2631736826317368,0.0178046750071307,0.1396844199463986,0
1,0.3,14,1,30,bullish_harami,588,0.1168953530592874,0.0919821700515807,1.0,-0.034410498568757,0.2673300590154769,0
1,0.3,14,1,30,bullish_kicker,173,-0.0761410825267184,0.0190529911646914,1.0,-0.2019638490858251,0.4630569063113874,0
1,0.3,14,1,30,dark_cloud_cover,240,-0.1127290843365104,0.0772211877768135,1.0,-0.1026001274491421,0.3846224910712351,0
1,0.3,14,1,30,dragonfly_doji,429,0.1505590170380664,-0.0311356063091398,1.0,-0.1791855508272281,0.3061572300012955,0
1,0.3,14,1,30,evening_star,59,-0.0247481532658038,-0.1154582058812283,1.0,-0.457909862486681,0.7206587451083437,0
1,0.3,14,1,30,gravestone_doji,474,0.0591477459306349,0.0655032522707159,1.0,-0.0942418894602819,0.3323415321721635,0
1,0.3,14,1,30,hammer,1488,0.0417931479794631,0.0037419489248689,1.0,-0.0700712726120008,0.1526866143074856,0
1,0.3,14,1,30,hanging_man,1678,-0.0408555432462022,0.0517962503827018,1.0,-0.02734274753874,0.1643675237434737,0
1,0.3,14,1,30,inverted_hammer,1704,0.0525994296818951,-0.0083896982985206,1.0,-0.093451632839141,0.1724167504684237,0
1,0.3,14,1,30,morning_star,62,-0.0890175194524447,-0.1333250228543141,1.0,-0.4289733350771504,0.6312015596829644,0
1,0.3,14,1,30,piercing_line,216,0.003550731051429,-0.0108557511446957,1.0,-0.2109475143523612,0.4215666731466751,0
1,0.3,14,1,30,shooting_star,1591,0.0122186181639438,0.0735094016490392,1.0,-0.0060533739799453,0.1689358720851281,0
1,0.3,14,1,30,three_black_crows,22,0.2220657334007076,0.1133304504431587,1.0,,,0
1,0.3,14,1,30,three_white_soldiers,19,0.1505513989428274,-0.0163859038113728,1.0,,,0
1,0.3,14,1,30,tweezer_bottom,3139,0.0382402514190812,0.0247451787887371,1.0,-0.0177289900642983,0.087291425843967,0
1,0.3,14,1,30,tweezer_top,3245,-0.0289364147704331,0.0118327979687675,1.0,-0.0287529476723731,0.0849154449636929,0
1,0.3,14,6,30,bearish_engulfing,1514,-0.077003219903862,0.0144178434291795,1.0,-0.0537618659147777,0.1416734240166745,0
1,0.3,14,6,30,bearish_harami,671,-0.0817712567966819,-0.0351071461147926,1.0,-0.1690905460801474,0.2814653412204508,0
1,0.3,14,6,30,bearish_kicker,176,-0.1333925232819766,-0.149484201138274,1.0,-0.3717681451359831,0.4676256289620265,0
1,0.3,14,6,30,bullish_engulfing,1513,0.1051455040746242,0.0569602541319554,1.0,-0.013052853250326,0.1437893253749035,0
1,0.3,14,6,30,bullish_harami,588,0.1168953530592874,0.1324618992729286,1.0,-0.008217705437431,0.2981678916100098,0
1,0.3,14,6,30,bullish_kicker,173,-0.0761410825267184,0.056950843523362,1.0,-0.1845596545411085,0.4995482887158535,0
1,0.3,14,6,30,dark_cloud_cover,240,-0.1127290843365104,0.0388882041985113,1.0,-0.1604245066192577,0.4302243866189479,0
1,0.3,14,6,30,dragonfly_doji,429,0.1505590170380664,0.1039014733407968,1.0,-0.0568271052563819,0.3382403715906076,0
1,0.3,14,6,30,evening_star,59,-0.0247481532658038,-0.1564264363808507,1.0,-0.5193689449468737,0.774419564318424,0
1,0.3,14,6,30,gravestone_doji,474,0.0591477459306349,0.1106938807235494,1.0,-0.0473745390540636,0.325183341563466,0
1,0.3,14,6,30,hammer,1488,0.0417931479794631,0.0022495018456506,1.0,-0.0777403563235462,0.1674302048193058,0
1,0.3,14,6,30,hanging_man,1678,-0.0408555432462022,0.0173833917944425,1.0,-0.0679128045919765,0.1747811124759228,0
1,0.3,14,6,30,inverted_hammer,1704,0.0525994296818951,0.0252562324441982,1.0,-0.0620706318681711,0.1813332506036824,0
1,0.3,14,6,30,morning_star,62,-0.0890175194524447,-0.058491862292645,1.0,-0.3739556074761063,0.6639210011033303,0
1,0.3,14,6,30,piercing_line,216,0.003550731051429,0.0824776872238082,1.0,-0.1177260567440998,0.4272583625850015,0
1,0.3,14,6,30,shooting_star,1591,0.0122186181639438,0.0488547623402073,1.0,-0.0269346068374069,0.1580789127643498,0
1,0.3,14,6,30,three_black_crows,22,0.2220657334007076,0.2747825774540953,1.0,,,0
1,0.3,14,6,30,three_white_soldiers,19,0.1505513989428274,0.0204007785070262,1.0,,,0
1,0.3,14,6,30,tweezer_bottom,3139,0.0382402514190812,0.0234198294018711,1.0,-0.0226210349486235,0.0971874756568074,0
1,0.3,14,6,30,tweezer_top,3245,-0.0289364147704331,0.0247717222054063,1.0,-0.0210638494322045,0.0945230583533745,0
1,0.3,14,11,30,bearish_engulfing,1514,-0.077003219903862,-0.0102086994436373,1.0,-0.0739526626867349,0.134889499490064,0
1,0.3,14,11,30,bearish_harami,671,-0.0817712567966819,-0.0227628337627072,1.0,-0.174622427652954,0.3093892519516026,0
1,0.3,14,11,30,bearish_kicker,176,-0.1333925232819766,-0.1950669901829002,1.0,-0.4273894001801051,0.5128335301389231,0
1,0.3,14,11,30,bullish_engulfing,1513,0.1051455040746242,0.0659599435549128,1.0,-0.0107635462962304,0.1577225081965675,0
1,0.3,14,11,30,bullish_harami,588,0.1168953530592874,0.15759125237467,0.7783221677832216,0.0154387157272063,0.2968144221507938,0
1,0.3,14,11,30,bullish_kicker,173,-0.0761410825267184,-0.066729396496082,1.0,-0.2968752775145645,0.4887917918590631,0
1,0.3,14,11,30,dark_cloud_cover,240,-0.1127290843365104,-0.0852219100119134,1.0,-0.2663208491399592,0.3947139643854003,0
1,0.3,14,11,30,dragonfly_doji,429,0.1505590170380664,0.148551717133871,1.0,-0.0160052093341738,0.3433906798735684,0
1,0.3,14,11,30,evening_star,59,-0.0247481532658038,-0.2928574039318971,1.0,-0.6266982713831524,0.6764362443695814,0
1,0.3,14,11,30,gravestone_doji,474,0.0591477459306349,0.1783432759701305,0.9611038896110388,0.005991731907319,0.3558126829121678,0
1,0.3,14,11,30,hammer,1488,0.0417931479794631,0.0350652654896407,1.0,-0.038237022280149,0.1557260547795384,0
1,0.3,14,11,30,hanging_man,1678,-0.0408555432462022,0.0420617993492222,1.0,-0.0457650352720022,0.1809860669529491,0
1,0.3,14,11,30,inverted_hammer,1704,0.0525994296818951,0.0332865539019991,1.0,-0.0588137968037478,0.1883752481564734,0
1,0.3,14,11,30,morning_star,62,-0.0890175194524447,0.0600863360542041,1.0,-0.3223621822093947,0.8160885628611769,0
1,0.3,14,11,30,piercing_line,216,0.003550731051429,0.1517412606548875,1.0,-0.0642635934941211,0.4666626422481827,0
1,0.3,14,11,30,shooting_star,1591,0.0122186181639438,0.0651264585361829,1.0,-0.0125908004805291,0.1610920926931282,0
1,0.3,14,11,30,three_black_crows,22,0.2220657334007076,0.35430007711412,1.0,,,0
1,0.3,14,11,30,three_white_soldiers,19,0.1505513989428274,0.0637154879331062,1.0,,,0
1,0.3,14,11,30,tweezer_bottom,3139,0.0382402514190812,0.0422505752177975,1.0,-0.0062999607941303,0.100775570279642,0
1,0.3,14,11,30,tweezer_top,3245,-0.0289364147704331,0.0192336689090147,1.0,-0.0299878812488707,0.102575109385352,0
1,0.3,15,1,5,bearish_engulfing,1551,-0.0562741242224425,-0.0257284400766055,1.0,-0.0661003870493955,0.0846358073097335,0
1,0.3,15,1,5,bearish_harami,681,-0.0512671943609653,0.007130856736962,1.0,-0.0815236554436648,0.1798465303757332,0
1,0.3,15,1,5,bearish_kicker,178,0.0226040115578921,0.0437149138284535,1.0,-0.0920762339934174,0.2898870712076856,0
1,0.3,15,1,5,bullish_engulfing,1528,0.0869383276408389,0.0992544681113799,0.0083991600839916,0.0559732672106826,0.0905357865276719,1
1,0.3,15,1,5,bullish_harami,681,0.0405590928867394,0.0350911079925277,1.0,-0.0488346837084308,0.1750705176762371,0
1,0.3,15,1,5,bullish_kicker,201,-0.0040592932013074,0.033209360694534,1.0,-0.1329782403020653,0.3457770478339737,0
1,0.3,15,1,5,dark_cloud_cover,212,0.0837130964123594,0.1277892672619174,1.0,0.0002841668142417,0.2690224471377933,0
1,0.3,15,1,5,dragonfly_doji,509,0.0899993160995143,0.0447188861465936,1.0,-0.064424428700531,0.2294619264077631,0
1,0.3,15,1,5,evening_star,53,-0.0185156673962731,0.0044599253418755,1.0,-0.2195790857941477,0.465257114699467,0
1,0.3,15,1,5,gravestone_doji,496,-0.1103283383836684,0.0129412864742775,1.0,-0.0919749260812217,0.220060386238296,0
1,0.3,15,1,5,hammer,1496,0.0814517653337797,0.0559260632038783,1.0,-0.0065861278471583,0.1330460801221997,0
1,0.3,15,1,5,hanging_man,1635,-0.1156579552069833,-0.098542688964215,1.0,-0.1671054376084136,0.1478638061566011,0
1,0.3,15,1,5,inverted_hammer,1572,0.0437316300285858,0.032683009009988,1.0,-0.0501096072686076,0.1732213218733708,0
1,0.3,15,1,5,morning_star,39,-0.0986928729123277,-0.1427478143820133,1.0,-0.484734038248522,0.7011154360778661,0
1,0.3,15,1,5,piercing_line,198,-0.0430770974571504,-0.1868217772219179,1.0,-0.3039359394579296,0.2415261560887929,0
1,0.3,15,1,5,shooting_star,1551,-0.059914413803787,0.0292226186612353,1.0,-0.0294846617410225,0.123481405341152,0
1,0.3,15,1,5,three_black_crows,25,-0.151309629291723,-0.1507821994583645,1.0,,,0
1,0.3,15,1,5,three_white_soldiers,26,0.295706472962657,-0.1127932617631389,1.0,,,0
1,0.3,15,1,5,tweezer_bottom,3103,0.0464900206612724,0.029066358579714,1.0,-0.010222479098743,0.0822492927210523,0
1,0.3,15,1,5,tweezer_top,3206,-0.048783143082831,0.0155582756346657,1.0,-0.0239305977003791,0.0851744303812877,0
1,0.3,15,1,15,bearish_engulfing,1551,-0.0562741242224425,0.0056563553196588,1.0,-0.0501754780356436,0.1175214606009033,0
1,0.3,15,1,15,bearish_harami,681,-0.0512671943609653,-0.0423328463067964,1.0,-0.1552640445554653,0.2355624488704345,0
1,0.3,15,1,15,bearish_kicker,178,0.0226040115578921,0.0097882403706787,1.0,-0.1615749856802238,0.3551746539261298,0
1,0.3,15,1,15,bullish_engulfing,1528,0.0869383276408389,0.0642531191054457,0.8903109689031097,0.0051342194952866,0.1226731961233267,0
1,0.3,15,1,15,bullish_harami,681,0.0405590928867394,0.0444275188582485,1.0,-0.0535626958980739,0.2085666119108732,0
1,0.3,15,1,15,bullish_kicker,201,-0.0040592932013074,-0.0886356770453859,1.0,-0.2856993965994504,0.4074331994173663,0
1,0.3,15,1,15,dark_cloud_cover,212,0.0837130964123594,0.0247257005748233,1.0,-0.1369273057439119,0.3419263125891497,0
1,0.3,15,1,15,dragonfly_doji,509,0.0899993160995143,0.1076839802704968,1.0,-0.0183840133254867,0.263334890362606,0
1,0.3,15,1,15,evening_star,53,-0.0185156673962731,-0.0666499320032575,1.0,-0.2862855652329473,0.4642509027157934,0
1,0.3,15,1,15,gravestone_doji,496,-0.1103283383836684,-0.1562497092063724,1.0,-0.2941833275436782,0.28396457950663,0
1,0.3,15,1,15,hammer,1496,0.0814517653337797,0.0768535539028913,1.0,0.0025318387280903,0.1582811165240465,0
1,0.3,15,1,15,hanging_man,1635,-0.1156579552069833,-0.0927015094260423,1.0,-0.1752354748530353,0.1699001377451459,0
1,0.3,15,1,15,inverted_hammer,1572,0.0437316300285858,0.0393843671255287,1.0,-0.038883501415762,0.1653661572483861,0
1,0.3,15,1,15,morning_star,39,-0.0986928729123277,-0.1295227621412248,1.0,-0.5107797507036652,0.7737142569750918,0
1,0.3,15,1,15,piercing_line,198,-0.0430770974571504,0.0084192636609107,1.0,-0.1809868538915668,0.3913014729152155,0
1,0.3,15,1,15,shooting_star,1551,-0.059914413803787,-0.0083293621597585,1.0,-0.081340614134589,0.1519384336628984,0
1,0.3,15,1,15,three_black_crows,25,-0.151309629291723,0.0424426601195074,1.0,,,0
1,0.3,15,1,15,three_white_soldiers,26,0.295706472962657,0.0490530915498532,1.0,,,0
1,0.3,15,1,15,tweezer_bottom,3103,0.0464900206612724,0.0480979843831144,0.7191280871912809,0.006616996472409,0.0871058459008703,0
1,0.3,15,1,15,tweezer_top,3206,-0.048783143082831,0.0100349137016671,1.0,-0.0389068874610425,0.1030125685288226,0
1,0.3,15,1,30,bearish_engulfing,1551,-0.0562741242224425,-0.0520596047317474,1.0,-0.1126284340687062,0.1272305745119886,0
1,0.3,15,1,30,bearish_harami,681,-0.0512671943609653,-0.0770361525213708,1.0,-0.1880407376039042,0.233799357906416,0
1,0.3,15,1,30,bearish_kicker,178,0.0226040115578921,0.0033941878014283,1.0,-0.2052294221875167,0.4344344909210815,0
1,0.3,15,1,30,bullish_engulfing,1528,0.0869383276408389,0.0909925075541883,0.376962303769623,0.0194072194222177,0.148380399799778,0
1,0.3,15,1,30,bullish_harami,681,0.0405590928867394,0.0247572575006794,1.0,-0.0867003989627237,0.2312979115605243,0
1,0.3,15,1,30,bullish_kicker,201,-0.0040592932013074,0.0704842009060615,1.0,-0.1255384207491416,0.3988533790450907,0
1,0.3,15,1,30,dark_cloud_cover,212,0.0837130964123594,0.0995984127682567,1.0,-0.081714659458241,0.3820599079312639,0
1,0.3,15,1,30,dragonfly_doji,509,0.0899993160995143,0.0682850509618146,1.0,-0.073032100880327,0.2921295123647318,0
1,0.3,15,1,30,evening_star,53,-0.0185156673962731,-0.1440987864956951,1.0,-0.5051655240572901,0.7765437400929653,0
1,0.3,15,1,30,gravestone_doji,496,-0.1103283383836684,-0.1067409613703477,1.0,-0.2620639203802086,0.3156713748811043,0
1,0.3,15,1,30,hammer,1496,0.0814517653337797,0.1161894589895022,0.20997900209979,0.0381570120282454,0.1668377117843377,0
1,0.3,15,1,30,hanging_man,1635,-0.1156579552069833,-0.0503674966400913,1.0,-0.134456682825549,0.1788560622666654,0
1,0.3,15,1,30,inverted_hammer,1572,0.0437316300285858,0.0275269358945478,1.0,-0.0625962955575554,0.1915920055282792,0
1,0.3,15,1,30,morning_star,39,-0.0986928729123277,0.0394439108048061,1.0,-0.39155081177515,0.8860982445323925,0
1,0.3,15,1,30,piercing_line,198,-0.0430770974571504,-0.1655595544534579,1.0,-0.3731273744259182,0.4290850829545554,0
1,0.3,15,1,30,shooting_star,1551,-0.059914413803787,-0.0431591124313795,1.0,-0.128654355251226,0.1722438770458896,0
1,0.3,15,1,30,three_black_crows,25,-0.151309629291723,-0.0628392362812407,1.0,,,0
1,0.3,15,1,30,three_white_soldiers,26,0.295706472962657,-0.0170150450046297,1.0,,,0
1,0.3,15,1,30,tweezer_bottom,3103,0.0464900206612724,0.03868435742098,1.0,-0.0105257600678946,0.1029422340795437,0
1,0.3,15,1,30,tweezer_top,3206,-0.048783143082831,-0.0258570330177266,1.0,-0.0761860264129925,0.1050808100187353,0
1,0.3,15,6,30,bearish_engulfing,1551,-0.0562741242224425,-0.0606642012990233,1.0,-0.1237463859533281,0.133425925456181,0
1,0.3,15,6,30,bearish_harami,681,-0.0512671943609653,0.0726305510823651,1.0,-0.032468772617877,0.2174781207593384,0
1,0.3,15,6,30,bearish_kicker,178,0.0226040115578921,0.0861732012858645,1.0,-0.1136094656790283,0.4234727081636171,0
1,0.3,15,6,30,bullish_engulfing,1528,0.0869383276408389,0.074566670394647,0.9515048495150484,0.0046740322825053,0.1453401592497655,0
1,0.3,15,6,30,bullish_harami,681,0.0405590928867394,0.0218423107862448,1.0,-0.0890704778262995,0.2310298430041928,0
1,0.3,15,6,30,bullish_kicker,201,-0.0040592932013074,0.0118709319775943,1.0,-0.2160109910333259,0.4764555610039609,0
1,0.3,15,6,30,dark_cloud_cover,212,0.0837130964123594,0.0003038119597058,1.0,-0.2173242772058081,0.4546125552921871,0
1,0.3,15,6,30,dragonfly_doji,509,0.0899993160995143,0.1107109328901997,1.0,-0.050844408034298,0.3380714456726244,0
1,0.3,15,6,30,evening_star,53,-0.0185156673962731,-0.1982417862189049,1.0,-0.5217493063960746,0.7107258741822945,0
1,0.3,15,6,30,gravestone_doji,496,-0.1103283383836684,-0.1482614542614168,1.0,-0.3041490441239627,0.3247731523734015,0
1,0.3,15,6,30,hammer,1496,0.0814517653337797,0.0932920290185466,0.7223277672232776,0.0119151327977952,0.1708063825675244,0
1,0.3,15,6,30,hanging_man,1635,-0.1156579552069833,-0.0512348377785487,1.0,-0.1432011198421642,0.1913896979268831,0
1,0.3,15,6,30,inverted_hammer,1572,0.0437316300285858,0.05802743470716,1.0,-0.0373003120970602,0.1990165697316986,0
1,0.3,15,6,30,morning_star,39,-0.0986928729123277,-0.010100134957011,1.0,-0.4959367080423006,0.9946053814879404,0
1,0.3,15,6,30,piercing_line,198,-0.0430770974571504,-0.0930960962369889,1.0,-0.304867352623628,0.4412390202837786,0
1,0.3,15,6,30,shooting_star,1551,-0.059914413803787,-0.0156154237431007,1.0,-0.1023912150323344,0.1769750076262956,0
1,0.3,15,6,30,three_black_crows,25,-0.151309629291723,0.027023100366162,1.0,,,0
1,0.3,15,6,30,three_white_soldiers,26,0.295706472962657,0.0282879116957608,1.0,,,0
1,0.3,15,6,30,tweezer_bottom,3103,0.0464900206612724,0.0616188098181595,0.347965203479652,0.0151363338122848,0.0982982692318691,0
1,0.3,15,6,30,tweezer_top,3206,-0.048783143082831,-0.0114423492532275,1.0,-0.0613367193846802,0.10467450411116,0
1,0.3,15,11,30,bearish_engulfing,1551,-0.0562741242224425,-0.0577386898548328,1.0,-0.1291174391535381,0.1492550884368474,0
1,0.3,15,11,30,bearish_harami,681,-0.0512671943609653,-0.0084789774870319,1.0,-0.1217896932530406,0.2362230943125302,0
1,0.3,15,11,30,bearish_kicker,178,0.0226040115578921,0.1231807883165021,1.0,-0.0976313764698661,0.459965116862733,0
1,0.3,15,11,30,bullish_engulfing,1528,0.0869383276408389,0.0576000407948133,1.0,-0.0111723149837725,0.143759319142455,0
1,0.3,15,11,30,bullish_harami,681,0.0405590928867394,0.0013147436604578,1.0,-0.11940660407029,0.2450210714741266,0
1,0.3,15,11,30,bullish_kicker,201,-0.0040592932013074,0.1477108390988838,1.0,-0.0697503031540663,0.442723473341272,0
1,0.3,15,11,30,dark_cloud_cover,212,0.0837130964123594,0.0587378150149033,1.0,-0.1535677918850132,0.4361214263599772,0
1,0.3,15,11,30,dragonfly_doji,509,0.0899993160995143,0.1104209645437909,1.0,-0.0521967640990161,0.3437559648613655,0
1,0.3,15,11,30,evening_star,53,-0.0185156673962731,-0.1113025349284897,1.0,-0.4827078925909034,0.8096152081556098,0
1,0.3,15,11,30,gravestone_doji,496,-0.1103283383836684,-0.1626044177359208,1.0,-0.3199297381260225,0.3272579688363488,0
1,0.3,15,11,30,hammer,1496,0.0814517653337797,0.0563334829670452,1.0,-0.0297004384056833,0.1816717838643796,0
1,0.3,15,11,30,hanging_man,1635,-0.1156579552069833,-0.0457328575213164,1.0,-0.1386500529054873,0.1931845540671039,0
1,0.3,15,11,30,inverted_hammer,1572,0.0437316300285858,0.0617743976216814,1.0,-0.0427945198035694,0.2210295883212708,0
1,0.3,15,11,30,morning_star,39,-0.0986928729123277,0.0972906897716327,1.0,-0.4353136793896538,1.1067459613987265,0
1,0.3,15,11,30,piercing_line,198,-0.0430770974571504,-0.1686155784607964,1.0,-0.4107372867325546,0.5015152289953627,0
1,0.3,15,11,30,shooting_star,1551,-0.059914413803787,0.026625261439516,1.0,-0.0643349642294722,0.1854098614537425,0
1,0.3,15,11,30,three_black_crows,25,-0.151309629291723,-0.0268714890320366,1.0,,,0
1,0.3,15,11,30,three_white_soldiers,26,0.295706472962657,-0.0066549826886758,1.0,,,0
1,0.3,15,11,30,tweezer_bottom,3103,0.0464900206612724,0.0261623330139968,1.0,-0.0216450210063617,0.0991594566816885,0
1,0.3,15,11,30,tweezer_top,3206,-0.048783143082831,0.0052749818845569,1.0,-0.0482976273615197,0.1110727314058966,0
1,0.3,16,1,5,bearish_engulfing,1580,-0.048732684594829,-0.0205161530957466,1.0,-0.0611982770397068,0.0847268619143648,0
1,0.3,16,1,5,bearish_harami,669,-0.0247230847171714,-0.0684111197230062,1.0,-0.1606070652037691,0.1977652257610641,0
1,0.3,16,1,5,bearish_kicker,188,-0.1111454173049848,-0.03157536572498,1.0,-0.1590281235181359,0.2634647827449324,0
1,0.3,16,1,5,bullish_engulfing,1545,0.0810266090393021,0.0972016705955023,0.0083991600839916,0.0511615920592892,0.0965915677090608,1
1,0.3,16,1,5,bullish_harami,659,-0.019139865768305,0.0160672398159526,1.0,-0.0715142651175714,0.1823862305960166,0
1,0.3,16,1,5,bullish_kicker,195,0.01545479484785,0.0704090752628151,1.0,-0.0947702654287714,0.3431315032296873,0
1,0.3,16,1,5,dark_cloud_cover,171,0.0068814699696434,-0.0868264401776221,1.0,-0.2039430350130635,0.2407313630149696,0
1,0.3,16,1,5,dragonfly_doji,638,0.0554068112048468,-0.019073400617427,1.0,-0.1201102392460805,0.2115395903349402,0
1,0.3,16,1,5,evening_star,43,0.04982095141678,0.1454371402802242,1.0,-0.1225168525312809,0.5734257934058434,0
1,0.3,16,1,5,gravestone_doji,631,-0.1816452309096065,-0.0402248096194741,1.0,-0.1379767210343588,0.2065044832412877,0
1,0.3,16,1,5,hammer,1604,0.0011121000381902,-0.0197667749566473,1.0,-0.0756549772081839,0.1151934181369094,0
1,0.3,16,1,5,hanging_man,1674,-0.0517293729476362,-0.0072567471428294,1.0,-0.0793987052810262,0.1539980456643754,0
1,0.3,16,1,5,inverted_hammer,1677,-0.0186028516996716,-0.0261982121752777,1.0,-0.1036729484847128,0.1626059204750287,0
1,0.3,16,1,5,morning_star,41,0.0150595833305444,-0.0497417321546762,1.0,-0.2161040800627554,0.3433714577389087,0
1,0.3,16,1,5,piercing_line,175,0.0630010999105241,0.093271856094494,1.0,-0.0500528098046883,0.3087955985947841,0
1,0.3,16,1,5,shooting_star,1603,-0.1021343758379193,-0.028888854658976,1.0,-0.0868152609201103,0.1209298583704892,0
1,0.3,16,1,5,three_black_crows,19,0.0084641848324183,-0.1038667121364787,1.0,,,0
1,0.3,16,1,5,three_white_soldiers,22,-0.1314974691385548,0.0570200064773958,1.0,,,0
1,0.3,16,1,5,tweezer_bottom,3023,0.0321957756346957,0.033652678010609,1.0,-0.0019701120120594,0.0738877547522646,0
1,0.3,16,1,5,tweezer_top,3094,-0.0316515477897147,0.0035522784518862,1.0,-0.0346890359503774,0.080227402907763,0
1,0.3,16,1,15,bearish_engulfing,1580,-0.048732684594829,-0.018717752684351,1.0,-0.0719851594438402,0.1121736880650958,0
1,0.3,16,1,15,bearish_harami,669,-0.0247230847171714,0.0468777522112164,1.0,-0.0600717509308609,0.2240675813063109,0
1,0.3,16,1,15,bearish_kicker,188,-0.1111454173049848,0.0299210874042514,1.0,-0.1530557316030891,0.37650980380756,0
1,0.3,16,1,15,bullish_engulfing,1545,0.0810266090393021,0.0974486847084852,0.0127987201279872,0.0437758070705869,0.1107622434014922,1
1,0.3,16,1,15,bullish_harami,659,-0.019139865768305,0.0099219393398376,1.0,-0.0950066820218209,0.2162886826512675,0
1,0.3,16,1,15,bullish_kicker,195,0.01545479484785,-0.0198080469838562,1.0,-0.2054360333057495,0.3956582287947255,0
1,0.3,16,1,15,dark_cloud_cover,171,0.0068814699696434,0.0304481900666872,1.0,-0.1665806346192556,0.416381812215952,0
1,0.3,16,1,15,dragonfly_doji,638,0.0554068112048468,0.0597913637683129,1.0,-0.0676760694739746,0.2673355412763788,0
1,0.3,16,1,15,evening_star,43,0.04982095141678,-0.0071371064761905,1.0,-0.388035652880895,0.811629683775003,0
1,0.3,16,1,15,gravestone_doji,631,-0.1816452309096065,-0.0287900521403046,1.0,-0.1503650342785404,0.2588508207378641,0
1,0.3,16,1,15,hammer,1604,0.0011121000381902,-0.0186612496093229,1.0,-0.0923029994992373,0.1547531599168213,0
1,0.3,16,1,15,hanging_man,1674,-0.0517293729476362,0.0567275464167594,1.0,-0.0222287004120957,0.1612794282823589,0
1,0.3,16,1,15,inverted_hammer,1677,-0.0186028516996716,0.0446083750011006,1.0,-0.0420585449506817,0.1798013687585284,0
1,0.3,16,1,15,morning_star,41,0.0150595833305444,0.1986889170220806,1.0,-0.0864271838889163,0.6241591854873769,0
1,0.3,16,1,15,piercing_line,175,0.0630010999105241,0.1509612936965115,1.0,-0.0405831654410967,0.3985765455066347,0
1,0.3,16,1,15,shooting_star,1603,-0.1021343758379193,0.0392460025635017,1.0,-0.0311504061664764,0.1474329148748353,0
1,0.3,16,1,15,three_black_crows,19,0.0084641848324183,-0.1324807810242842,1.0,,,0
1,0.3,16,1,15,three_white_soldiers,22,-0.1314974691385548,-0.0071414497879904,1.0,,,0
1,0.3,16,1,15,tweezer_bottom,3023,0.0321957756346957,0.0334809461702429,1.0,-0.0134867263370473,0.097694813309354,0
1,0.3,16,1,15,tweezer_top,3094,-0.0316515477897147,-0.005091462768162,1.0,-0.0452222646414941,0.0824319794997438,0
1,0.3,16,1,30,bearish_engulfing,1580,-0.048732684594829,0.0111795969041215,1.0,-0.0460144798259246,0.1197111094973273,0
1,0.3,16,1,30,bearish_harami,669,-0.0247230847171714,0.0263864273711264,1.0,-0.0956465208914596,0.2597315530888769,0
1,0.3,16,1,30,bearish_kicker,188,-0.1111454173049848,0.0401972758992074,1.0,-0.1760957833779153,0.4478187037183543,0
1,0.3,16,1,30,bullish_engulfing,1545,0.0810266090393021,0.0769246779821486,0.7539246075392461,0.011587545540135,0.1383039402661955,0
1,0.3,16,1,30,bullish_harami,659,-0.019139865768305,0.0036727251421174,1.0,-0.125827923875043,0.2722383279086679,0
1,0.3,16,1,30,bullish_kicker,195,0.01545479484785,-0.0229981955779019,1.0,-0.2214776561996813,0.4217080259088,0
1,0.3,16,1,30,dark_cloud_cover,171,0.0068814699696434,0.118033233053606,1.0,-0.0989438163522996,0.4469944181039928,0
1,0.3,16,1,30,dragonfly_doji,638,0.0554068112048468,0.0249962262009019,1.0,-0.1050161684397457,0.2701718948809773,0
1,0.3,16,1,30,evening_star,43,0.04982095141678,0.2456310947609042,1.0,-0.1328883926608438,0.8092437681573659,0
1,0.3,16,1,30,gravestone_doji,631,-0.1816452309096065,-0.0436932952561416,1.0,-0.1544843315841148,0.2381399739835566,0
1,0.3,16,1,30,hammer,1604,0.0011121000381902,0.0434714463596034,1.0,-0.0261659115555086,0.145144641298352,0
1,0.3,16,1,30,hanging_man,1674,-0.0517293729476362,0.0314046673001838,1.0,-0.0543988155953992,0.1803079910704034,0
1,0.3,16,1,30,inverted_hammer,1677,-0.0186028516996716,0.0408224334440244,1.0,-0.0494790382521845,0.1912861270757095,0
1,0.3,16,1,30,morning_star,41,0.0150595833305444,0.048975567264956,1.0,-0.3302926233534077,0.8166827171471304,0
1,0.3,16,1,30,piercing_line,175,0.0630010999105241,0.056122877204454,1.0,-0.1299339642882801,0.3839569340578756,0
1,0.3,16,1,30,shooting_star,1603,-0.1021343758379193,-0.0210596552500684,1.0,-0.0914527803515989,0.1451123718809998,0
1,0.3,16,1,30,three_black_crows,19,0.0084641848324183,-0.0401294499301633,1.0,,,0
1,0.3,16,1,30,three_white_soldiers,22,-0.1314974691385548,-0.2195218970327639,1.0,,,0
1,0.3,16,1,30,tweezer_bottom,3023,0.0321957756346957,0.0641479320958668,0.377962203779622,0.0131353233038956,0.1061919670503162,0
1,0.3,16,1,30,tweezer_top,3094,-0.0316515477897147,0.0099064606888955,1.0,-0.0406830345089962,0.1041659853135117,0
1,0.3,16,6,30,bearish_engulfing,1580,-0.048732684594829,0.0366201588652296,1.0,-0.032709927424471,0.142535525640375,0
1,0.3,16,6,30,bearish_harami,669,-0.0247230847171714,0.0038763765397002,1.0,-0.1254531482216027,0.2778846891347701,0
1,0.3,16,6,30,bearish_kicker,188,-0.1111454173049848,0.0763750329745346,1.0,-0.1393812219993145,0.4464642072733612,0
1,0.3,16,6,30,bullish_engulfing,1545,0.0810266090393021,0.0614339644743362,1.0,0.00083585218149,0.130656588779705,0
1,0.3,16,6,30,bullish_harami,659,-0.019139865768305,-0.0096238633159874,1.0,-0.1572694466060469,0.3053190248395631,0
1,0.3,16,6,30,bullish_kicker,195,0.01545479484785,-0.0176000759910971,1.0,-0.2374871194578899,0.4677902797363556,0
1,0.3,16,6,30,dark_cloud_cover,171,0.0068814699696434,0.1234000664048622,1.0,-0.0894447615490075,0.4486536480410955,0
1,0.3,16,6,30,dragonfly_doji,638,0.0554068112048468,0.0153923754773366,1.0,-0.1240483368251601,0.2958174169650951,0
1,0.3,16,6,30,evening_star,43,0.04982095141678,0.1430178302955688,1.0,-0.2982829984345058,0.9230377121551292,0
1,0.3,16,6,30,gravestone_doji,631,-0.1816452309096065,-0.0671585761611719,1.0,-0.1883440076960421,0.2513450850254503,0
1,0.3,16,6,30,hammer,1604,0.0011121000381902,0.0249242968512381,1.0,-0.0508446475688566,0.1546376195572622,0
1,0.3,16,6,30,hanging_man,1674,-0.0517293729476362,-0.0117877286592785,1.0,-0.092511016798926,0.1704409013367336,0
1,0.3,16,6,30,inverted_hammer,1677,-0.0186028516996716,0.018468504695455,1.0,-0.0655087596019954,0.1827544628245129,0
1,0.3,16,6,30,morning_star,41,0.0150595833305444,-0.1565678629162243,1.0,-0.5677454494547013,0.9088634965467032,0
1,0.3,16,6,30,piercing_line,175,0.0630010999105241,0.0638732559874682,1.0,-0.1511813320553154,0.4435291965173267,0
1,0.3,16,6,30,shooting_star,1603,-0.1021343758379193,-0.0025458546282525,1.0,-0.0843269559747281,0.1666735344484074,0
1,0.3,16,6,30,three_black_crows,19,0.0084641848324183,-0.0266040446137403,1.0,,,0
1,0.3,16,6,30,three_white_soldiers,22,-0.1314974691385548,-0.2290533078790294,1.0,,,0
1,0.3,16,6,30,tweezer_bottom,3023,0.0321957756346957,0.0428050907207482,1.0,-0.0057040208876001,0.1012310338883673,0
1,0.3,16,6,30,tweezer_top,3094,-0.0316515477897147,0.0265712063547377,1.0,-0.0276559314617104,0.1121806245570867,0
1,0.3,16,11,30,bearish_engulfing,1580,-0.048732684594829,0.0291982676304283,1.0,-0.0393360713160878,0.1410481187957995,0
1,0.3,16,11,30,bearish_harami,669,-0.0247230847171714,-0.0690656587007012,1.0,-0.1989398807696398,0.2798834848808938,0
1,0.3,16,11,30,bearish_kicker,188,-0.1111454173049848,-0.0372691698514279,1.0,-0.2713680087863677,0.4900167839105712,0
1,0.3,16,11,30,bullish_engulfing,1545,0.0810266090393021,0.0525506038804187,1.0,-0.0118734145842614,0.1401524901818276,0
1,0.3,16,11,30,bullish_harami,659,-0.019139865768305,-0.0237537931789696,1.0,-0.1550731409234523,0.2744546194727206,0
1,0.3,16,11,30,bullish_kicker,195,0.01545479484785,0.0648633222956834,1.0,-0.1774376419425044,0.5116516849496264,0
1,0.3,16,11,30,dark_cloud_cover,171,0.0068814699696434,0.1238583917105906,1.0,-0.0824349024497756,0.4347138153912745,0
1,0.3,16,11,30,dragonfly_doji,638,0.0554068112048468,0.0284010678931284,1.0,-0.1085236936364832,0.2864965244287085,0
1,0.3,16,11,30,evening_star,43,0.04982095141678,0.2621365080249116,1.0,-0.105188191332779,0.8009172703359988,0
1,0.3,16,11,30,gravestone_doji,631,-0.1816452309096065,-0.0838640474816399,1.0,-0.1956019764177232,0.2367158360729415,0
1,0.3,16,11,30,hammer,1604,0.0011121000381902,-0.0034023062432159,1.0,-0.0783217900936884,0.1532989114389458,0
1,0.3,16,11,30,hanging_man,1674,-0.0517293729476362,0.0338790569028614,1.0,-0.045213109868172,0.168611023806147,0
1,0.3,16,11,30,inverted_hammer,1677,-0.0186028516996716,-0.0078698826338747,1.0,-0.096117558297196,0.1870401948499273,0
1,0.3,16,11,30,morning_star,41,0.0150595833305444,-0.1463818558228354,1.0,-0.5951551831455735,0.9887005615076924,0
1,0.3,16,11,30,piercing_line,175,0.0630010999105241,0.09822402673494,1.0,-0.1239437907382242,0.4631832543942952,0
1,0.3,16,11,30,shooting_star,1603,-0.1021343758379193,-0.0526251552242191,1.0,-0.1281817273210365,0.1573875041209627,0
1,0.3,16,11,30,three_black_crows,19,0.0084641848324183,0.0905401066830449,1.0,,,0
1,0.3,16,11,30,three_white_soldiers,22,-0.1314974691385548,-0.1470113334152794,1.0,,,0
1,0.3,16,11,30,tweezer_bottom,3023,0.0321957756346957,0.0526004096899986,0.5939406059394061,0.0092650743739073,0.0920268339648069,0
1,0.3,16,11,30,tweezer_top,3094,-0.0316515477897147,-0.0056187989534653,1.0,-0.0533335765704695,0.0973239341713486,0
5,0.1,1,1,5,bearish_engulfing,1568,-0.086478367251334,-0.0139831381979376,1.0,-0.0670096751980868,0.1100704860011221,0
5,0.1,1,1,5,bearish_harami,688,-0.1382871931536398,-0.0458510952609487,1.0,-0.124441144601127,0.1659562761882153,0
5,0.1,1,1,5,bearish_kicker,184,-0.1214288213601949,0.0643659664927012,1.0,-0.0755695575070996,0.2837210252450776,0
5,0.1,1,1,5,bullish_engulfing,1462,0.2173765636658406,0.1063475755573343,0.0083991600839916,0.0636648672752773,0.0902912487470442,1
5,0.1,1,1,5,bullish_harami,657,-0.0116677340684171,-0.0852790002895885,1.0,-0.1790194411900671,0.1968260437153015,0
5,0.1,1,1,5,bullish_kicker,191,-0.0277807613745588,0.0584808944420353,1.0,-0.0967634884555791,0.3277233129508993,0
5,0.1,1,1,5,dark_cloud_cover,206,-0.0972508068319299,-0.0128022285282135,1.0,-0.1577845251922703,0.3067021083172702,0
5,0.1,1,1,5,dragonfly_doji,509,0.013546279084759,-0.0441851410198634,1.0,-0.1897669762512933,0.2953521915269309,0
5,0.1,1,1,5,evening_star,49,0.0165164648791465,-0.0157779564239153,1.0,-0.282920301226606,0.5249204446540643,0
5,0.1,1,1,5,gravestone_doji,603,-0.0399214773224245,-0.0343063625758349,1.0,-0.1329783933839131,0.2051673359403745,0
5,0.1,1,1,5,hammer,1454,0.0080390804398022,-0.0305711834591202,1.0,-0.0960256812795146,0.1382563558508736,0
5,0.1,1,1,5,hanging_man,1715,-0.0784638193985237,-0.0179448705489948,1.0,-0.09055826478457,0.1504122778001046,0
5,0.1,1,1,5,inverted_hammer,1588,0.0545234081159757,-0.0086539818571636,1.0,-0.0791019474853371,0.1455816560583965,0
5,0.1,1,1,5,morning_star,47,0.378156271366631,-0.003062547577627,1.0,-0.2618573781598585,0.5269178911926182,0
5,0.1,1,1,5,piercing_line,185,-0.0054481072599004,-0.1047894026655323,1.0,-0.2301194717471096,0.2596195766409463,0
5,0.1,1,1,5,shooting_star,1652,-0.0357626840054515,0.037925569144784,1.0,-0.0179947011465219,0.1189401345432425,0
5,0.1,1,1,5,three_black_crows,22,-0.118908287225103,-0.131397998847376,1.0,,,0
5,0.1,1,1,5,three_white_soldiers,17,-0.0092681858877218,0.0186282545857299,1.0,,,0
5,0.1,1,1,5,tweezer_bottom,2965,0.0898156371040962,0.0012412888913056,1.0,-0.0396686979185864,0.0867506351356535,0
5,0.1,1,1,5,tweezer_top,3268,-0.0900944243132449,-0.0001685092657284,1.0,-0.0362457697766783,0.0741625538603346,0
5,0.1,1,1,15,bearish_engulfing,1568,-0.086478367251334,0.0100072350255913,1.0,-0.0548121800957153,0.1381667038943434,0
5,0.1,1,1,15,bearish_harami,688,-0.1382871931536398,0.0008045131543789,1.0,-0.0948824805637828,0.1933953206161613,0
5,0.1,1,1,15,bearish_kicker,184,-0.1214288213601949,0.0284958491010353,1.0,-0.1379419044180341,0.3511131506589315,0
5,0.1,1,1,15,bullish_engulfing,1462,0.2173765636658406,0.107796798343901,0.028997100289971,0.0393734644159742,0.1400547264090789,1
5,0.1,1,1,15,bullish_harami,657,-0.0116677340684171,-0.1371041448935019,1.0,-0.2303188420972508,0.1960584567045069,0
5,0.1,1,1,15,bullish_kicker,191,-0.0277807613745588,-0.036608365906537,1.0,-0.2061148376264277,0.3520706201820325,0
5,0.1,1,1,15,dark_cloud_cover,206,-0.0972508068319299,0.0366150728655772,1.0,-0.1479279897458569,0.391345974845064,0
5,0.1,1,1,15,dragonfly_doji,509,0.013546279084759,-0.017476114087668,1.0,-0.1632797274271029,0.2999453063635583,0
5,0.1,1,1,15,evening_star,49,0.0165164648791465,-0.1008956947244978,1.0,-0.4342499161525701,0.6862998921057046,0
5,0.1,1,1,15,gravestone_doji,603,-0.0399214773224245,0.073658400351231,1.0,-0.0378541601157134,0.2423821653008944,0
5,0.1,1,1,15,hammer,1454,0.0080390804398022,-0.0479580464362754,1.0,-0.1257393571679154,0.158778072674409,0
5,0.1,1,1,15,hanging_man,1715,-0.0784638193985237,-0.0225333621697917,1.0,-0.096239286737499,0.1519095998993277,0
5,0.1,1,1,15,inverted_hammer,1588,0.0545234081159757,-0.050202446318953,1.0,-0.1310090198413966,0.1708285111406992,0
5,0.1,1,1,15,morning_star,47,0.378156271366631,0.0349752170253231,1.0,-0.3806922157910438,0.8967819165577249,0
5,0.1,1,1,15,piercing_line,185,-0.0054481072599004,-0.0159388714185451,1.0,-0.1891606241691733,0.3599910783266067,0
5,0.1,1,1,15,shooting_star,1652,-0.0357626840054515,0.0521147085608883,1.0,-0.0115551638433099,0.1320692594363019,0
5,0.1,1,1,15,three_black_crows,22,-0.118908287225103,0.0122497309515258,1.0,,,0
5,0.1,1,1,15,three_white_soldiers,17,-0.0092681858877218,0.2120333489516306,1.0,,,0
5,0.1,1,1,15,tweezer_bottom,2965,0.0898156371040962,0.0118034171980278,1.0,-0.0331789242759281,0.0929569493603069,0
5,0.1,1,1,15,tweezer_top,3268,-0.0900944243132449,0.0178869652691207,1.0,-0.0252160556348145,0.0902552110112898,0
5,0.1,1,1,30,bearish_engulfing,1568,-0.086478367251334,0.0678590587959769,1.0,-0.0058729747654684,0.1564571860592295,0
5,0.1,1,1,30,bearish_harami,688,-0.1382871931536398,-0.0582927489779364,1.0,-0.1687128053410504,0.2294204908179057,0
5,0.1,1,1,30,bearish_kicker,184,-0.1214288213601949,-0.0267762174632526,1.0,-0.2406367580782524,0.451355956884024,0
5,0.1,1,1,30,bullish_engulfing,1462,0.2173765636658406,0.1221305201948955,0.0115988401159884,0.0504935626716719,0.1482725027724152,1
5,0.1,1,1,30,bullish_harami,657,-0.0116677340684171,-0.1618590365058342,1.0,-0.2845840627430618,0.2538914241975013,0
5,0.1,1,1,30,bullish_kicker,191,-0.0277807613745588,-0.0204179910507046,1.0,-0.2206894365837042,0.4149102258450906,0
5,0.1,1,1,30,dark_cloud_cover,206,-0.0972508068319299,-0.0545886787006828,1.0,-0.230766355138464,0.3710049512213963,0
5,0.1,1,1,30,dragonfly_doji,509,0.013546279084759,0.0428466094577824,1.0,-0.1140424929037101,0.3155287941497557,0
5,0.1,1,1,30,evening_star,49,0.0165164648791465,0.1989899279695574,1.0,-0.1262077144093394,0.6661967185389245,0
5,0.1,1,1,30,gravestone_doji,603,-0.0399214773224245,0.0268648178773338,1.0,-0.1126243729899362,0.2916847431043172,0
5,0.1,1,1,30,hammer,1454,0.0080390804398022,-0.0640802352999728,1.0,-0.1492165883247138,0.1749254130832652,0
5,0.1,1,1,30,hanging_man,1715,-0.0784638193985237,0.0080271146823196,1.0,-0.0819359510527075,0.1853370600916502,0
5,0.1,1,1,30,inverted_hammer,1588,0.0545234081159757,-0.0322609360817155,1.0,-0.1256068534095256,0.1954455435968059,0
5,0.1,1,1,30,morning_star,47,0.378156271366631,0.2948630445215788,1.0,-0.1285871029847044,0.85783226800816,0
5,0.1,1,1,30,piercing_line,185,-0.0054481072599004,-0.0748313673979623,1.0,-0.2846381185885471,0.4304042463778524,0
5,0.1,1,1,30,shooting_star,1652,-0.0357626840054515,0.0483915753083343,1.0,-0.0201056959428494,0.1452358451980853,0
5,0.1,1,1,30,three_black_crows,22,-0.118908287225103,-0.1166994260031665,1.0,,,0
5,0.1,1,1,30,three_white_soldiers,17,-0.0092681858877218,0.0597894018689965,1.0,,,0
5,0.1,1,1,30,tweezer_bottom,2965,0.0898156371040962,0.0509216447835277,1.0,-0.0001623138732308,0.1061302219814531,0
5,0.1,1,1,30,tweezer_top,3268,-0.0900944243132449,-0.0145554056829238,1.0,-0.0586669161700362,0.0926200343800463,0
5,0.1,1,6,30,bearish_engulfing,1568,-0.086478367251334,0.0234232015966528,1.0,-0.054026609546198,0.1618295339527493,0
5,0.1,1,6,30,bearish_harami,688,-0.1382871931536398,-0.0398843518819327,1.0,-0.1580323896517888,0.2401379559716577,0
5,0.1,1,6,30,bearish_kicker,184,-0.1214288213601949,-0.0238331448549038,1.0,-0.2524743280250395,0.4761684731539012,0
5,0.1,1,6,30,bullish_engulfing,1462,0.2173765636658406,0.1228407016092986,0.0115988401159884,0.0500981441989671,0.1525019530084011,1
5,0.1,1,6,30,bullish_harami,657,-0.0116677340684171,-0.0838109665266771,1.0,-0.2092658119951588,0.2599288792436374,0
5,0.1,1,6,30,bullish_kicker,191,-0.0277807613745588,-0.1220539442965683,1.0,-0.3334358799472056,0.44224237618677,0
5,0.1,1,6,30,dark_cloud_cover,206,-0.0972508068319299,-0.0725226783065898,1.0,-0.2582771652556651,0.3799504065673607,0
5,0.1,1,6,30,dragonfly_doji,509,0.013546279084759,0.0115001536361169,1.0,-0.135154959126565,0.2983772614833508,0
5,0.1,1,6,30,evening_star,49,0.0165164648791465,0.3461200774016538,0.92990700929907,-0.0082958319985902,0.7040861435611424,0
5,0.1,1,6,30,gravestone_doji,603,-0.0399214773224245,0.0491066176330663,1.0,-0.0902384216234181,0.2912662902163062,0
5,0.1,1,6,30,hammer,1454,0.0080390804398022,-0.0667266491657206,1.0,-0.1527434086052506,0.1786486364517941,0
5,0.1,1,6,30,hanging_man,1715,-0.0784638193985237,0.0104738882332791,1.0,-0.0772030331125892,0.1803415028494472,0
5,0.1,1,6,30,inverted_hammer,1588,0.0545234081159757,0.0005463699331634,1.0,-0.0986985619743229,0.2051633407404043,0
5,0.1,1,6,30,morning_star,47,0.378156271366631,0.2430489130880201,1.0,-0.1883707255580088,0.886310876616203,0
5,0.1,1,6,30,piercing_line,185,-0.0054481072599004,0.0198939166295401,1.0,-0.1928156793753186,0.4430969191111405,0
5,0.1,1,6,30,shooting_star,1652,-0.0357626840054515,0.1271357053955098,0.0167983201679832,0.0516152136981526,0.1548551052088758,1
5,0.1,1,6,30,three_black_crows,22,-0.118908287225103,0.0228512503320984,1.0,,,0
5,0.1,1,6,30,three_white_soldiers,17,-0.0092681858877218,-0.0193036622789898,1.0,,,0
5,0.1,1,6,30,tweezer_bottom,2965,0.0898156371040962,0.0561868327032563,1.0,0.0010547474989269,0.1141933251851204,0
5,0.1,1,6,30,tweezer_top,3268,-0.0900944243132449,-0.0113173645575836,1.0,-0.0599928422026336,0.1026182346031521,0
5,0.1,1,11,30,bearish_engulfing,1568,-0.086478367251334,0.052743733928128,1.0,-0.0250912580609777,0.1648479555646101,0
5,0.1,1,11,30,bearish_harami,688,-0.1382871931536398,-0.0871413507532596,1.0,-0.2064167135010811,0.2452999194617257,0
5,0.1,1,11,30,bearish_kicker,184,-0.1214288213601949,0.0307629209000498,1.0,-0.1817865934182186,0.4508413697846897,0
5,0.1,1,11,30,bullish_engulfing,1462,0.2173765636658406,0.142796174040142,0.0083991600839916,0.0744160079274228,0.1461796508261444,1
5,0.1,1,11,30,bullish_harami,657,-0.0116677340684171,-0.0126152142071716,1.0,-0.1498194091493818,0.2839507752450428,0
5,0.1,1,11,30,bullish_kicker,191,-0.0277807613745588,-0.1376087158767163,1.0,-0.3800335899185311,0.505260448435345,0
5,0.1,1,11,30,dark_cloud_cover,206,-0.0972508068319299,-0.0596125341922412,1.0,-0.2503114996440866,0.3942319720390699,0
5,0.1,1,11,30,dragonfly_doji,509,0.013546279084759,-0.1448175683687844,1.0,-0.2809862796208028,0.2804296565489611,0
5,0.1,1,11,30,evening_star,49,0.0165164648791465,0.2743856662818777,1.0,-0.0977489710812227,0.7627040594316481,0
5,0.1,1,11,30,gravestone_doji,603,-0.0399214773224245,0.0234790794893446,1.0,-0.1146934941490795,0.2838793178049976,0
5,0.1,1,11,30,hammer,1454,0.0080390804398022,-0.0642647445145419,1.0,-0.1618486805919515,0.203743656349536,0
5,0.1,1,11,30,hanging_man,1715,-0.0784638193985237,0.0091595130078174,1.0,-0.0848402259097399,0.1950501301095512,0
5,0.1,1,11,30,inverted_hammer,1588,0.0545234081159757,0.0168288351962418,1.0,-0.0878788170602143,0.2127732536113057,0
5,0.1,1,11,30,morning_star,47,0.378156271366631,0.3075825646355229,1.0,-0.1189683707062859,0.8797322860037887,0
5,0.1,1,11,30,piercing_line,185,-0.0054481072599004,-0.0646887387770813,1.0,-0.2972291012293289,0.4798560921549752,0
5,0.1,1,11,30,shooting_star,1652,-0.0357626840054515,0.1155597100845648,0.1457854214578542,0.0361177101269646,0.1651733382598369,0
5,0.1,1,11,30,three_black_crows,22,-0.118908287225103,-0.1162086355594311,1.0,,,0
5,0.1,1,11,30,three_white_soldiers,17,-0.0092681858877218,-0.0867914096473422,1.0,,,0
5,0.1,1,11,30,tweezer_bottom,2965,0.0898156371040962,0.0348059227741395,1.0,-0.018478337877538,0.1092334567685109,0
5,0.1,1,11,30,tweezer_top,3268,-0.0900944243132449,-0.0187181102129428,1.0,-0.0651348157471738,0.0989220318300833,0
5,0.1,2,1,5,bearish_engulfing,1537,-0.0860241729267367,0.0198546076866293,1.0,-0.0246826208170101,0.0929193397645694,0
5,0.1,2,1,5,bearish_harami,668,-0.075492523820818,0.0239583745173219,1.0,-0.0555697214979177,0.16768167232263,0
5,0.1,2,1,5,bearish_kicker,168,-0.1152732412166768,0.089570257885455,1.0,-0.0578908957072162,0.3099743151460904,0
5,0.1,2,1,5,bullish_engulfing,1468,0.1737791328801915,0.0701671763993747,0.2071792820717928,0.0221783488154029,0.1031416379017212,0
5,0.1,2,1,5,bullish_harami,589,0.0814487229875008,0.1048950029360684,0.9499050094990502,0.0064057680306546,0.2042731095529082,0
5,0.1,2,1,5,bullish_kicker,206,-0.1879204533647467,-0.0595729080328543,1.0,-0.1809540919283276,0.2495964127356726,0
5,0.1,2,1,5,dark_cloud_cover,206,-0.0646782909930591,0.089032476219131,1.0,-0.0394190315075276,0.2658148652985518,0
5,0.1,2,1,5,dragonfly_doji,443,0.0477626451149177,-0.0046074722658054,1.0,-0.1269140213050086,0.2528752710204673,0
5,0.1,2,1,5,evening_star,57,-0.1768664121737523,0.0636317964203675,1.0,-0.099916556028763,0.3463774142048593,0
5,0.1,2,1,5,gravestone_doji,455,0.0140021913750721,-0.0049233498203027,1.0,-0.1326328844266053,0.2691066875575487,0
5,0.1,2,1,5,hammer,1483,0.0295787632704093,-0.0287565727429687,1.0,-0.1009623593850233,0.152513049816233,0
5,0.1,2,1,5,hanging_man,1743,-0.072993014268199,-0.0541011044255341,1.0,-0.1237343470990476,0.1428431387612748,0
5,0.1,2,1,5,inverted_hammer,1596,0.015905912906258,0.0142971775507525,1.0,-0.0614726917004945,0.1597403101113856,0
5,0.1,2,1,5,morning_star,48,0.0834970942917167,-0.0059159633933455,1.0,-0.3043734756751592,0.6239691821815304,0
5,0.1,2,1,5,piercing_line,190,0.1048641709275561,0.0203484325982753,1.0,-0.1330432961845579,0.3038281632942854,0
5,0.1,2,1,5,shooting_star,1573,-0.0403292765650466,0.0120700332004472,1.0,-0.0547946864124344,0.1359039735474812,0
5,0.1,2,1,5,three_black_crows,26,-0.1609116725043664,0.0356238791381913,1.0,,,0
5,0.1,2,1,5,three_white_soldiers,23,0.0586730002158596,0.2052051175266367,1.0,,,0
5,0.1,2,1,5,tweezer_bottom,3087,0.0749361490850687,0.0100018681133863,1.0,-0.0273110060926705,0.0762761120489319,0
5,0.1,2,1,5,tweezer_top,3302,-0.0466362297933235,0.027002740065843,1.0,-0.0065811545157535,0.0700798627627125,0
5,0.1,2,1,15,bearish_engulfing,1537,-0.0860241729267367,0.0173891074521043,1.0,-0.0340019631989334,0.1062925832985819,0
5,0.1,2,1,15,bearish_harami,668,-0.075492523820818,0.0288547208691006,1.0,-0.078870913579313,0.2241906130093532,0
5,0.1,2,1,15,bearish_kicker,168,-0.1152732412166768,0.0862531047916074,1.0,-0.1028007337884551,0.4024377613236616,0
5,0.1,2,1,15,bullish_engulfing,1468,0.1737791328801915,0.0890008267325829,0.1275872412758724,0.0258317770564673,0.1318929801188051,0
5,0.1,2,1,15,bullish_harami,589,0.0814487229875008,0.0913418439660152,1.0,-0.0236309729008155,0.2425280697326405,0
5,0.1,2,1,15,bullish_kicker,206,-0.1879204533647467,-0.1068822837934837,1.0,-0.2913935462292376,0.3756067359414049,0
5,0.1,2,1,15,dark_cloud_cover,206,-0.0646782909930591,-0.0738268571752818,1.0,-0.2383425846970627,0.3500689311688793,0
5,0.1,2,1,15,dragonfly_doji,443,0.0477626451149177,0.0506426627133618,1.0,-0.0857434944065492,0.2869595985447248,0
5,0.1,2,1,15,evening_star,57,-0.1768664121737523,0.1507980677542609,1.0,-0.1200060024609079,0.5561997889654593,0
5,0.1,2,1,15,gravestone_doji,455,0.0140021913750721,0.0747633616466617,1.0,-0.0544072121559425,0.2725910712699969,0
5,0.1,2,1,15,hammer,1483,0.0295787632704093,-0.0401567103266464,1.0,-0.1142114246016396,0.1567392204846847,0
5,0.1,2,1,15,hanging_man,1743,-0.072993014268199,-0.0057532695746493,1.0,-0.0913285219246824,0.1792525156663304,0
5,0.1,2,1,15,inverted_hammer,1596,0.015905912906258,0.0355061010774909,1.0,-0.049807540824994,0.1789706091612738,0
5,0.1,2,1,15,morning_star,48,0.0834970942917167,-0.0926587122394507,1.0,-0.3327330145860357,0.5162759138125483,0
5,0.1,2,1,15,piercing_line,190,0.1048641709275561,0.0983170126261623,1.0,-0.0822140160842717,0.3696107615367914,0
5,0.1,2,1,15,shooting_star,1573,-0.0403292765650466,0.0154495296674473,1.0,-0.0517418988395829,0.1413754888473184,0
5,0.1,2,1,15,three_black_crows,26,-0.1609116725043664,-0.2778675339978318,1.0,,,0
5,0.1,2,1,15,three_white_soldiers,23,0.0586730002158596,0.0787379787468543,1.0,,,0
5,0.1,2,1,15,tweezer_bottom,3087,0.0749361490850687,0.0092259903379017,1.0,-0.037794214876991,0.097391086141029,0
5,0.1,2,1,15,tweezer_top,3302,-0.0466362297933235,0.0357989635139846,1.0,-0.0058239788198818,0.0877737142616937,0
5,0.1,2,1,30,bearish_engulfing,1537,-0.0860241729267367,0.0207449193498389,1.0,-0.0347164912724649,0.1140574485798893,0
5,0.1,2,1,30,bearish_harami,668,-0.075492523820818,-0.0535230155786499,1.0,-0.1711874795212154,0.2457868593677953,0
5,0.1,2,1,30,bearish_kicker,168,-0.1152732412166768,0.0127408453162886,1.0,-0.2349309154313944,0.5201248398662041,0
5,0.1,2,1,30,bullish_engulfing,1468,0.1737791328801915,0.1344109795311584,0.0123987601239876,0.0695421488236406,0.134513816696068,1
5,0.1,2,1,30,bullish_harami,589,0.0814487229875008,0.0409652452461415,1.0,-0.0875862411810369,0.2669375242377024,0
5,0.1,2,1,30,bullish_kicker,206,-0.1879204533647467,-0.1592551198893887,1.0,-0.3804139241967508,0.4548321429561716,0
5,0.1,2,1,30,dark_cloud_cover,206,-0.0646782909930591,0.0686991866386457,1.0,-0.1266142107684199,0.3996392118145704,0
5,0.1,2,1,30,dragonfly_doji,443,0.0477626451149177,-0.005598027870967,1.0,-0.1503561551307361,0.307203036504414,0
5,0.1,2,1,30,evening_star,57,-0.1768664121737523,0.0427697935606556,1.0,-0.3601920867712774,0.8004687388916948,0
5,0.1,2,1,30,gravestone_doji,455,0.0140021913750721,0.162565260032057,0.9291070892910708,0.0136576546816998,0.3177404554578795,0
5,0.1,2,1,30,hammer,1483,0.0295787632704093,-0.0046953319838474,1.0,-0.0882083257673831,0.1762898777221881,0
5,0.1,2,1,30,hanging_man,1743,-0.072993014268199,-0.0285617453589972,1.0,-0.1172647613889002,0.182986509339151,0
5,0.1,2,1,30,inverted_hammer,1596,0.015905912906258,0.0162128352389683,1.0,-0.0751163352657142,0.1913872332907219,0
5,0.1,2,1,30,morning_star,48,0.0834970942917167,-0.102506187253456,1.0,-0.4655229844993986,0.7696561750167207,0
5,0.1,2,1,30,piercing_line,190,0.1048641709275561,-0.0093037105995206,1.0,-0.2617931100382825,0.5148632954873875,0
5,0.1,2,1,30,shooting_star,1573,-0.0403292765650466,0.0741831937553718,1.0,-0.0105551458832476,0.1793330275156896,0
5,0.1,2,1,30,three_black_crows,26,-0.1609116725043664,-0.1456265719352071,1.0,,,0
5,0.1,2,1,30,three_white_soldiers,23,0.0586730002158596,-0.1719553400121896,1.0,,,0
5,0.1,2,1,30,tweezer_bottom,3087,0.0749361490850687,0.0486333293055734,0.9023097690230976,0.0028922234269923,0.0958688924362133,0
5,0.1,2,1,30,tweezer_top,3302,-0.0466362297933235,0.0664687796848951,0.1063893610638936,0.0207153840174723,0.094046731419416,0
5,0.1,2,6,30,bearish_engulfing,1537,-0.0860241729267367,0.0074678995596991,1.0,-0.0570502557732686,0.1327775198596294,0
5,0.1,2,6,30,bearish_harami,668,-0.075492523820818,-0.0707379108414839,1.0,-0.2008369139006039,0.2706428852886194,0
5,0.1,2,6,30,bearish_kicker,168,-0.1152732412166768,-0.0645017594733472,1.0,-0.3020518408922072,0.4951037449235235,0
5,0.1,2,6,30,bullish_engulfing,1468,0.1737791328801915,0.1482441148672973,0.0083991600839916,0.0746810967384266,0.1528243929945161,1
5,0.1,2,6,30,bullish_harami,589,0.0814487229875008,0.0402574983759096,1.0,-0.1037842468901291,0.2947431991141698,0
5,0.1,2,6,30,bullish_kicker,206,-0.1879204533647467,-0.2439684228234157,1.0,-0.4672507057717623,0.4523491976234158,0
5,0.1,2,6,30,dark_cloud_cover,206,-0.0646782909930591,0.1195822445401766,1.0,-0.078991924162051,0.4223560255730693,0
5,0.1,2,6,30,dragonfly_doji,443,0.0477626451149177,-0.0453300846646164,1.0,-0.1856067732959944,0.2930300426743507,0
5,0.1,2,6,30,evening_star,57,-0.1768664121737523,0.0467525931752319,1.0,-0.3539540069915871,0.7808035213928739,0
5,0.1,2,6,30,gravestone_doji,455,0.0140021913750721,0.1484985270143169,1.0,-0.0277560025520043,0.3725349402299139,0
5,0.1,2,6,30,hammer,1483,0.0295787632704093,-0.0008557618760084,1.0,-0.0842261165452948,0.1742581520501871,0
5,0.1,2,6,30,hanging_man,1743,-0.072993014268199,-0.0324944357105308,1.0,-0.1095864460733755,0.1641872848048778,0
5,0.1,2,6,30,inverted_hammer,1596,0.015905912906258,-0.0221082201227331,1.0,-0.1169412931656363,0.1991614762077782,0
5,0.1,2,6,30,morning_star,48,0.0834970942917167,0.0232447498445554,1.0,-0.3735307626776211,0.8079766028121574,0
5,0.1,2,6,30,piercing_line,190,0.1048641709275561,0.0382767943699056,1.0,-0.2286598503034703,0.5384542363753775,0
5,0.1,2,6,30,shooting_star,1573,-0.0403292765650466,0.0601639770035264,1.0,-0.0208434105868284,0.1725409688978219,0
5,0.1,2,6,30,three_black_crows,26,-0.1609116725043664,-0.0842716995351439,1.0,,,0
5,0.1,2,6,30,three_white_soldiers,23,0.0586730002158596,-0.3175380794161014,1.0,,,0
5,0.1,2,6,30,tweezer_bottom,3087,0.0749361490850687,0.0478918607465643,0.82991700829917,0.0046949958438897,0.0910671976346634,0
5,0.1,2,6,30,tweezer_top,3302,-0.0466362297933235,0.0198369639868881,1.0,-0.0257994855227048,0.0946435863785827,0
5,0.1,2,11,30,bearish_engulfing,1537,-0.0860241729267367,-0.0040400612287344,1.0,-0.0746909466556033,0.1460184068362019,0
5,0.1,2,11,30,bearish_harami,668,-0.075492523820818,0.0008743555426346,1.0,-0.1195086448212729,0.2580338340615722,0
5,0.1,2,11,30,bearish_kicker,168,-0.1152732412166768,0.0801290980820943,1.0,-0.1459464992951629,0.4746933138486968,0
5,0.1,2,11,30,bullish_engulfing,1468,0.1737791328801915,0.1383286322100292,0.0247975202479752,0.0632901265554749,0.1568214706898414,1
5,0.1,2,11,30,bullish_harami,589,0.0814487229875008,0.0598832006908889,1.0,-0.0694330264845506,0.2683754715007412,0
5,0.1,2,11,30,bullish_kicker,206,-0.1879204533647467,-0.1535228127327171,1.0,-0.3748486177096047,0.4643787276824709,0
5,0.1,2,11,30,dark_cloud_cover,206,-0.0646782909930591,0.1332110000378988,1.0,-0.0642593587636679,0.4151684920136608,0
5,0.1,2,11,30,dragonfly_doji,443,0.0477626451149177,0.0125288211269173,1.0,-0.1422170147929023,0.323530754877361,0
5,0.1,2,11,30,evening_star,57,-0.1768664121737523,0.0178402870844551,1.0,-0.3989760663374408,0.836054370208101,0
5,0.1,2,11,30,gravestone_doji,455,0.0140021913750721,0.239034495369866,0.1835816418358164,0.0687428808103741,0.3556340113889339,0
5,0.1,2,11,30,hammer,1483,0.0295787632704093,-0.0278987739796932,1.0,-0.1107018880885387,0.1717020596268915,0
5,0.1,2,11,30,hanging_man,1743,-0.072993014268199,0.0133263054862883,1.0,-0.0639633164041,0.1613990842429285,0
5,0.1,2,11,30,inverted_hammer,1596,0.015905912906258,0.0117362988363985,1.0,-0.0767502626860416,0.1843038909407339,0
5,0.1,2,11,30,morning_star,48,0.0834970942917167,-0.0185638124288301,1.0,-0.3952127574479554,0.797869842708451,0
5,0.1,2,11,30,piercing_line,190,0.1048641709275561,0.0100530420347893,1.0,-0.2347720037148304,0.4979631169397543,0
5,0.1,2,11,30,shooting_star,1573,-0.0403292765650466,0.0164892840513745,1.0,-0.0707641532071468,0.1798097304719971,0
5,0.1,2,11,30,three_black_crows,26,-0.1609116725043664,-0.0275034104857433,1.0,,,0
5,0.1,2,11,30,three_white_soldiers,23,0.0586730002158596,-0.2991860577473453,1.0,,,0
5,0.1,2,11,30,tweezer_bottom,3087,0.0749361490850687,0.0295373937663758,1.0,-0.0172500982139736,0.0970632985807705,0
5,0.1,2,11,30,tweezer_top,3302,-0.0466362297933235,0.0574732090894788,0.285971402859714,0.0129365564634587,0.0931251944132759,0
5,0.1,3,1,5,bearish_engulfing,1530,-0.0592758671722315,-0.0227509663730241,1.0,-0.0674850234369608,0.0926690978176076,0
5,0.1,3,1,5,bearish_harami,734,-0.1218761331521451,-0.0136780316533853,1.0,-0.089943637613633,0.159614589070004,0
5,0.1,3,1,5,bearish_kicker,147,-0.081177469469567,0.0058782630658359,1.0,-0.1546548694827113,0.3263586260131156,0
5,0.1,3,1,5,bullish_engulfing,1403,0.1929081698946962,0.1284643320620696,0.0083991600839916,0.0764209197219792,0.1104183802818128,1
5,0.1,3,1,5,bullish_harami,647,0.0372120124197093,0.0427704700944928,1.0,-0.0536168460692768,0.1990217652399563,0
5,0.1,3,1,5,bullish_kicker,172,-0.0990175494142914,-0.0002019507975731,1.0,-0.1436706312124852,0.2881034136790074,0
5,0.1,3,1,5,dark_cloud_cover,196,-0.1825037407108301,-0.0373465216223469,1.0,-0.1513569470014447,0.2332712602720311,0
5,0.1,3,1,5,dragonfly_doji,641,0.026071541629792,-0.0727623797827751,1.0,-0.1760860597729348,0.215297692259036,0
5,0.1,3,1,5,evening_star,47,-0.4733531276105719,-0.2002544215388315,1.0,-0.4921992700926605,0.6295256093954342,0
5,0.1,3,1,5,gravestone_doji,765,-0.0557550040749874,0.0381351908016275,1.0,-0.0392236752070217,0.1604201867260215,0
5,0.1,3,1,5,hammer,1532,0.0026278215593223,-0.0546505211545771,1.0,-0.1155085756479656,0.1285879659880672,0
5,0.1,3,1,5,hanging_man,1863,-0.0376326040819413,0.0252217681063687,1.0,-0.0533369534366638,0.1640005842182996,0
5,0.1,3,1,5,inverted_hammer,1740,0.0976421252428633,0.0642179019029547,1.0,-0.0133706605215266,0.1653002423465944,0
5,0.1,3,1,5,morning_star,35,0.1280845343205399,-0.1213965228886273,1.0,-0.4566016525571698,0.6344173592164977,0
5,0.1,3,1,5,piercing_line,173,-0.0164636867797669,-0.0132026727269376,1.0,-0.1690056420925751,0.3266864241980671,0
5,0.1,3,1,5,shooting_star,1697,-0.0596181055463864,-0.014201329867129,1.0,-0.0670925872481642,0.1077383691119499,0
5,0.1,3,1,5,three_black_crows,14,0.0629509008352087,0.1120845362438065,1.0,,,0
5,0.1,3,1,5,three_white_soldiers,14,-0.2625786091408393,-0.2340122182227191,1.0,,,0
5,0.1,3,1,5,tweezer_bottom,2814,0.088031562589138,0.0416793861332472,0.5855414458554145,0.0065139139250266,0.0743166415361396,0
5,0.1,3,1,5,tweezer_top,3019,-0.0641030201610454,0.0076758187589955,1.0,-0.0269953100058151,0.0728630460125008,0
5,0.1,3,1,15,bearish_engulfing,1530,-0.0592758671722315,0.0252679167837346,1.0,-0.0313673778366978,0.1165322295851069,0
5,0.1,3,1,15,bearish_harami,734,-0.1218761331521451,-0.0606560342662476,1.0,-0.1651365569981283,0.2105746799119416,0
5,0.1,3,1,15,bearish_kicker,147,-0.081177469469567,0.0393265104736562,1.0,-0.1817707492547823,0.4510536213884349,0
5,0.1,3,1,15,bullish_engulfing,1403,0.1929081698946962,0.1634297999400266,0.0083991600839916,0.10159519346364,0.1287519628610149,1
5,0.1,3,1,15,bullish_harami,647,0.0372120124197093,-0.0156085833863309,1.0,-0.1237832411692131,0.2242350925069194,0
5,0.1,3,1,15,bullish_kicker,172,-0.0990175494142914,0.0196177406801505,1.0,-0.1637176535205102,0.3793594097695656,0
5,0.1,3,1,15,dark_cloud_cover,196,-0.1825037407108301,-0.1573614526953069,1.0,-0.3321285803551206,0.3623333255647389,0
5,0.1,3,1,15,dragonfly_doji,641,0.026071541629792,-0.1831187746556085,1.0,-0.291521469329829,0.2261034405828551,0
5,0.1,3,1,15,evening_star,47,-0.4733531276105719,-0.4459719122009994,1.0,-0.8190529714610189,0.7944225882506702,0
5,0.1,3,1,15,gravestone_doji,765,-0.0557550040749874,0.0434921123950425,1.0,-0.0568207596618209,0.2084107738476423,0
5,0.1,3,1,15,hammer,1532,0.0026278215593223,-0.0383809677581708,1.0,-0.12100543888681,0.1751497132502459,0
5,0.1,3,1,15,hanging_man,1863,-0.0376326040819413,0.0367685752416107,1.0,-0.0577311131147185,0.1938616934062005,0
5,0.1,3,1,15,inverted_hammer,1740,0.0976421252428633,0.0844243375567649,1.0,-0.0054504328957284,0.1891922899776719,0
5,0.1,3,1,15,morning_star,35,0.1280845343205399,-0.0323301048859256,1.0,-0.4337173997237922,0.8239867290371004,0
5,0.1,3,1,15,piercing_line,173,-0.0164636867797669,-0.083496643491715,1.0,-0.2750618850387578,0.3981318818051791,0
5,0.1,3,1,15,shooting_star,1697,-0.0596181055463864,0.0431672465758959,1.0,-0.017109026252388,0.1244210320556633,0
5,0.1,3,1,15,three_black_crows,14,0.0629509008352087,0.1003000816433594,1.0,,,0
5,0.1,3,1,15,three_white_soldiers,14,-0.2625786091408393,-0.4123135102284553,1.0,,,0
5,0.1,3,1,15,tweezer_bottom,2814,0.088031562589138,0.0648233499010943,0.20997900209979,0.0186987627950955,0.0982965146908931,0
5,0.1,3,1,15,tweezer_top,3019,-0.0641030201610454,0.02897862085869,1.0,-0.0137706518278172,0.0864283492912309,0
5,0.1,3,1,30,bearish_engulfing,1530,-0.0592758671722315,0.0006014226331786,1.0,-0.0552506095778295,0.1142130461448605,0
5,0.1,3,1,30,bearish_harami,734,-0.1218761331521451,-0.0442745531983313,1.0,-0.1528778275294953,0.2314877303848289,0
5,0.1,3,1,30,bearish_kicker,147,-0.081177469469567,-0.0467985442273045,1.0,-0.2831712918972316,0.4749178240975982,0
5,0.1,3,1,30,bullish_engulfing,1403,0.1929081698946962,0.1435168577647754,0.0083991600839916,0.0790291935590179,0.1364773689129476,1
5,0.1,3,1,30,bullish_harami,647,0.0372120124197093,-0.0060973444979449,1.0,-0.1286983437021965,0.2565460849635366,0
5,0.1,3,1,30,bullish_kicker,172,-0.0990175494142914,-0.0032589749394577,1.0,-0.2022939729348762,0.4071818732236021,0
5,0.1,3,1,30,dark_cloud_cover,196,-0.1825037407108301,-0.0215911472950346,1.0,-0.2328388673993587,0.4289505333833378,0
5,0.1,3,1,30,dragonfly_doji,641,0.026071541629792,-0.0512625802309562,1.0,-0.1565775611354451,0.2171839741847967,0
5,0.1,3,1,30,evening_star,47,-0.4733531276105719,-0.2202316129978223,1.0,-0.5814591427156646,0.7481319524182858,0
5,0.1,3,1,30,gravestone_doji,765,-0.0557550040749874,0.0321931185764698,1.0,-0.073414605051316,0.2265200250639122,0
5,0.1,3,1,30,hammer,1532,0.0026278215593223,-0.0721547508057422,1.0,-0.1559510494656558,0.1773499402338687,0
5,0.1,3,1,30,hanging_man,1863,-0.0376326040819413,0.090976844015528,0.6163383661633837,0.0116241718716557,0.1663414110693963,0
5,0.1,3,1,30,inverted_hammer,1740,0.0976421252428633,0.0942730495536741,0.4415558444155584,0.0093828792473051,0.1714926495121671,0
5,0.1,3,1,30,morning_star,35,0.1280845343205399,-0.116179950968534,1.0,-0.5132021413129545,0.8343318054336301,0
5,0.1,3,1,30,piercing_line,173,-0.0164636867797669,-0.0094159094527887,1.0,-0.2178057965275488,0.4376711747604233,0
5,0.1,3,1,30,shooting_star,1697,-0.0596181055463864,0.0210564115658516,1.0,-0.0418957979988001,0.1330608785867988,0
5,0.1,3,1,30,three_black_crows,14,0.0629509008352087,-0.1563364594475867,1.0,,,0
5,0.1,3,1,30,three_white_soldiers,14,-0.2625786091408393,-0.3456597742226882,1.0,,,0
5,0.1,3,1,30,tweezer_bottom,2814,0.088031562589138,0.0419421552568888,0.98990100989901,0.0006988628791148,0.0857853943492903,0
5,0.1,3,1,30,tweezer_top,3019,-0.0641030201610454,-0.0149595110595589,1.0,-0.0640989966937811,0.1028030774588152,0
5,0.1,3,6,30,bearish_engulfing,1530,-0.0592758671722315,0.0267049541224532,1.0,-0.0323016560635513,0.1239575938280471,0
5,0.1,3,6,30,bearish_harami,734,-0.1218761331521451,-0.0604479475778184,1.0,-0.1754488529143602,0.2385384683314512,0
5,0.1,3,6,30,bearish_kicker,147,-0.081177469469567,0.0435635868056976,1.0,-0.1904282519183513,0.478151291652414,0
5,0.1,3,6,30,bullish_engulfing,1403,0.1929081698946962,0.1373036107618798,0.0083991600839916,0.0740457368280295,0.1322665195619689,1
5,0.1,3,6,30,bullish_harami,647,0.0372120124197093,0.0826697662354537,1.0,-0.0410637673981355,0.2553777833273924,0
5,0.1,3,6,30,bullish_kicker,172,-0.0990175494142914,-0.0954236288010059,1.0,-0.2944314156655174,0.4199086464618934,0
5,0.1,3,6,30,dark_cloud_cover,196,-0.1825037407108301,-0.1638934822502981,1.0,-0.3967278971932255,0.4837133494401728,0
5,0.1,3,6,30,dragonfly_doji,641,0.026071541629792,-0.0458653117093516,1.0,-0.1574249100204255,0.2329468142304678,0
5,0.1,3,6,30,evening_star,47,-0.4733531276105719,-0.2754499096524666,1.0,-0.6034287082270463,0.6888961470290805,0
5,0.1,3,6,30,gravestone_doji,765,-0.0557550040749874,0.0515471422634884,1.0,-0.0644805496270645,0.2449497757415268,0
5,0.1,3,6,30,hammer,1532,0.0026278215593223,-0.0497114109624163,1.0,-0.1330931522072624,0.1732885041837769,0
5,0.1,3,6,30,hanging_man,1863,-0.0376326040819413,0.075553421620386,1.0,-0.0061273573943242,0.17253681474036,0
5,0.1,3,6,30,inverted_hammer,1740,0.0976421252428633,0.1471313177262071,0.025997400259974,0.0551544889736841,0.1919803540351964,1
5,0.1,3,6,30,morning_star,35,0.1280845343205399,-0.0501009111528645,1.0,-0.4959750757610802,0.9092448141105942,0
5,0.1,3,6,30,piercing_line,173,-0.0164636867797669,-0.1034859007789359,1.0,-0.315001831923659,0.4469739768766209,0
5,0.1,3,6,30,shooting_star,1697,-0.0596181055463864,0.0114531694087549,1.0,-0.055150697396665,0.1431749560125947,0
5,0.1,3,6,30,three_black_crows,14,0.0629509008352087,-0.1360197579302174,1.0,,,0
5,0.1,3,6,30,three_white_soldiers,14,-0.2625786091408393,-0.2705900392471361,1.0,,,0
5,0.1,3,6,30,tweezer_bottom,2814,0.088031562589138,0.0203643967064147,1.0,-0.0284513440049364,0.1023583060643189,0
5,0.1,3,6,30,tweezer_top,3019,-0.0641030201610454,0.018354618379736,1.0,-0.0324864536371237,0.1046299434345422,0
5,0.1,3,11,30,bearish_engulfing,1530,-0.0592758671722315,0.0426683827587242,1.0,-0.0282100541496253,0.1447939881255388,0
5,0.1,3,11,30,bearish_harami,734,-0.1218761331521451,-0.0735574030193625,1.0,-0.19039076813675,0.2483169857050502,0
5,0.1,3,11,30,bearish_kicker,147,-0.081177469469567,0.0408954642014409,1.0,-0.1958591548192407,0.4978547364486038,0
5,0.1,3,11,30,bullish_engulfing,1403,0.1929081698946962,0.1431102571027282,0.0083991600839916,0.0803926438498391,0.1319596175240557,1
5,0.1,3,11,30,bullish_harami,647,0.0372120124197093,0.0639853459685255,1.0,-0.0661427311350579,0.2724149690871923,0
5,0.1,3,11,30,bullish_kicker,172,-0.0990175494142914,-0.0529901567855402,1.0,-0.272458457311322,0.4534103461642281,0
5,0.1,3,11,30,dark_cloud_cover,196,-0.1825037407108301,-0.0512273677795299,1.0,-0.2707997800713635,0.447515989432045,0
5,0.1,3,11,30,dragonfly_doji,641,0.026071541629792,-0.0341603647548697,1.0,-0.1492252125612934,0.2453186147003996,0
5,0.1,3,11,30,evening_star,47,-0.4733531276105719,-0.2140905400467734,1.0,-0.5847215096740653,0.765149061243637,0
5,0.1,3,11,30,gravestone_doji,765,-0.0557550040749874,0.0390115949784691,1.0,-0.0694676053717884,0.2313983246748746,0
5,0.1,3,11,30,hammer,1532,0.0026278215593223,-0.0347680258934045,1.0,-0.1135466418669014,0.1658631480719979,0
5,0.1,3,11,30,hanging_man,1863,-0.0376326040819413,0.082416095051649,1.0,-0.0013325161802712,0.1764508724843604,0
5,0.1,3,11,30,inverted_hammer,1740,0.0976421252428633,0.0694869492556238,1.0,-0.0171089413468029,0.1846017944363416,0
5,0.1,3,11,30,morning_star,35,0.1280845343205399,0.020937339923833,1.0,-0.4234089206689364,0.8896058179017201,0
5,0.1,3,11,30,piercing_line,173,-0.0164636867797669,-0.0242841044262803,1.0,-0.2725040034338259,0.5198640052152927,0
5,0.1,3,11,30,shooting_star,1697,-0.0596181055463864,0.0389163528171881,1.0,-0.0330383019758671,0.1509173050988598,0
5,0.1,3,11,30,three_black_crows,14,0.0629509008352087,-0.1560509455490988,1.0,,,0
5,0.1,3,11,30,three_white_soldiers,14,-0.2625786091408393,-0.25706217159047,1.0,,,0
5,0.1,3,11,30,tweezer_bottom,2814,0.088031562589138,0.015751737463924,1.0,-0.0320990674701883,0.1017433797094549,0
5,0.1,3,11,30,tweezer_top,3019,-0.0641030201610454,0.0313577184913696,1.0,-0.0112431096871836,0.0879101698494836,0
5,0.1,4,1,5,bearish_engulfing,1671,-0.0722092176078779,0.0132110245855813,1.0,-0.0341005824284868,0.098183794717527,0
5,0.1,4,1,5,bearish_harami,786,-0.1101582925217533,-0.0026671888347177,1.0,-0.0872534896055868,0.1802902439585802,0
5,0.1,4,1,5,bearish_kicker,196,0.0805523114418352,0.0639347130293891,1.0,-0.0940768049483988,0.3291844301391703,0
5,0.1,4,1,5,bullish_engulfing,1458,0.18454299342638,0.0995439387651846,0.0123987601239876,0.0534556942457479,0.0975787519796582,1
5,0.1,4,1,5,bullish_harami,672,0.0412392432156894,-0.0451979905694883,1.0,-0.1345855100813603,0.1890193812256039,0
5,0.1,4,1,5,bullish_kicker,201,0.0038402703826026,0.0711719570136116,1.0,-0.0639186795887779,0.2861949003534849,0
5,0.1,4,1,5,dark_cloud_cover,169,-0.1051628632975246,0.1602854079761374,0.9775022497750224,0.0116365657123371,0.313053611799086,0
5,0.1,4,1,5,dragonfly_doji,636,0.0237038894504894,0.052342031105199,1.0,-0.044392728159148,0.201684894736559,0
5,0.1,4,1,5,evening_star,45,-0.0246706906177319,0.1299354064212243,1.0,-0.0801594271261397,0.4573063380116274,0
5,0.1,4,1,5,gravestone_doji,740,-0.0533697980184814,-0.0727976348981475,1.0,-0.1595826775663679,0.1763598663219013,0
5,0.1,4,1,5,hammer,1409,0.0097986665725241,-0.0618423092194754,1.0,-0.1244758417032706,0.1311635216408557,0
5,0.1,4,1,5,hanging_man,1689,-0.0644316432338459,-0.0352276659170333,1.0,-0.1115756943276934,0.1573002792093663,0
5,0.1,4,1,5,inverted_hammer,1514,0.0386755971393128,-0.0601748502814852,1.0,-0.1449217054815617,0.1781061150217282,0
5,0.1,4,1,5,morning_star,40,-0.1314914867842112,-0.0173422816697111,1.0,-0.3260212235341134,0.6505239815875431,0
5,0.1,4,1,5,piercing_line,153,0.1122269558451914,0.0387368095127529,1.0,-0.1573343143275349,0.4096498566528294,0
5,0.1,4,1,5,shooting_star,1608,-0.0731205568220415,0.0016790405195888,1.0,-0.0562083564061141,0.1226885507116304,0
5,0.1,4,1,5,three_black_crows,17,-0.3183316430392978,-0.2243382177516149,1.0,,,0
5,0.1,4,1,5,three_white_soldiers,17,-0.2525395542509076,-0.0712330731380708,1.0,,,0
5,0.1,4,1,5,tweezer_bottom,2853,0.1130704171642861,0.0457723826048702,0.3401659834016598,0.0102973600898265,0.0743603047783409,0
5,0.1,4,1,5,tweezer_top,3136,-0.0694925028477107,0.0252003468584236,1.0,-0.0165179313312221,0.0856671574069002,0
5,0.1,4,1,15,bearish_engulfing,1671,-0.0722092176078779,-0.0099880646791081,1.0,-0.0714880370032525,0.1268220472485657,0
5,0.1,4,1,15,bearish_harami,786,-0.1101582925217533,-0.0261665865241554,1.0,-0.1335675773630684,0.2243560129961792,0
5,0.1,4,1,15,bearish_kicker,196,0.0805523114418352,0.1610520431562895,1.0,-0.0213633126254434,0.3758291594529535,0
5,0.1,4,1,15,bullish_engulfing,1458,0.18454299342638,0.126002060416494,0.0247975202479752,0.0578018530221683,0.1450098709658376,1
5,0.1,4,1,15,bullish_harami,672,0.0412392432156894,0.0006789179615745,1.0,-0.1162358010962401,0.2391606239781493,0
5,0.1,4,1,15,bullish_kicker,201,0.0038402703826026,0.1018825848736479,1.0,-0.0661197145866963,0.3478216486524126,0
5,0.1,4,1,15,dark_cloud_cover,169,-0.1051628632975246,-0.0092607928410012,1.0,-0.1986265476681096,0.3968853645888082,0
5,0.1,4,1,15,dragonfly_doji,636,0.0237038894504894,-0.0267266967564371,1.0,-0.1461808281949353,0.2510500153219013,0
5,0.1,4,1,15,evening_star,45,-0.0246706906177319,0.2417847293145463,1.0,-0.0225810698996803,0.5818657818056991,0
5,0.1,4,1,15,gravestone_doji,740,-0.0533697980184814,0.056134258227478,1.0,-0.0373608921489347,0.1947306170765533,0
5,0.1,4,1,15,hammer,1409,0.0097986665725241,-0.1073783904911194,1.0,-0.1828655832565554,0.1572856987114289,0
5,0.1,4,1,15,hanging_man,1689,-0.0644316432338459,0.0225917819304239,1.0,-0.0613689753883614,0.1738378205922503,0
5,0.1,4,1,15,inverted_hammer,1514,0.0386755971393128,-0.0514839305417473,1.0,-0.1463069407598497,0.1970992393302083,0
5,0.1,4,1,15,morning_star,40,-0.1314914867842112,-0.1838345818757994,1.0,-0.546100027266128,0.8009408353209119,0
5,0.1,4,1,15,piercing_line,153,0.1122269558451914,-0.044911714364469,1.0,-0.2609549577614233,0.4456438325480801,0
5,0.1,4,1,15,shooting_star,1608,-0.0731205568220415,0.0166472979140259,1.0,-0.0544107057430705,0.1452996755548758,0
5,0.1,4,1,15,three_black_crows,17,-0.3183316430392978,-0.075403897439912,1.0,,,0
5,0.1,4,1,15,three_white_soldiers,17,-0.2525395542509076,-0.0212329604352063,1.0,,,0
5,0.1,4,1,15,tweezer_bottom,2853,0.1130704171642861,0.0434921708124675,1.0,-0.0013006087536837,0.0919845741443345,0
5,0.1,4,1,15,tweezer_top,3136,-0.0694925028477107,0.041963589327104,1.0,0.0009913614648942,0.0859406463423272,0
5,0.1,4,1,30,bearish_engulfing,1671,-0.0722092176078779,-0.0087784888098019,1.0,-0.0744837969973449,0.1403984676550905,0
5,0.1,4,1,30,bearish_harami,786,-0.1101582925217533,-0.0384204020413203,1.0,-0.1574374803746363,0.2533619695577556,0
5,0.1,4,1,30,bearish_kicker,196,0.0805523114418352,0.1873580499360915,1.0,-0.0154200024418012,0.4169615295698662,0
5,0.1,4,1,30,bullish_engulfing,1458,0.18454299342638,0.1336972814433761,0.0083991600839916,0.0724563893218553,0.127688678897892,1
5,0.1,4,1,30,bullish_harami,672,0.0412392432156894,-0.0669218036977772,1.0,-0.194765000091811,0.2673183626308485,0
5,0.1,4,1,30,bullish_kicker,201,0.0038402703826026,-0.0194502413852667,1.0,-0.2314614352978017,0.4437600153864198,0
5,0.1,4,1,30,dark_cloud_cover,169,-0.1051628632975246,-0.0238392326779298,1.0,-0.2642570261841809,0.4984626385204364,0
5,0.1,4,1,30,dragonfly_doji,636,0.0237038894504894,0.0213057090165128,1.0,-0.1299392015180578,0.3138574784383144,0
5,0.1,4,1,30,evening_star,45,-0.0246706906177319,0.1071692447720765,1.0,-0.2565773333522169,0.7549285168391024,0
5,0.1,4,1,30,gravestone_doji,740,-0.0533697980184814,0.0517866498986252,1.0,-0.0693241153865601,0.2541134832405774,0
5,0.1,4,1,30,hammer,1409,0.0097986665725241,-0.020532570053954,1.0,-0.103625504527562,0.1743999596326745,0
5,0.1,4,1,30,hanging_man,1689,-0.0644316432338459,-0.0236367734562022,1.0,-0.1077876241474704,0.1779675342104455,0
5,0.1,4,1,30,inverted_hammer,1514,0.0386755971393128,0.0323696094927043,1.0,-0.0633331372741989,0.2071884200600266,0
5,0.1,4,1,30,morning_star,40,-0.1314914867842112,-0.2887838748369846,1.0,-0.7165109729552929,0.901950076961585,0
5,0.1,4,1,30,piercing_line,153,0.1122269558451914,0.0599340655885254,1.0,-0.1985432608047808,0.5254372379626052,0
5,0.1,4,1,30,shooting_star,1608,-0.0731205568220415,-0.0107598441136426,1.0,-0.086498423683137,0.1577129970862421,0
5,0.1,4,1,30,three_black_crows,17,-0.3183316430392978,-0.0360016037084502,1.0,,,0
5,0.1,4,1,30,three_white_soldiers,17,-0.2525395542509076,-0.14736295104694,1.0,,,0
5,0.1,4,1,30,tweezer_bottom,2853,0.1130704171642861,0.0153129313510319,1.0,-0.0307610249397781,0.0963945146102163,0
5,0.1,4,1,30,tweezer_top,3136,-0.0694925028477107,0.0286211246859058,1.0,-0.0128693227018308,0.0887836645913304,0
5,0.1,4,6,30,bearish_engulfing,1671,-0.0722092176078779,-0.0119999799679715,1.0,-0.0835276689314363,0.1460237266352801,0
5,0.1,4,6,30,bearish_harami,786,-0.1101582925217533,-0.0127813996703323,1.0,-0.133586357435827,0.2552157330485976,0
5,0.1,4,6,30,bearish_kicker,196,0.0805523114418352,0.2718630418947698,0.134986501349865,0.0831041025839345,0.3871846219261919,0
5,0.1,4,6,30,bullish_engulfing,1458,0.18454299342638,0.1512788215426505,0.0123987601239876,0.0864572950107522,0.1375893321744752,1
5,0.1,4,6,30,bullish_harami,672,0.0412392432156894,0.0075286611436511,1.0,-0.1142994002169632,0.253241253343148,0
5,0.1,4,6,30,bullish_kicker,201,0.0038402703826026,0.059758493740089,1.0,-0.1384363930901047,0.4162716638985224,0
5,0.1,4,6,30,dark_cloud_cover,169,-0.1051628632975246,-0.0803636323430259,1.0,-0.3365608283635249,0.5280624066104264,0
5,0.1,4,6,30,dragonfly_doji,636,0.0237038894504894,-0.0460763560167063,1.0,-0.1833478391961032,0.285751937372827,0
5,0.1,4,6,30,evening_star,45,-0.0246706906177319,0.2451476034088002,1.0,-0.1030460544040826,0.7251861568697076,0
5,0.1,4,6,30,gravestone_doji,740,-0.0533697980184814,0.0399886406528054,1.0,-0.0715847873727344,0.2339883709141847,0
5,0.1,4,6,30,hammer,1409,0.0097986665725241,-0.0032495849372274,1.0,-0.0875571207787712,0.1763206065923814,0
5,0.1,4,6,30,hanging_man,1689,-0.0644316432338459,-0.0010869808933692,1.0,-0.0965187009136086,0.1997284618391748,0
5,0.1,4,6,30,inverted_hammer,1514,0.0386755971393128,-0.020203344506006,1.0,-0.1195630959312744,0.2091438026924332,0
5,0.1,4,6,30,morning_star,40,-0.1314914867842112,-0.2343968900717181,1.0,-0.6743768617638908,0.9099222567728126,0
5,0.1,4,6,30,piercing_line,153,0.1122269558451914,0.0645000075933638,1.0,-0.1821597143772863,0.5106243819885468,0
5,0.1,4,6,30,shooting_star,1608,-0.0731205568220415,-0.0223793848526568,1.0,-0.1042572709749481,0.1679377217258124,0
5,0.1,4,6,30,three_black_crows,17,-0.3183316430392978,-0.0340312124578683,1.0,,,0
5,0.1,4,6,30,three_white_soldiers,17,-0.2525395542509076,-0.0178041710802925,1.0,,,0
5,0.1,4,6,30,tweezer_bottom,2853,0.1130704171642861,0.0561559474098211,0.8787121287871212,0.0041879206178694,0.1067132540032074,0
5,0.1,4,6,30,tweezer_top,3136,-0.0694925028477107,0.0189656885148564,1.0,-0.0239688497686662,0.0875148630455411,0
5,0.1,4,11,30,bearish_engulfing,1671,-0.0722092176078779,-0.0011864815027892,1.0,-0.0774679822315842,0.1592430719139105,0
5,0.1,4,11,30,bearish_harami,786,-0.1101582925217533,-0.0071990451799242,1.0,-0.1222884962759107,0.2478418939641959,0
5,0.1,4,11,30,bearish_kicker,196,0.0805523114418352,0.308532785404783,0.1133886611338866,0.0854695961853668,0.4509283517860848,0
5,0.1,4,11,30,bullish_engulfing,1458,0.18454299342638,0.183523178630821,0.0083991600839916,0.1128228637489734,0.1462510250378874,1
5,0.1,4,11,30,bullish_harami,672,0.0412392432156894,0.0545038271423038,1.0,-0.0779919462192565,0.2681130648539281,0
5,0.1,4,11,30,bullish_kicker,201,0.0038402703826026,0.0417852622938301,1.0,-0.1686853080246905,0.4332134724492067,0
5,0.1,4,11,30,dark_cloud_cover,169,-0.1051628632975246,-0.1106376438689054,1.0,-0.3555396027602868,0.5111385605231566,0
5,0.1,4,11,30,dragonfly_doji,636,0.0237038894504894,-0.07787642965923,1.0,-0.2277498266993183,0.306276158301612,0
5,0.1,4,11,30,evening_star,45,-0.0246706906177319,0.0609565695759632,1.0,-0.38564262693002,0.9175799485973892,0
5,0.1,4,11,30,gravestone_doji,740,-0.0533697980184814,0.0662561347042057,1.0,-0.0582685477511481,0.2581020392916683,0
5,0.1,4,11,30,hammer,1409,0.0097986665725241,-0.0154174552803437,1.0,-0.0991286433708543,0.1738636459848122,0
5,0.1,4,11,30,hanging_man,1689,-0.0644316432338459,-0.0180179565821376,1.0,-0.1104580861935889,0.1940989034053769,0
5,0.1,4,11,30,inverted_hammer,1514,0.0386755971393128,-0.069249171217394,1.0,-0.1668102378854849,0.2066181351428067,0
5,0.1,4,11,30,morning_star,40,-0.1314914867842112,-0.0342760589135642,1.0,-0.4329848306331829,0.8654540458366253,0
5,0.1,4,11,30,piercing_line,153,0.1122269558451914,0.2050480674553377,1.0,-0.0582447746726829,0.5438360977021678,0
5,0.1,4,11,30,shooting_star,1608,-0.0731205568220415,0.0174025089499546,1.0,-0.0681506496831695,0.1754265803743886,0
5,0.1,4,11,30,three_black_crows,17,-0.3183316430392978,-0.0691358814241306,1.0,,,0
5,0.1,4,11,30,three_white_soldiers,17,-0.2525395542509076,-0.2123674611541338,1.0,,,0
5,0.1,4,11,30,tweezer_bottom,2853,0.1130704171642861,0.0547480761175388,1.0,0.0014928156210902,0.1105032959762904,0
5,0.1,4,11,30,tweezer_top,3136,-0.0694925028477107,0.0164485813734816,1.0,-0.0292221111803348,0.0934303782850141,0
5,0.1,5,1,5,bearish_engulfing,1609,-0.044219015583784,0.0219906833985797,1.0,-0.0164321258884627,0.0806999857481089,0
5,0.1,5,1,5,bearish_harami,752,-0.0757499209277584,-0.0011210618583804,1.0,-0.0809175234403201,0.1656455268019974,0
5,0.1,5,1,5,bearish_kicker,192,-0.2144398733855772,0.0090213036835938,1.0,-0.1177026406093931,0.2648038065255145,0
5,0.1,5,1,5,bullish_engulfing,1507,0.2020111554667549,0.1141594599054276,0.0083991600839916,0.0606231203497596,0.1098803068951268,1
5,0.1,5,1,5,bullish_harami,678,-0.0146807173750758,-0.0639035915804855,1.0,-0.1522607817143911,0.1834164728555775,0
5,0.1,5,1,5,bullish_kicker,186,-0.1303118844701974,0.0543551176140429,1.0,-0.0566434266461894,0.2228979876521948,0
5,0.1,5,1,5,dark_cloud_cover,158,0.050396252283778,0.0530159895988701,1.0,-0.0821791328205201,0.2807775392139494,0
5,0.1,5,1,5,dragonfly_doji,545,0.0247594686003587,-0.0181628001085998,1.0,-0.142828882232852,0.2703408990439323,0
5,0.1,5,1,5,evening_star,39,-0.1711545021318848,-0.2407756280445813,1.0,-0.5748064266110583,0.6604738548494278,0
5,0.1,5,1,5,gravestone_doji,571,-0.0628721295148515,-0.0763410670608888,1.0,-0.194085443600146,0.2434569749863105,0
5,0.1,5,1,5,hammer,1472,0.0770494329421553,0.042864595250183,1.0,-0.0295344154656154,0.1510146028378303,0
5,0.1,5,1,5,hanging_man,1678,-0.0454876728977713,-0.0440169105275203,1.0,-0.1311955779339008,0.1826259883108427,0
5,0.1,5,1,5,inverted_hammer,1510,0.0316732201495378,0.0267970025493596,1.0,-0.058826810666123,0.1774725894189983,0
5,0.1,5,1,5,morning_star,40,-0.016484718726635,0.0215026796046197,1.0,-0.2247792764256848,0.4877661296919393,0
5,0.1,5,1,5,piercing_line,168,0.0317669170333593,-0.0284768490991729,1.0,-0.1902120646847353,0.3379901097285965,0
5,0.1,5,1,5,shooting_star,1590,-0.0702575277477048,0.0199366311888883,1.0,-0.0444706055104832,0.136375385143133,0
5,0.1,5,1,5,three_black_crows,20,-0.0726520880652639,-0.0136195027609703,1.0,,,0
5,0.1,5,1,5,three_white_soldiers,26,0.260480764548907,0.0764129909648054,1.0,,,0
5,0.1,5,1,5,tweezer_bottom,3007,0.0795350280268059,0.0508973482272608,0.2963703629637036,0.010796307161021,0.0837121063639224,0
5,0.1,5,1,5,tweezer_top,3184,-0.0534656718012381,-0.0120244099457455,1.0,-0.0428060029636044,0.0646369944610331,0
5,0.1,5,1,15,bearish_engulfing,1609,-0.044219015583784,0.056289343368401,0.7799220077992202,0.0031261847386673,0.1088383429457695,0
5,0.1,5,1,15,bearish_harami,752,-0.0757499209277584,-0.0130445059075929,1.0,-0.099405496519881,0.1784556337571968,0
5,0.1,5,1,15,bearish_kicker,192,-0.2144398733855772,0.0489825703325797,1.0,-0.1239663796714414,0.3583039471840948,0
5,0.1,5,1,15,bullish_engulfing,1507,0.2020111554667549,0.1683432398211037,0.0083991600839916,0.1055944061725812,0.1313846018039038,1
5,0.1,5,1,15,bullish_harami,678,-0.0146807173750758,-0.0974066396221072,1.0,-0.1946531539787415,0.1983554539819057,0
5,0.1,5,1,15,bullish_kicker,186,-0.1303118844701974,0.0383129806825602,1.0,-0.1408674459669022,0.3718084409896254,0
5,0.1,5,1,15,dark_cloud_cover,158,0.050396252283778,0.1854209655112699,1.0,-0.0212709987154247,0.423642039441044,0
5,0.1,5,1,15,dragonfly_doji,545,0.0247594686003587,-0.1243601449245628,1.0,-0.2665182842684106,0.2991674944746968,0
5,0.1,5,1,15,evening_star,39,-0.1711545021318848,-0.3958539325722514,1.0,-0.8856662092432628,1.0186018827479195,0
5,0.1,5,1,15,gravestone_doji,571,-0.0628721295148515,0.0790212039763405,1.0,-0.0274333157481843,0.223381352087447,0
5,0.1,5,1,15,hammer,1472,0.0770494329421553,0.0216704965590642,1.0,-0.0615562020200498,0.1683366935677664,0
5,0.1,5,1,15,hanging_man,1678,-0.0454876728977713,0.0242908967405363,1.0,-0.0547105239143559,0.1665662446496319,0
5,0.1,5,1,15,inverted_hammer,1510,0.0316732201495378,0.0621913149419043,1.0,-0.0340003849880132,0.1987168943243123,0
5,0.1,5,1,15,morning_star,40,-0.016484718726635,0.221103139510029,1.0,-0.1519625782525692,0.744242651922879,0
5,0.1,5,1,15,piercing_line,168,0.0317669170333593,0.0628330684967644,1.0,-0.1357142899765355,0.4208105477121801,0
5,0.1,5,1,15,shooting_star,1590,-0.0702575277477048,0.0211906475388155,1.0,-0.0631368563132227,0.17573377472604,0
5,0.1,5,1,15,three_black_crows,20,-0.0726520880652639,0.138575855268234,1.0,,,0
5,0.1,5,1,15,three_white_soldiers,26,0.260480764548907,0.0492156477319791,1.0,,,0
5,0.1,5,1,15,tweezer_bottom,3007,0.0795350280268059,0.0609886185394682,0.2287771222877712,0.016888515702585,0.0947338632912797,0
5,0.1,5,1,15,tweezer_top,3184,-0.0534656718012381,0.0057281667317056,1.0,-0.0377504911899966,0.0897057801065025,0
5,0.1,5,1,30,bearish_engulfing,1609,-0.044219015583784,0.0852828434835277,0.0467953204679532,0.0306174701963185,0.1115645338848227,1
5,0.1,5,1,30,bearish_harami,752,-0.0757499209277584,0.0124892819657363,1.0,-0.0958412303918409,0.221953327011366,0
5,0.1,5,1,30,bearish_kicker,192,-0.2144398733855772,-0.2047554570217076,1.0,-0.3949269496206148,0.3904592699952361,0
5,0.1,5,1,30,bullish_engulfing,1507,0.2020111554667549,0.1972893697518254,0.0083991600839916,0.1289125396746816,0.1441112755381193,1
5,0.1,5,1,30,bullish_harami,678,-0.0146807173750758,0.0442314806192339,1.0,-0.0646303936544954,0.229391902254078,0
5,0.1,5,1,30,bullish_kicker,186,-0.1303118844701974,0.0024261130521358,1.0,-0.1582077927864832,0.3314604123819756,0
5,0.1,5,1,30,dark_cloud_cover,158,0.050396252283778,0.2281907727704101,1.0,-0.0254688411970077,0.5309510991905394,0
5,0.1,5,1,30,dragonfly_doji,545,0.0247594686003587,-0.0216097121168698,1.0,-0.1698932932154514,0.3146652097677818,0
5,0.1,5,1,30,evening_star,39,-0.1711545021318848,-0.3596516379894898,1.0,-0.8602598809530209,1.040382854713696,0
5,0.1,5,1,30,gravestone_doji,571,-0.0628721295148515,0.0101237925505452,1.0,-0.1394634128265381,0.2999805157452488,0
5,0.1,5,1,30,hammer,1472,0.0770494329421553,0.0705755450917889,1.0,-0.0143964661835322,0.1757632562364892,0
5,0.1,5,1,30,hanging_man,1678,-0.0454876728977713,0.0361087250932083,1.0,-0.04642862479478,0.1665523569138818,0
5,0.1,5,1,30,inverted_hammer,1510,0.0316732201495378,0.1112534000833841,0.434956504349565,0.0206402186659047,0.1890509318502686,0
5,0.1,5,1,30,morning_star,40,-0.016484718726635,0.0354860162543966,1.0,-0.3828216527013344,0.8935443358319104,0
5,0.1,5,1,30,piercing_line,168,0.0317669170333593,0.0846198859506252,1.0,-0.151883736497923,0.4853287219216737,0
5,0.1,5,1,30,shooting_star,1590,-0.0702575277477048,0.0186465005305999,1.0,-0.0662541745477806,0.1777088293879913,0
5,0.1,5,1,30,three_black_crows,20,-0.0726520880652639,-0.2345536615311778,1.0,,,0
5,0.1,5,1,30,three_white_soldiers,26,0.260480764548907,0.0927228891466707,1.0,,,0
5,0.1,5,1,30,tweezer_bottom,3007,0.0795350280268059,0.0440892904758281,1.0,-0.0060995730057085,0.1052535432269057,0
5,0.1,5,1,30,tweezer_top,3184,-0.0534656718012381,0.0114341783714593,1.0,-0.0376928691731162,0.1020843393207801,0
5,0.1,5,6,30,bearish_engulfing,1609,-0.044219015583784,0.0720308346255969,0.3899610038996101,0.0102952390595397,0.1251299089554548,0
5,0.1,5,6,30,bearish_harami,752,-0.0757499209277584,0.0156904851836582,1.0,-0.1028310458171182,0.2440932772973855,0
5,0.1,5,6,30,bearish_kicker,192,-0.2144398733855772,-0.2430973313660775,1.0,-0.4498687182723249,0.4235925472710349,0
5,0.1,5,6,30,bullish_engulfing,1507,0.2020111554667549,0.2095089713467752,0.0083991600839916,0.1431419032741245,0.1396251307983392,1
5,0.1,5,6,30,bullish_harami,678,-0.0146807173750758,0.0413985487263955,1.0,-0.0767405557253467,0.2457200816030368,0
5,0.1,5,6,30,bullish_kicker,186,-0.1303118844701974,-0.0311681014462241,1.0,-0.2069070095512336,0.3585091635527708,0
5,0.1,5,6,30,dark_cloud_cover,158,0.050396252283778,0.3034979875201872,0.2651734826517348,0.0695760176884299,0.4878682919445162,0
5,0.1,5,6,30,dragonfly_doji,545,0.0247594686003587,0.0153869278486944,1.0,-0.1221275320672014,0.2836746501095185,0
5,0.1,5,6,30,evening_star,39,-0.1711545021318848,-0.064825926971486,1.0,-0.5628517294029104,1.009994281068845,0
5,0.1,5,6,30,gravestone_doji,571,-0.0628721295148515,0.0486681553197408,1.0,-0.0915382552551678,0.2888868938924005,0
5,0.1,5,6,30,hammer,1472,0.0770494329421553,0.0346615957876336,1.0,-0.0504667645650137,0.1766593161876569,0
5,0.1,5,6,30,hanging_man,1678,-0.0454876728977713,0.0725854378957087,1.0,-0.0136904846782675,0.1744746918684872,0
5,0.1,5,6,30,inverted_hammer,1510,0.0316732201495378,0.0603197036737111,1.0,-0.0327522528556668,0.1916614036601534,0
5,0.1,5,6,30,morning_star,40,-0.016484718726635,-0.2491063522980366,1.0,-0.828923087800543,1.1990595461151543,0
5,0.1,5,6,30,piercing_line,168,0.0317669170333593,0.1619289402969993,1.0,-0.0584132120264987,0.4528662866925033,0
5,0.1,5,6,30,shooting_star,1590,-0.0702575277477048,0.0253388346797786,1.0,-0.0579566450888082,0.1724821434425737,0
5,0.1,5,6,30,three_black_crows,20,-0.0726520880652639,-0.0662379146327576,1.0,,,0
5,0.1,5,6,30,three_white_soldiers,26,0.260480764548907,0.1141593525629766,1.0,,,0
5,0.1,5,6,30,tweezer_bottom,3007,0.0795350280268059,0.0370010539380641,1.0,-0.0124779042606394,0.1014019281261996,0
5,0.1,5,6,30,tweezer_top,3184,-0.0534656718012381,0.0369795502990716,1.0,-0.0166974349666476,0.1110996033627983,0
5,0.1,5,11,30,bearish_engulfing,1609,-0.044219015583784,0.0988393506132185,0.0167983201679832,0.0374766027870745,0.1244044023719666,1
5,0.1,5,11,30,bearish_harami,752,-0.0757499209277584,-0.0035241860118219,1.0,-0.1199655389359263,0.242064812896863,0
5,0.1,5,11,30,bearish_kicker,192,-0.2144398733855772,-0.0657367219174899,1.0,-0.2600292797171267,0.4036036946811737,0
5,0.1,5,11,30,bullish_engulfing,1507,0.2020111554667549,0.2213996127320676,0.0083991600839916,0.1481741932714794,0.1519659107799721,1
5,0.1,5,11,30,bullish_harami,678,-0.0146807173750758,-0.0107029155821224,1.0,-0.1321436355772709,0.2505832552610652,0
5,0.1,5,11,30,bullish_kicker,186,-0.1303118844701974,-0.037592824562908,1.0,-0.2071151994248484,0.3535621291354959,0
5,0.1,5,11,30,dark_cloud_cover,158,0.050396252283778,0.2842212045461576,0.374962503749625,0.0543733394936662,0.4748598677234786,0
5,0.1,5,11,30,dragonfly_doji,545,0.0247594686003587,-0.003663360383797,1.0,-0.1429722041731864,0.297905466839612,0
5,0.1,5,11,30,evening_star,39,-0.1711545021318848,0.0891949808963725,1.0,-0.4303944329240507,1.0824271701640258,0
5,0.1,5,11,30,gravestone_doji,571,-0.0628721295148515,0.0477791873250422,1.0,-0.0926561723458839,0.2958814774186169,0
5,0.1,5,11,30,hammer,1472,0.0770494329421553,0.0528615546052095,1.0,-0.0271634308915538,0.1683806756414076,0
5,0.1,5,11,30,hanging_man,1678,-0.0454876728977713,-0.0049959433296057,1.0,-0.086573034206386,0.1656096121258425,0
5,0.1,5,11,30,inverted_hammer,1510,0.0316732201495378,0.0431863778203413,1.0,-0.0555158007785687,0.2030221036521196,0
5,0.1,5,11,30,morning_star,40,-0.016484718726635,0.0590432242665857,1.0,-0.4211776591564823,0.959195724231887,0
5,0.1,5,11,30,piercing_line,168,0.0317669170333593,0.1091478839041754,1.0,-0.1316471363370527,0.4896098165722624,0
5,0.1,5,11,30,shooting_star,1590,-0.0702575277477048,0.0671327063688919,1.0,-0.0215940965284561,0.1823289941659208,0
5,0.1,5,11,30,three_black_crows,20,-0.0726520880652639,-0.019673569324845,1.0,,,0
5,0.1,5,11,30,three_white_soldiers,26,0.260480764548907,0.1305973933430558,1.0,,,0
5,0.1,5,11,30,tweezer_bottom,3007,0.0795350280268059,0.052289760834842,1.0,-0.0002587543010417,0.1086646784675782,0
5,0.1,5,11,30,tweezer_top,3184,-0.0534656718012381,0.0132786118408973,1.0,-0.041479459473036,0.1130353431724556,0
5,0.1,6,1,5,bearish_engulfing,1466,-0.0357242938354587,0.0487928310838372,0.7083291670832917,0.0056365416718067,0.0911563064316866,0
5,0.1,6,1,5,bearish_harami,666,-0.1132888549866005,0.0034816897359219,1.0,-0.0831122409048751,0.1851506069682167,0
5,0.1,6,1,5,bearish_kicker,196,-0.1403783776367923,-0.0459746007033426,1.0,-0.2099622735562914,0.3303890951070979,0
5,0.1,6,1,5,bullish_engulfing,1399,0.1845592484141704,0.0823682595442076,0.035996400359964,0.0362601688385603,0.0974120435340391,1
5,0.1,6,1,5,bullish_harami,640,0.0562270464507137,0.0052116113113513,1.0,-0.087395551096964,0.1915204984750049,0
5,0.1,6,1,5,bullish_kicker,191,0.0087917717941188,-0.0478611046654556,1.0,-0.2059806822979567,0.3273172384457845,0
5,0.1,6,1,5,dark_cloud_cover,196,-0.0884518209427702,0.0054612483854406,1.0,-0.139613263469955,0.2967494755893965,0
5,0.1,6,1,5,dragonfly_doji,553,0.0465820775980465,-0.0813002049322063,1.0,-0.1796703707116906,0.2047343794302254,0
5,0.1,6,1,5,evening_star,54,-0.2583602224941899,0.002512296949062,1.0,-0.2633917332475034,0.5698663792798639,0
5,0.1,6,1,5,gravestone_doji,642,-0.0885868422027489,-0.0479192374388793,1.0,-0.1346714360135876,0.1831444995066117,0
5,0.1,6,1,5,hammer,1514,0.0608857853784253,-0.0366977233176803,1.0,-0.101171975855667,0.1347880793889278,0
5,0.1,6,1,5,hanging_man,1849,-0.0489172197472333,0.1004840254870138,0.5087491250874913,0.0166772010190506,0.1748543719494005,0
5,0.1,6,1,5,inverted_hammer,1685,0.0838708624253237,0.0753257791603964,1.0,-0.00943835738296,0.1795828412124584,0
5,0.1,6,1,5,morning_star,48,0.2063314673077919,-0.2097275340649025,1.0,-0.4878229937007978,0.5821353272538669,0
5,0.1,6,1,5,piercing_line,182,-0.0715841695148638,0.0294121105512502,1.0,-0.1038581184712832,0.2800335305896437,0
5,0.1,6,1,5,shooting_star,1681,-0.0582059497067304,0.029838700986278,1.0,-0.0300672837108914,0.1261491512720887,0
5,0.1,6,1,5,three_black_crows,13,-0.1990581508487648,-0.0138735592126376,1.0,,,0
5,0.1,6,1,5,three_white_soldiers,18,-0.0850950770013708,0.0735326925101742,1.0,,,0
5,0.1,6,1,5,tweezer_bottom,3004,0.0639028536886115,-0.0161637604090415,1.0,-0.0508466827860005,0.0730160685980694,0
5,0.1,6,1,5,tweezer_top,3147,-0.0493804320553184,-0.0063642082571967,1.0,-0.03893425056647,0.0676899655649717,0
5,0.1,6,1,15,bearish_engulfing,1466,-0.0357242938354587,0.0526195145420005,0.9503049695030495,0.001722850421636,0.1068004927302542,0
5,0.1,6,1,15,bearish_harami,666,-0.1132888549866005,-0.0160147163139037,1.0,-0.1362123350807331,0.2477558555228645,0
5,0.1,6,1,15,bearish_kicker,196,-0.1403783776367923,0.0618625470117518,1.0,-0.1484296383537452,0.4292386665866773,0
5,0.1,6,1,15,bullish_engulfing,1399,0.1845592484141704,0.1526604268775455,0.0083991600839916,0.0894333457701648,0.1297057384296384,1
5,0.1,6,1,15,bullish_harami,640,0.0562270464507137,0.0582125729812152,1.0,-0.0616563110719327,0.2438973465494679,0
5,0.1,6,1,15,bullish_kicker,191,0.0087917717941188,-0.0045458898287369,1.0,-0.189684558309119,0.3776593892227701,0
5,0.1,6,1,15,dark_cloud_cover,196,-0.0884518209427702,-0.0639252460880308,1.0,-0.2137885201164277,0.3053965867115641,0
5,0.1,6,1,15,dragonfly_doji,553,0.0465820775980465,-0.0533580054856554,1.0,-0.1859184328967193,0.2823570352920937,0
5,0.1,6,1,15,evening_star,54,-0.2583602224941899,-0.0002242407182732,1.0,-0.3291024506101718,0.6933359839036848,0
5,0.1,6,1,15,gravestone_doji,642,-0.0885868422027489,-0.0207462000407559,1.0,-0.125052257304673,0.2196157673398568,0
5,0.1,6,1,15,hammer,1514,0.0608857853784253,0.01683213142822,1.0,-0.0574650580903637,0.1541975541245016,0
5,0.1,6,1,15,hanging_man,1849,-0.0489172197472333,0.1045048851645227,0.4967503249675032,0.01027540502302,0.1910005803315901,0
5,0.1,6,1,15,inverted_hammer,1685,0.0838708624253237,0.1195201655529273,0.1455854414558544,0.0280224701260732,0.1836682107566094,0
5,0.1,6,1,15,morning_star,48,0.2063314673077919,-0.1076699817069922,1.0,-0.4583634609033232,0.6985151216430936,0
5,0.1,6,1,15,piercing_line,182,-0.0715841695148638,-0.0879195924524456,1.0,-0.2606861614543818,0.3503528595139674,0
5,0.1,6,1,15,shooting_star,1681,-0.0582059497067304,-0.0354297670384159,1.0,-0.1000420851247285,0.1362587566684554,0
5,0.1,6,1,15,three_black_crows,13,-0.1990581508487648,-0.1850879062687986,1.0,,,0
5,0.1,6,1,15,three_white_soldiers,18,-0.0850950770013708,0.0130989831680017,1.0,,,0
5,0.1,6,1,15,tweezer_bottom,3004,0.0639028536886115,0.0008207008309188,1.0,-0.0427967639815717,0.0934443860363251,0
5,0.1,6,1,15,tweezer_top,3147,-0.0493804320553184,0.027562143622373,1.0,-0.0137057833436214,0.0853618534774913,0
5,0.1,6,1,30,bearish_engulfing,1466,-0.0357242938354587,0.0522194846156511,1.0,-0.0227096827801673,0.1558014700365456,0
5,0.1,6,1,30,bearish_harami,666,-0.1132888549866005,-0.0084571160445995,1.0,-0.1352068211921922,0.2626817514388113,0
5,0.1,6,1,30,bearish_kicker,196,-0.1403783776367923,0.034407891961128,1.0,-0.1807166638703493,0.4503450110457369,0
5,0.1,6,1,30,bullish_engulfing,1399,0.1845592484141704,0.1592025853129763,0.0083991600839916,0.0912616346073118,0.1414452395768706,1
5,0.1,6,1,30,bullish_harami,640,0.0562270464507137,0.0372624116445302,1.0,-0.0972427570502511,0.2681499698341773,0
5,0.1,6,1,30,bullish_kicker,191,0.0087917717941188,0.1198068346675289,1.0,-0.0659011663506869,0.394437852565034,0
5,0.1,6,1,30,dark_cloud_cover,196,-0.0884518209427702,-0.1297863725762144,1.0,-0.3162055965623894,0.3887807084670837,0
5,0.1,6,1,30,dragonfly_doji,553,0.0465820775980465,-0.0336140603038473,1.0,-0.1765228769409192,0.3072761908929797,0
5,0.1,6,1,30,evening_star,54,-0.2583602224941899,0.1137124321055492,1.0,-0.253798229193809,0.7527483733901761,0
5,0.1,6,1,30,gravestone_doji,642,-0.0885868422027489,0.048658619142237,1.0,-0.0791823930316162,0.2638561769011244,0
5,0.1,6,1,30,hammer,1514,0.0608857853784253,-0.0332274591911332,1.0,-0.104239965478394,0.1507812343229942,0
5,0.1,6,1,30,hanging_man,1849,-0.0489172197472333,0.0675746444677808,1.0,-0.0360754783872199,0.2074366276527321,0
5,0.1,6,1,30,inverted_hammer,1685,0.0838708624253237,0.1284957695119805,0.1287871212878712,0.0394884484981269,0.1822979716192384,0
5,0.1,6,1,30,morning_star,48,0.2063314673077919,-0.0047071504942956,1.0,-0.3772418533022383,0.7873338773069175,0
5,0.1,6,1,30,piercing_line,182,-0.0715841695148638,-0.2396333910069519,1.0,-0.4604738121259921,0.4590634430704688,0
5,0.1,6,1,30,shooting_star,1681,-0.0582059497067304,-0.0112865678271361,1.0,-0.077252211849679,0.1370518622238834,0
5,0.1,6,1,30,three_black_crows,13,-0.1990581508487648,-0.0873096329286139,1.0,,,0
5,0.1,6,1,30,three_white_soldiers,18,-0.0850950770013708,-0.1963078888587605,1.0,,,0
5,0.1,6,1,30,tweezer_bottom,3004,0.0639028536886115,0.0234929563943262,1.0,-0.0228796774523778,0.0964534256462362,0
5,0.1,6,1,30,tweezer_top,3147,-0.0493804320553184,0.028586861019344,1.0,-0.014937645643366,0.0908380478984243,0
5,0.1,6,6,30,bearish_engulfing,1466,-0.0357242938354587,0.0264577941789108,1.0,-0.0470067864180989,0.1527094171055771,0
5,0.1,6,6,30,bearish_harami,666,-0.1132888549866005,-0.070790370980769,1.0,-0.191697257868589,0.2591941850258941,0
5,0.1,6,6,30,bearish_kicker,196,-0.1403783776367923,0.0486685593120257,1.0,-0.1632385434110469,0.4372308009725875,0
5,0.1,6,6,30,bullish_engulfing,1399,0.1845592484141704,0.1413621733630872,0.0123987601239876,0.0703420170905522,0.1499971098549248,1
5,0.1,6,6,30,bullish_harami,640,0.0562270464507137,0.026565090924229,1.0,-0.1200612696528618,0.295230440444016,0
5,0.1,6,6,30,bullish_kicker,191,0.0087917717941188,0.0299683122700031,1.0,-0.1621682372891038,0.390869683869142,0
5,0.1,6,6,30,dark_cloud_cover,196,-0.0884518209427702,-0.0831091180106982,1.0,-0.3017279896609765,0.4452270024993569,0
5,0.1,6,6,30,dragonfly_doji,553,0.0465820775980465,-0.0664268870384976,1.0,-0.1982576386619489,0.2784737542568088,0
5,0.1,6,6,30,evening_star,54,-0.2583602224941899,0.0936748219023992,1.0,-0.2856526682830547,0.7682840028041249,0
5,0.1,6,6,30,gravestone_doji,642,-0.0885868422027489,0.1002096323595759,1.0,-0.0295162207759587,0.2724695721694998,0
5,0.1,6,6,30,hammer,1514,0.0608857853784253,-0.0478192880242912,1.0,-0.129790366201266,0.1737237737347967,0
5,0.1,6,6,30,hanging_man,1849,-0.0489172197472333,0.0946992226837523,0.9407059294070592,0.0032842401416096,0.1888351018686406,0
5,0.1,6,6,30,inverted_hammer,1685,0.0838708624253237,0.090078075963597,0.9521047895210478,0.0005789366655686,0.1833521596271705,0
5,0.1,6,6,30,morning_star,48,0.2063314673077919,0.0224691806709797,1.0,-0.3711910231829871,0.8313288926244763,0
5,0.1,6,6,30,piercing_line,182,-0.0715841695148638,-0.1358829168143265,1.0,-0.37844310810253,0.5060824629389383,0
5,0.1,6,6,30,shooting_star,1681,-0.0582059497067304,0.0222734899356346,1.0,-0.0524419768100942,0.1590587933797445,0
5,0.1,6,6,30,three_black_crows,13,-0.1990581508487648,-0.1808601112645555,1.0,,,0
5,0.1,6,6,30,three_white_soldiers,18,-0.0850950770013708,-0.1350890522849752,1.0,,,0
5,0.1,6,6,30,tweezer_bottom,3004,0.0639028536886115,0.0069184212410663,1.0,-0.0419955192801074,0.1011147756060371,0
5,0.1,6,6,30,tweezer_top,3147,-0.0493804320553184,0.0430022492295103,1.0,-0.0050436389749925,0.0971022262544961,0
5,0.1,6,11,30,bearish_engulfing,1466,-0.0357242938354587,0.0345005699343657,1.0,-0.0462721069592179,0.1702065562772141,0
5,0.1,6,11,30,bearish_harami,666,-0.1132888549866005,-0.045475054401254,1.0,-0.1748921014109052,0.2635144407499373,0
5,0.1,6,11,30,bearish_kicker,196,-0.1403783776367923,0.0205437480313893,1.0,-0.2040382615965391,0.4772402157347397,0
5,0.1,6,11,30,bullish_engulfing,1399,0.1845592484141704,0.1448844407999156,0.0083991600839916,0.0699936533281923,0.1568088904946379,1
5,0.1,6,11,30,bullish_harami,640,0.0562270464507137,0.0453371667190281,1.0,-0.0897000822225401,0.2765134882777715,0
5,0.1,6,11,30,bullish_kicker,191,0.0087917717941188,-0.0248330827401128,1.0,-0.2476580976802991,0.4586272688860892,0
5,0.1,6,11,30,dark_cloud_cover,196,-0.0884518209427702,-0.0238011250506503,1.0,-0.2622492122000227,0.4922965280537926,0
5,0.1,6,11,30,dragonfly_doji,553,0.0465820775980465,0.0144278897941814,1.0,-0.1092900158191077,0.2625222447290053,0
5,0.1,6,11,30,evening_star,54,-0.2583602224941899,0.2001200769328025,1.0,-0.1556889314307183,0.740925389144571,0
5,0.1,6,11,30,gravestone_doji,642,-0.0885868422027489,0.0733076036675851,1.0,-0.0465254115191379,0.2580039858730598,0
5,0.1,6,11,30,hammer,1514,0.0608857853784253,-0.0318738090184877,1.0,-0.1222712237715944,0.1889458458831944,0
5,0.1,6,11,30,hanging_man,1849,-0.0489172197472333,0.0702543410737435,1.0,-0.0202822848853043,0.1834803410402673,0
5,0.1,6,11,30,inverted_hammer,1685,0.0838708624253237,0.1083569931946622,0.484951504849515,0.0112849030003859,0.1968766709024617,0
5,0.1,6,11,30,morning_star,48,0.2063314673077919,0.2171955791852713,1.0,-0.1653967593874448,0.8162912338596766,0
5,0.1,6,11,30,piercing_line,182,-0.0715841695148638,-0.0777726715725804,1.0,-0.3106497734331805,0.4898876954224494,0
5,0.1,6,11,30,shooting_star,1681,-0.0582059497067304,0.0623254217923665,1.0,-0.0204986905190436,0.1752008628424752,0
5,0.1,6,11,30,three_black_crows,13,-0.1990581508487648,-0.4237967898934033,1.0,,,0
5,0.1,6,11,30,three_white_soldiers,18,-0.0850950770013708,-0.1338231640701583,1.0,,,0
5,0.1,6,11,30,tweezer_bottom,3004,0.0639028536886115,0.0226105543561224,1.0,-0.0295799374748678,0.10948471176674,0
5,0.1,6,11,30,tweezer_top,3147,-0.0493804320553184,0.0517100579436254,1.0,0.0009072025670897,0.106629753990274,0
5,0.1,7,1,5,bearish_engulfing,1532,-0.0408180552203932,0.0091428219053973,1.0,-0.0359231408863793,0.0960196625701765,0
5,0.1,7,1,5,bearish_harami,656,-0.048114943246165,-0.0094412632706063,1.0,-0.1021189041516447,0.1934714310786023,0
5,0.1,7,1,5,bearish_kicker,163,0.0171911949010778,-0.0179479120404986,1.0,-0.2068886636672444,0.3960589347990753,0
5,0.1,7,1,5,bullish_engulfing,1461,0.154419566471,0.0487013671325793,0.8585141485851415,0.0048717590131933,0.0916205643417868,0
5,0.1,7,1,5,bullish_harami,620,0.0593706823992328,0.0257863156368902,1.0,-0.0732494299488167,0.2076223120375657,0
5,0.1,7,1,5,bullish_kicker,200,-0.0075801874195342,-0.0681566460475553,1.0,-0.2132746782725655,0.2969171205640615,0
5,0.1,7,1,5,dark_cloud_cover,218,0.0795513360548861,0.0150420780227839,1.0,-0.1286342161378851,0.3100885195158102,0
5,0.1,7,1,5,dragonfly_doji,440,-0.0314687655303853,-0.0640487687152783,1.0,-0.1933541793157047,0.2631767677355939,0
5,0.1,7,1,5,evening_star,48,-0.1044338694556676,0.173203249359081,0.8007199280071993,0.0327673693642626,0.3061627338533902,0
5,0.1,7,1,5,gravestone_doji,514,-0.0378648380955637,-0.0395114735295976,1.0,-0.1346052902408318,0.1971222715950903,0
5,0.1,7,1,5,hammer,1450,0.034598059391957,0.0053240469697339,1.0,-0.0542876306596587,0.1233769421314781,0
5,0.1,7,1,5,hanging_man,1730,-0.0798949001069905,-0.0115573938527112,1.0,-0.0833637102093307,0.1495605980946621,0
5,0.1,7,1,5,inverted_hammer,1570,0.0252587582627163,-0.0088772798936551,1.0,-0.0804721381414227,0.1505651088887682,0
5,0.1,7,1,5,morning_star,59,0.0985798393905543,-0.0043937893997062,1.0,-0.2109653406547447,0.4008438283835254,0
5,0.1,7,1,5,piercing_line,214,-0.073233782503885,-0.0585679627227151,1.0,-0.2094814821349143,0.3090213676360652,0
5,0.1,7,1,5,shooting_star,1589,-0.0405822688342348,-0.0085221222518284,1.0,-0.0722128169327473,0.1292551612117037,0
5,0.1,7,1,5,three_black_crows,18,-0.1449028733757519,0.0737642387105976,1.0,,,0
5,0.1,7,1,5,three_white_soldiers,31,0.2399360093025701,-0.0011354791167174,1.0,-0.2068172791968829,0.4980451967318497,0
5,0.1,7,1,5,tweezer_bottom,3049,0.0788808455582941,0.0325136796912116,1.0,-0.003177837479959,0.0727304277686318,0
5,0.1,7,1,5,tweezer_top,3233,-0.0433071327867344,-0.0281476140412638,1.0,-0.0613759985490156,0.0709560101643129,0
5,0.1,7,1,15,bearish_engulfing,1532,-0.0408180552203932,0.0562360457386235,1.0,-0.0003224196473097,0.1177976240576218,0
5,0.1,7,1,15,bearish_harami,656,-0.048114943246165,0.0181471667918016,1.0,-0.1005680318034867,0.2481414925811418,0
5,0.1,7,1,15,bearish_kicker,163,0.0171911949010778,0.0315805602322851,1.0,-0.1719756569169684,0.4246872835765386,0
5,0.1,7,1,15,bullish_engulfing,1461,0.154419566471,0.0637009939358247,0.8679132086791321,0.0060672929770524,0.1215995952447515,0
5,0.1,7,1,15,bullish_harami,620,0.0593706823992328,0.0539118085579104,1.0,-0.0660784793201334,0.2448513106312887,0
5,0.1,7,1,15,bullish_kicker,200,-0.0075801874195342,0.0714967727845515,1.0,-0.085111722237811,0.3213035859354279,0
5,0.1,7,1,15,dark_cloud_cover,218,0.0795513360548861,-0.0163933577372476,1.0,-0.1633793333597611,0.3119268490341162,0
5,0.1,7,1,15,dragonfly_doji,440,-0.0314687655303853,-0.012626427554514,1.0,-0.1530493654439568,0.2902856858526116,0
5,0.1,7,1,15,evening_star,48,-0.1044338694556676,0.185425409077177,1.0,-0.1070899806921148,0.5909379424933416,0
5,0.1,7,1,15,gravestone_doji,514,-0.0378648380955637,-0.0567366944163731,1.0,-0.1802126055155525,0.2525420190701954,0
5,0.1,7,1,15,hammer,1450,0.034598059391957,-0.0063273351619005,1.0,-0.0822181513978474,0.1566320789607084,0
5,0.1,7,1,15,hanging_man,1730,-0.0798949001069905,-0.0038458338227154,1.0,-0.0859233534358351,0.1694435022886027,0
5,0.1,7,1,15,inverted_hammer,1570,0.0252587582627163,-0.0578839310217801,1.0,-0.1470525947734156,0.1811870863907047,0
5,0.1,7,1,15,morning_star,59,0.0985798393905543,-0.1232850102049269,1.0,-0.4309632629614501,0.6284529230949001,0
5,0.1,7,1,15,piercing_line,214,-0.073233782503885,0.0269437136309621,1.0,-0.1207518157504755,0.3079237578393168,0
5,0.1,7,1,15,shooting_star,1589,-0.0405822688342348,-0.0353295030660854,1.0,-0.1099922419878621,0.1586997198453316,0
5,0.1,7,1,15,three_black_crows,18,-0.1449028733757519,0.0322715780679361,1.0,,,0
5,0.1,7,1,15,three_white_soldiers,31,0.2399360093025701,0.1761675384117131,1.0,-0.0719434234328584,0.55321508615244,0
5,0.1,7,1,15,tweezer_bottom,3049,0.0788808455582941,0.0359431769404785,1.0,-0.0142415845464676,0.1033535633478927,0
5,0.1,7,1,15,tweezer_top,3233,-0.0433071327867344,0.0227826785307966,1.0,-0.0199735234693706,0.0887397180037849,0
5,0.1,7,1,30,bearish_engulfing,1532,-0.0408180552203932,0.0337508130891621,1.0,-0.0336248006069168,0.1381601986647203,0
5,0.1,7,1,30,bearish_harami,656,-0.048114943246165,-0.0053182789600123,1.0,-0.1352866413823125,0.2744973829475899,0
5,0.1,7,1,30,bearish_kicker,163,0.0171911949010778,-0.0015748340853995,1.0,-0.2246938820172033,0.4693857664525784,0
5,0.1,7,1,30,bullish_engulfing,1461,0.154419566471,0.0906065878592389,0.1567843215678432,0.0294880957071925,0.1269141419907244,0
5,0.1,7,1,30,bullish_harami,620,0.0593706823992328,0.0120129685622374,1.0,-0.1046556977151342,0.2415086133664523,0
5,0.1,7,1,30,bullish_kicker,200,-0.0075801874195342,-0.0195855194013168,1.0,-0.2240796755503189,0.4185615912881967,0
5,0.1,7,1,30,dark_cloud_cover,218,0.0795513360548861,0.1488941982522791,1.0,0.0003040034382875,0.3221599420374265,0
5,0.1,7,1,30,dragonfly_doji,440,-0.0314687655303853,0.0220277653077571,1.0,-0.1150800445448131,0.2844446968820238,0
5,0.1,7,1,30,evening_star,48,-0.1044338694556676,0.0082562969168398,1.0,-0.3496827749866315,0.7370230609055864,0
5,0.1,7,1,30,gravestone_doji,514,-0.0378648380955637,-0.0778365954317977,1.0,-0.2165137325980815,0.2845171734093956,0
5,0.1,7,1,30,hammer,1450,0.034598059391957,0.0018396343169279,1.0,-0.0857413900747003,0.1817759520926238,0
5,0.1,7,1,30,hanging_man,1730,-0.0798949001069905,0.0394047856146336,1.0,-0.0532606483836338,0.1969416500550328,0
5,0.1,7,1,30,inverted_hammer,1570,0.0252587582627163,-0.0343812845424044,1.0,-0.1313804367031594,0.1980914315369888,0
5,0.1,7,1,30,morning_star,59,0.0985798393905543,0.0839208344848971,1.0,-0.3016874519443866,0.7774214196791287,0
5,0.1,7,1,30,piercing_line,214,-0.073233782503885,-0.0929746294131551,1.0,-0.2330839221376356,0.3039766460935956,0
5,0.1,7,1,30,shooting_star,1589,-0.0405822688342348,-0.0108502467734738,1.0,-0.0872707291923732,0.1611534542343573,0
5,0.1,7,1,30,three_black_crows,18,-0.1449028733757519,0.0406406557797799,1.0,,,0
5,0.1,7,1,30,three_white_soldiers,31,0.2399360093025701,0.2224165373549941,1.0,-0.1164537114613503,0.7023193194604563,0
5,0.1,7,1,30,tweezer_bottom,3049,0.0788808455582941,0.0564187612842754,0.2483751624837516,0.0146213129812772,0.0874147195701768,0
5,0.1,7,1,30,tweezer_top,3233,-0.0433071327867344,0.0109496926344238,1.0,-0.0430856575074345,0.110212183243901,0
5,0.1,7,6,30,bearish_engulfing,1532,-0.0408180552203932,0.0394179329747108,1.0,-0.0303565398307776,0.1472634961632527,0
5,0.1,7,6,30,bearish_harami,656,-0.048114943246165,-0.0285122214525909,1.0,-0.1415406274257787,0.234440359658448,0
5,0.1,7,6,30,bearish_kicker,163,0.0171911949010778,0.1050863588925646,1.0,-0.1047439576364384,0.4510784333175707,0
5,0.1,7,6,30,bullish_engulfing,1461,0.154419566471,0.0665760740661307,0.988101189881012,0.0032575384767638,0.1317677446097734,0
5,0.1,7,6,30,bullish_harami,620,0.0593706823992328,0.0594257539074811,1.0,-0.0668283301982352,0.2638615882200718,0
5,0.1,7,6,30,bullish_kicker,200,-0.0075801874195342,-0.0254416956801214,1.0,-0.2380956101177254,0.4396890269013342,0
5,0.1,7,6,30,dark_cloud_cover,218,0.0795513360548861,0.1393559882376756,1.0,-0.0521445564882898,0.4087341579515879,0
5,0.1,7,6,30,dragonfly_doji,440,-0.0314687655303853,-0.051392981498288,1.0,-0.2216087490345744,0.3508674204557796,0
5,0.1,7,6,30,evening_star,48,-0.1044338694556676,-0.0199896933221129,1.0,-0.4223145241617072,0.824093628510268,0
5,0.1,7,6,30,gravestone_doji,514,-0.0378648380955637,-0.0066531902026199,1.0,-0.1590130745312253,0.3105943712422863,0
5,0.1,7,6,30,hammer,1450,0.034598059391957,0.0145623943344646,1.0,-0.0687323074570467,0.1737417197097944,0
5,0.1,7,6,30,hanging_man,1730,-0.0798949001069905,0.0134893809890905,1.0,-0.0819182135999988,0.1981238583041398,0
5,0.1,7,6,30,inverted_hammer,1570,0.0252587582627163,0.0258224457626452,1.0,-0.0682786086362204,0.1874285315101796,0
5,0.1,7,6,30,morning_star,59,0.0985798393905543,0.1422362291730546,1.0,-0.2715291535455736,0.8352771001942656,0
5,0.1,7,6,30,piercing_line,214,-0.073233782503885,-0.053958130745073,1.0,-0.2070379446543192,0.3234467501389406,0
5,0.1,7,6,30,shooting_star,1589,-0.0405822688342348,-0.001898141410771,1.0,-0.0795756250155059,0.1672396141502208,0
5,0.1,7,6,30,three_black_crows,18,-0.1449028733757519,-0.0288264429292881,1.0,,,0
5,0.1,7,6,30,three_white_soldiers,31,0.2399360093025701,0.1576195009092132,1.0,-0.2413508532076575,0.8232738925308596,0
5,0.1,7,6,30,tweezer_bottom,3049,0.0788808455582941,0.0707214811093167,0.0405959404059594,0.0265176847099397,0.0923755634205312,1
5,0.1,7,6,30,tweezer_top,3233,-0.0433071327867344,0.024878723985016,1.0,-0.024508245028814,0.1029607375238108,0
5,0.1,7,11,30,bearish_engulfing,1532,-0.0408180552203932,0.0443214229176928,1.0,-0.0355490982364714,0.1679667519621452,0
5,0.1,7,11,30,bearish_harami,656,-0.048114943246165,-0.0428914149053232,1.0,-0.1555473978098877,0.2373941828681739,0
5,0.1,7,11,30,bearish_kicker,163,0.0171911949010778,0.1851766256472081,1.0,-0.0824186284280786,0.5641890452567915,0
5,0.1,7,11,30,bullish_engulfing,1461,0.154419566471,0.0453467731963901,1.0,-0.020385747043012,0.1382430958937394,0
5,0.1,7,11,30,bullish_harami,620,0.0593706823992328,0.0498952397417675,1.0,-0.0846287900964847,0.2825730952232927,0
5,0.1,7,11,30,bullish_kicker,200,-0.0075801874195342,0.0399138202333851,1.0,-0.1721993230903363,0.430255092099959,0
5,0.1,7,11,30,dark_cloud_cover,218,0.0795513360548861,0.0346985386558499,1.0,-0.1631363388802793,0.4224758329937552,0
5,0.1,7,11,30,dragonfly_doji,440,-0.0314687655303853,-0.0116528860584875,1.0,-0.1627652913900325,0.3091937295187859,0
5,0.1,7,11,30,evening_star,48,-0.1044338694556676,0.0457849127768497,1.0,-0.3495966857545964,0.8068063990573134,0
5,0.1,7,11,30,gravestone_doji,514,-0.0378648380955637,-0.0396776688848446,1.0,-0.1998933476368362,0.3295130709375981,0
5,0.1,7,11,30,hammer,1450,0.034598059391957,0.0228093256632441,1.0,-0.06750501917356,0.1878353069732724,0
5,0.1,7,11,30,hanging_man,1730,-0.0798949001069905,-0.0447318582914684,1.0,-0.1330808272307106,0.1894165073037788,0
5,0.1,7,11,30,inverted_hammer,1570,0.0252587582627163,0.0203846163602566,1.0,-0.0725356320796336,0.1811160526317962,0
5,0.1,7,11,30,morning_star,59,0.0985798393905543,0.0380023010221116,1.0,-0.3860979667078006,0.8600435048774433,0
5,0.1,7,11,30,piercing_line,214,-0.073233782503885,-0.1426613127865995,1.0,-0.3337092091477887,0.3971208548778405,0
5,0.1,7,11,30,shooting_star,1589,-0.0405822688342348,0.0303544815105557,1.0,-0.0512939907868285,0.1660517608572241,0
5,0.1,7,11,30,three_black_crows,18,-0.1449028733757519,-0.0455642782089535,1.0,,,0
5,0.1,7,11,30,three_white_soldiers,31,0.2399360093025701,0.2667377742674739,1.0,-0.1544560952124084,0.8483347003611011,0
5,0.1,7,11,30,tweezer_bottom,3049,0.0788808455582941,0.0589778046062934,0.2015798420157984,0.0156157010304412,0.0902567914826448,0
5,0.1,7,11,30,tweezer_top,3233,-0.0433071327867344,0.0335324339994251,1.0,-0.0149980629495194,0.1033681749114564,0
5,0.1,8,1,5,bearish_engulfing,1553,-0.0914937375315154,-0.0197663044632779,1.0,-0.0638872108486398,0.089224983872437,0
5,0.1,8,1,5,bearish_harami,638,-0.1899697477996623,-0.0289087735557949,1.0,-0.1092262142594126,0.1636728523432707,0
5,0.1,8,1,5,bearish_kicker,170,0.0153942221478105,-0.0071246994910101,1.0,-0.1667749241521026,0.3288521750813185,0
5,0.1,8,1,5,bullish_engulfing,1466,0.1449382660120785,0.0279291475265621,1.0,-0.021053854684167,0.1017212971698793,0
5,0.1,8,1,5,bullish_harami,603,0.07409289331882,-0.0085054236583093,1.0,-0.0983133285399593,0.1893911471102884,0
5,0.1,8,1,5,bullish_kicker,230,-0.0083599895028307,0.0243825787399378,1.0,-0.0825998100656546,0.2192507585147646,0
5,0.1,8,1,5,dark_cloud_cover,201,-0.0981665941089511,0.0077824677238457,1.0,-0.1265427041705226,0.2769609359622742,0
5,0.1,8,1,5,dragonfly_doji,501,0.1218427807454513,0.0305871918258628,1.0,-0.0765422256101184,0.228706232512798,0
5,0.1,8,1,5,evening_star,54,-0.1081740289413143,-0.013744757853661,1.0,-0.2062222893434543,0.3865770670370427,0
5,0.1,8,1,5,gravestone_doji,531,-0.0657172224093817,-0.0109061330814523,1.0,-0.1012680858282476,0.1930413599598773,0
5,0.1,8,1,5,hammer,1480,0.0802656673826009,0.0357256886968239,1.0,-0.0283908294477718,0.1345511706378004,0
5,0.1,8,1,5,hanging_man,1673,-0.0498760957470978,0.0465829181598783,1.0,-0.0309668264101365,0.1622290055554807,0
5,0.1,8,1,5,inverted_hammer,1561,0.0252172381877309,-0.0300724042427054,1.0,-0.0996683573332423,0.1458807118335668,0
5,0.1,8,1,5,morning_star,52,-0.1173412417485705,0.0407055163606579,1.0,-0.200898345651397,0.5069025795535568,0
5,0.1,8,1,5,piercing_line,183,-0.0457076791072262,-0.020449626568979,1.0,-0.1418097994893396,0.2512372062198635,0
5,0.1,8,1,5,shooting_star,1553,-0.077829516732319,0.0214526048047609,1.0,-0.0370808056249053,0.1194811784845437,0
5,0.1,8,1,5,three_black_crows,19,0.0611164033822427,0.051607971286913,1.0,,,0
5,0.1,8,1,5,three_white_soldiers,17,0.2130645553289201,0.0265914451780476,1.0,,,0
5,0.1,8,1,5,tweezer_bottom,3114,0.083921400779647,0.0094705444194594,1.0,-0.0213627483124989,0.0633850692657027,0
5,0.1,8,1,5,tweezer_top,3286,-0.0707618318708831,-0.0048526408665042,1.0,-0.0371698758041695,0.0662121433750134,0
5,0.1,8,1,15,bearish_engulfing,1553,-0.0914937375315154,-0.0190257130140468,1.0,-0.0738477376783385,0.1131628300837815,0
5,0.1,8,1,15,bearish_harami,638,-0.1899697477996623,-0.1265173689008688,1.0,-0.2265111950613301,0.2044658167665978,0
5,0.1,8,1,15,bearish_kicker,170,0.0153942221478105,0.0629367592885666,1.0,-0.1377357123186354,0.4202567722375538,0
5,0.1,8,1,15,bullish_engulfing,1466,0.1449382660120785,0.0352585780804166,1.0,-0.0249096211370403,0.1236231587373081,0
5,0.1,8,1,15,bullish_harami,603,0.07409289331882,0.0457094268504379,1.0,-0.061303355619977,0.2218413102931285,0
5,0.1,8,1,15,bullish_kicker,230,-0.0083599895028307,0.0238078368491225,1.0,-0.1176057221773178,0.2914979020276612,0
5,0.1,8,1,15,dark_cloud_cover,201,-0.0981665941089511,-0.0168773296567313,1.0,-0.1586005624780102,0.3051711998482569,0
5,0.1,8,1,15,dragonfly_doji,501,0.1218427807454513,0.1381185529673341,1.0,-0.0123937418691668,0.3104907616277312,0
5,0.1,8,1,15,evening_star,54,-0.1081740289413143,0.1021532086797805,1.0,-0.1398463144074584,0.5017543052762298,0
5,0.1,8,1,15,gravestone_doji,531,-0.0657172224093817,-0.0052568598425825,1.0,-0.1264802356054228,0.251336435164743,0
5,0.1,8,1,15,hammer,1480,0.0802656673826009,0.0633735124247859,1.0,-0.0207685032968325,0.1723339355416916,0
5,0.1,8,1,15,hanging_man,1673,-0.0498760957470978,0.0385751826767197,1.0,-0.0438645657566523,0.1705050385495866,0
5,0.1,8,1,15,inverted_hammer,1561,0.0252172381877309,-0.0114673256013387,1.0,-0.1030543236403947,0.1904775176324698,0
5,0.1,8,1,15,morning_star,52,-0.1173412417485705,-0.0759661457521596,1.0,-0.446029719170123,0.7548275498478887,0
5,0.1,8,1,15,piercing_line,183,-0.0457076791072262,-0.0281634738685634,1.0,-0.2082250543693634,0.3653001743499338,0
5,0.1,8,1,15,shooting_star,1553,-0.077829516732319,-0.0164235915051535,1.0,-0.0862896947032026,0.1469944312028351,0
5,0.1,8,1,15,three_black_crows,19,0.0611164033822427,0.0119974926208003,1.0,,,0
5,0.1,8,1,15,three_white_soldiers,17,0.2130645553289201,0.1463852777408744,1.0,,,0
5,0.1,8,1,15,tweezer_bottom,3114,0.083921400779647,0.0550464862330161,0.215978402159784,0.0157909570558033,0.0818102757513233,0
5,0.1,8,1,15,tweezer_top,3286,-0.0707618318708831,-0.0064978628660451,1.0,-0.0477288813740224,0.0872094650723062,0
5,0.1,8,1,30,bearish_engulfing,1553,-0.0914937375315154,0.008442047581533,1.0,-0.0558301124455295,0.133016401346666,0
5,0.1,8,1,30,bearish_harami,638,-0.1899697477996623,-0.0465629554182298,1.0,-0.157491975379102,0.2249513374705578,0
5,0.1,8,1,30,bearish_kicker,170,0.0153942221478105,0.1751783717572577,1.0,-0.0205181445725835,0.4138047356026145,0
5,0.1,8,1,30,bullish_engulfing,1466,0.1449382660120785,0.0934851062778161,0.203979602039796,0.0222147727125887,0.1467071879216172,0
5,0.1,8,1,30,bullish_harami,603,0.07409289331882,0.1020292002835076,1.0,-0.0209268627450622,0.2587641097863423,0
5,0.1,8,1,30,bullish_kicker,230,-0.0083599895028307,0.0457865608819139,1.0,-0.1312078684071739,0.3664512297459405,0
5,0.1,8,1,30,dark_cloud_cover,201,-0.0981665941089511,-0.0317939995576488,1.0,-0.2256218265974449,0.4166856047218374,0
5,0.1,8,1,30,dragonfly_doji,501,0.1218427807454513,0.1411928960040887,1.0,0.0014898164651429,0.2993420310274234,0
5,0.1,8,1,30,evening_star,54,-0.1081740289413143,-0.1915281109224138,1.0,-0.5534738288454057,0.7652222712216543,0
5,0.1,8,1,30,gravestone_doji,531,-0.0657172224093817,-0.0440736878524462,1.0,-0.1797833991313706,0.2799684566431429,0
5,0.1,8,1,30,hammer,1480,0.0802656673826009,0.0899197337902974,1.0,0.0070869860127891,0.1761091598387663,0
5,0.1,8,1,30,hanging_man,1673,-0.0498760957470978,-0.0137483423494771,1.0,-0.1022408692398207,0.1830875168415491,0
5,0.1,8,1,30,inverted_hammer,1561,0.0252172381877309,-0.0216693210293821,1.0,-0.1091975901835829,0.182688787854043,0
5,0.1,8,1,30,morning_star,52,-0.1173412417485705,-0.1725554211069758,1.0,-0.5706399005681985,0.8306916916861933,0
5,0.1,8,1,30,piercing_line,183,-0.0457076791072262,-0.1160821426149988,1.0,-0.3017122340495622,0.3850628774506711,0
5,0.1,8,1,30,shooting_star,1553,-0.077829516732319,-0.0059359100746928,1.0,-0.0807031209532897,0.1549637193005222,0
5,0.1,8,1,30,three_black_crows,19,0.0611164033822427,-0.1065746830142817,1.0,,,0
5,0.1,8,1,30,three_white_soldiers,17,0.2130645553289201,0.2076209478982419,1.0,,,0
5,0.1,8,1,30,tweezer_bottom,3114,0.083921400779647,0.0455433041426769,1.0,-0.0013614787474959,0.0987910782841751,0
5,0.1,8,1,30,tweezer_top,3286,-0.0707618318708831,0.0109941473249369,1.0,-0.0380055732927663,0.1033292968187582,0
5,0.1,8,6,30,bearish_engulfing,1553,-0.0914937375315154,0.0195923833870422,1.0,-0.0403527637001941,0.1239091343435708,0
5,0.1,8,6,30,bearish_harami,638,-0.1899697477996623,0.0108027251421698,1.0,-0.0895937204455047,0.2116713472527034,0
5,0.1,8,6,30,bearish_kicker,170,0.0153942221478105,0.1813154586077491,1.0,-0.0538847704673211,0.4780065802020246,0
5,0.1,8,6,30,bullish_engulfing,1466,0.1449382660120785,0.1027386623169679,0.173982601739826,0.0287114381093127,0.1526065391436771,0
5,0.1,8,6,30,bullish_harami,603,0.07409289331882,0.0643798911437271,1.0,-0.0760915615319591,0.2969481397900946,0
5,0.1,8,6,30,bullish_kicker,230,-0.0083599895028307,0.0095459307614074,1.0,-0.1794491721600377,0.3767775799994884,0
5,0.1,8,6,30,dark_cloud_cover,201,-0.0981665941089511,-0.0696077798783105,1.0,-0.2551740930742828,0.3821525612579967,0
5,0.1,8,6,30,dragonfly_doji,501,0.1218427807454513,0.0476191858452005,1.0,-0.1074625655632094,0.3290792570688329,0
5,0.1,8,6,30,evening_star,54,-0.1081740289413143,-0.1006986728321089,1.0,-0.4696579818302329,0.7672059960771838,0
5,0.1,8,6,30,gravestone_doji,531,-0.0657172224093817,-0.0101836124438786,1.0,-0.1302428934594013,0.2480840686341845,0
5,0.1,8,6,30,hammer,1480,0.0802656673826009,0.0711436633113968,1.0,-0.0126762025628401,0.1761145590423219,0
5,0.1,8,6,30,hanging_man,1673,-0.0498760957470978,0.0010153649708167,1.0,-0.092833115523545,0.1942303861881018,0
5,0.1,8,6,30,inverted_hammer,1561,0.0252172381877309,0.0153290904452091,1.0,-0.0652728023120997,0.1648650636221408,0
5,0.1,8,6,30,morning_star,52,-0.1173412417485705,-0.0792946962512955,1.0,-0.5283435388608005,0.9529149686197904,0
5,0.1,8,6,30,piercing_line,183,-0.0457076791072262,-0.1580287158156659,1.0,-0.342038168583692,0.3768368845018524,0
5,0.1,8,6,30,shooting_star,1553,-0.077829516732319,0.0042118729752827,1.0,-0.0732643114418312,0.1569335685947423,0
5,0.1,8,6,30,three_black_crows,19,0.0611164033822427,-0.0585030278903097,1.0,,,0
5,0.1,8,6,30,three_white_soldiers,17,0.2130645553289201,0.2860718046277625,1.0,,,0
5,0.1,8,6,30,tweezer_bottom,3114,0.083921400779647,0.0541172855663001,0.5335466453354665,0.0092251131117994,0.0929323906158463,0
5,0.1,8,6,30,tweezer_top,3286,-0.0707618318708831,0.0116897680648019,1.0,-0.0349667173079281,0.0972903415764171,0
5,0.1,8,11,30,bearish_engulfing,1553,-0.0914937375315154,0.0221472069482005,1.0,-0.0443868634008548,0.1364395098523877,0
5,0.1,8,11,30,bearish_harami,638,-0.1899697477996623,-0.0776386068682008,1.0,-0.1900337809985929,0.2317072172769029,0
5,0.1,8,11,30,bearish_kicker,170,0.0153942221478105,0.053493104145386,1.0,-0.1859444851602119,0.4957022766812167,0
5,0.1,8,11,30,bullish_engulfing,1466,0.1449382660120785,0.0963126003113943,0.317968203179682,0.0226339650454195,0.1528855483720098,0
5,0.1,8,11,30,bullish_harami,603,0.07409289331882,0.0470888119513534,1.0,-0.0965088005773009,0.3044354006062351,0
5,0.1,8,11,30,bullish_kicker,230,-0.0083599895028307,0.0184743507204041,1.0,-0.1980788268501968,0.4359143463290348,0
5,0.1,8,11,30,dark_cloud_cover,201,-0.0981665941089511,-0.1907902055287731,1.0,-0.3871786542809275,0.4101901368998015,0
5,0.1,8,11,30,dragonfly_doji,501,0.1218427807454513,0.0742178855960669,1.0,-0.0854405287351053,0.3343519310152024,0
5,0.1,8,11,30,evening_star,54,-0.1081740289413143,-0.1374539302016239,1.0,-0.5279421788751723,0.8261388411960647,0
5,0.1,8,11,30,gravestone_doji,531,-0.0657172224093817,-0.0569850685767455,1.0,-0.2076009897010038,0.3028724440599338,0
5,0.1,8,11,30,hammer,1480,0.0802656673826009,0.0814353662160478,1.0,0.0026812158143516,0.1668064218644065,0
5,0.1,8,11,30,hanging_man,1673,-0.0498760957470978,0.0217477273559238,1.0,-0.0747211752743558,0.2043990496609297,0
5,0.1,8,11,30,inverted_hammer,1561,0.0252172381877309,0.012318245207124,1.0,-0.0780112633118401,0.1904735475842986,0
5,0.1,8,11,30,morning_star,52,-0.1173412417485705,-0.0529491714879211,1.0,-0.5601003236778545,1.050160021490432,0
5,0.1,8,11,30,piercing_line,183,-0.0457076791072262,-0.1862624868473177,1.0,-0.4137580776504944,0.4645166502050153,0
5,0.1,8,11,30,shooting_star,1553,-0.077829516732319,-0.0116485490682954,1.0,-0.0948069007174451,0.1694290456698621,0
5,0.1,8,11,30,three_black_crows,19,0.0611164033822427,-0.064222184412665,1.0,,,0
5,0.1,8,11,30,three_white_soldiers,17,0.2130645553289201,0.2800322021926857,1.0,,,0
5,0.1,8,11,30,tweezer_bottom,3114,0.083921400779647,0.0550553860000181,0.956904309569043,0.0041432776131895,0.1050844229861792,0
5,0.1,8,11,30,tweezer_top,3286,-0.0707618318708831,0.0186021771566627,1.0,-0.0249558434335868,0.0909757680266252,0
5,0.1,9,1,5,bearish_engulfing,1575,-0.1159329815700693,-0.00792052343591,1.0,-0.0537970636023694,0.0972155449025916,0
5,0.1,9,1,5,bearish_harami,668,-0.0643817443232571,0.0268776536889559,1.0,-0.0554323622997925,0.1761473563961833,0
5,0.1,9,1,5,bearish_kicker,189,-0.101544405320991,-0.0373657782638351,1.0,-0.2002683993666713,0.3455538692971813,0
5,0.1,9,1,5,bullish_engulfing,1453,0.199095266751176,0.1289043799384718,0.0083991600839916,0.0796269897641063,0.1023667831543233,1
5,0.1,9,1,5,bullish_harami,602,0.002506705770478,0.0165631363381608,1.0,-0.0805181948972674,0.208498289780655,0
5,0.1,9,1,5,bullish_kicker,200,-0.0677811837044218,-0.0946121535589612,1.0,-0.2185627677347255,0.2605613427844047,0
5,0.1,9,1,5,dark_cloud_cover,202,-0.0359152217309437,-0.0079100427482001,1.0,-0.1341047735316309,0.2664492333453198,0
5,0.1,9,1,5,dragonfly_doji,456,0.2082555139822694,0.0218286927535957,1.0,-0.1120994199075908,0.2701467076409863,0
5,0.1,9,1,5,evening_star,54,-0.1053993391094312,0.0617919009829229,1.0,-0.2101231901408386,0.55319841528914,0
5,0.1,9,1,5,gravestone_doji,459,-0.046615668151038,0.0776603666134705,1.0,-0.042232697058332,0.2453219862898496,0
5,0.1,9,1,5,hammer,1515,0.08003965248441,0.030706315629776,1.0,-0.0295436740481018,0.1252411090119971,0
5,0.1,9,1,5,hanging_man,1705,-0.1067424180089983,-0.0228305463710874,1.0,-0.0888324751846726,0.1385845707569789,0
5,0.1,9,1,5,inverted_hammer,1618,0.0404887363862623,-0.081675263952053,1.0,-0.1552011439053363,0.152462851322956,0
5,0.1,9,1,5,morning_star,53,0.2016432555919591,-0.031183893740949,1.0,-0.2198514777747562,0.3661933899737484,0
5,0.1,9,1,5,piercing_line,168,-0.1249911595537194,-0.1297591484708656,1.0,-0.2800471462798384,0.3011257522548232,0
5,0.1,9,1,5,shooting_star,1596,-0.112198427370273,-0.0431962817084407,1.0,-0.1011804786892196,0.120237355078073,0
5,0.1,9,1,5,three_black_crows,20,0.1420967422978456,-0.066130969824017,1.0,,,0
5,0.1,9,1,5,three_white_soldiers,28,0.1099872455547823,-0.1076611864580405,1.0,,,0
5,0.1,9,1,5,tweezer_bottom,3053,0.0541532758816719,0.001221032814621,1.0,-0.0336979373344389,0.074336394315431,0
5,0.1,9,1,5,tweezer_top,3287,-0.0717363410815693,0.0180631492163435,1.0,-0.0103844617784578,0.0591327170403883,0
5,0.1,9,1,15,bearish_engulfing,1575,-0.1159329815700693,-0.039374930627773,1.0,-0.0977454412579421,0.1227084709764859,0
5,0.1,9,1,15,bearish_harami,668,-0.0643817443232571,0.0016380091596044,1.0,-0.0972518822634435,0.2068478154038142,0
5,0.1,9,1,15,bearish_kicker,189,-0.101544405320991,0.0570888485224773,1.0,-0.124540359738714,0.3786309754936543,0
5,0.1,9,1,15,bullish_engulfing,1453,0.199095266751176,0.1397556745204153,0.0083991600839916,0.0799270231396028,0.1229049280999583,1
5,0.1,9,1,15,bullish_harami,602,0.002506705770478,0.0272404145473425,1.0,-0.0867037467106635,0.2427653567861535,0
5,0.1,9,1,15,bullish_kicker,200,-0.0677811837044218,-0.0059388854192395,1.0,-0.1578242291498956,0.3183519729619515,0
5,0.1,9,1,15,dark_cloud_cover,202,-0.0359152217309437,0.0790857950183355,1.0,-0.0959162386242016,0.372771531704176,0
5,0.1,9,1,15,dragonfly_doji,456,0.2082555139822694,0.0942042957161089,1.0,-0.0566218931019488,0.3112169440598347,0
5,0.1,9,1,15,evening_star,54,-0.1053993391094312,0.062442642968202,1.0,-0.2821688958069843,0.7218166018840471,0
5,0.1,9,1,15,gravestone_doji,459,-0.046615668151038,0.0354732030146962,1.0,-0.1135903740108147,0.3055448131925016,0
5,0.1,9,1,15,hammer,1515,0.08003965248441,0.0266474098987734,1.0,-0.0492129116361759,0.158593289343794,0
5,0.1,9,1,15,hanging_man,1705,-0.1067424180089983,-0.0044605652116057,1.0,-0.0882786115465037,0.1744461881865054,0
5,0.1,9,1,15,inverted_hammer,1618,0.0404887363862623,-0.0225882197884728,1.0,-0.0997755722622583,0.1588912290175571,0
5,0.1,9,1,15,morning_star,53,0.2016432555919591,0.1076438482899655,1.0,-0.1513069235274468,0.5853584771239659,0
5,0.1,9,1,15,piercing_line,168,-0.1249911595537194,-0.0776601416662411,1.0,-0.2679038873543786,0.4015572781351693,0
5,0.1,9,1,15,shooting_star,1596,-0.112198427370273,-0.0395385846797302,1.0,-0.1166549094154279,0.1606895536961307,0
5,0.1,9,1,15,three_black_crows,20,0.1420967422978456,0.1563114093550846,1.0,,,0
5,0.1,9,1,15,three_white_soldiers,28,0.1099872455547823,-0.0117385541558716,1.0,,,0
5,0.1,9,1,15,tweezer_bottom,3053,0.0541532758816719,0.0188999379241799,1.0,-0.0221867803246535,0.0862137801221076,0
5,0.1,9,1,15,tweezer_top,3287,-0.0717363410815693,0.0297509594208697,1.0,-0.007706677651425,0.0765081523580625,0
5,0.1,9,1,30,bearish_engulfing,1575,-0.1159329815700693,-0.0263956181947058,1.0,-0.0837201808791057,0.1204085211965062,0
5,0.1,9,1,30,bearish_harami,668,-0.0643817443232571,0.0293836021684741,1.0,-0.0918542285762691,0.2489653959157193,0
5,0.1,9,1,30,bearish_kicker,189,-0.101544405320991,0.0696023486252988,1.0,-0.1482728456380251,0.4678481859640077,0
5,0.1,9,1,30,bullish_engulfing,1453,0.199095266751176,0.1431485191792312,0.0083991600839916,0.0737885570248203,0.1433400401789823,1
5,0.1,9,1,30,bullish_harami,602,0.002506705770478,-0.0630830893680347,1.0,-0.1734759541047513,0.2359880462425966,0
5,0.1,9,1,30,bullish_kicker,200,-0.0677811837044218,-0.1333589911692102,1.0,-0.3271462965512243,0.4063525281345118,0
5,0.1,9,1,30,dark_cloud_cover,202,-0.0359152217309437,0.0458897783767247,1.0,-0.1680204855643258,0.4387709897121481,0
5,0.1,9,1,30,dragonfly_doji,456,0.2082555139822694,0.0775718657342015,1.0,-0.0935687065385539,0.351326653582858,0
5,0.1,9,1,30,evening_star,54,-0.1053993391094312,0.0364484775485281,1.0,-0.3805755110991581,0.8650954644896008,0
5,0.1,9,1,30,gravestone_doji,459,-0.046615668151038,0.0699545682872057,1.0,-0.0770121596586456,0.2984974570637354,0
5,0.1,9,1,30,hammer,1515,0.08003965248441,-0.0183661242472299,1.0,-0.0964343097849304,0.1651185258095682,0
5,0.1,9,1,30,hanging_man,1705,-0.1067424180089983,-0.0332232036462894,1.0,-0.1111704989373651,0.1625433845870366,0
5,0.1,9,1,30,inverted_hammer,1618,0.0404887363862623,0.0286885478508013,1.0,-0.0502151672832147,0.1645222505178306,0
5,0.1,9,1,30,morning_star,53,0.2016432555919591,-0.0668215758822376,1.0,-0.399871240052734,0.722527161889988,0
5,0.1,9,1,30,piercing_line,168,-0.1249911595537194,-0.0947096803381093,1.0,-0.328477908541117,0.4903042351083821,0
5,0.1,9,1,30,shooting_star,1596,-0.112198427370273,-0.0025343010071974,1.0,-0.0702564881024131,0.1445170800136246,0
5,0.1,9,1,30,three_black_crows,20,0.1420967422978456,0.0027620115292443,1.0,,,0
5,0.1,9,1,30,three_white_soldiers,28,0.1099872455547823,0.058910221029536,1.0,,,0
5,0.1,9,1,30,tweezer_bottom,3053,0.0541532758816719,0.0080574317414094,1.0,-0.0390286189916202,0.1025465222880851,0
5,0.1,9,1,30,tweezer_top,3287,-0.0717363410815693,0.0274715598582822,1.0,-0.0140233201718054,0.0859456019118738,0
5,0.1,9,6,30,bearish_engulfing,1575,-0.1159329815700693,-0.0458407582420341,1.0,-0.1062957229203728,0.1265138576447143,0
5,0.1,9,6,30,bearish_harami,668,-0.0643817443232571,0.0302099742736531,1.0,-0.0948378032458584,0.2608389822253711,0
5,0.1,9,6,30,bearish_kicker,189,-0.101544405320991,0.0350174911168593,1.0,-0.1809180779474815,0.4562369602775132,0
5,0.1,9,6,30,bullish_engulfing,1453,0.199095266751176,0.1598478568072052,0.0083991600839916,0.087061619415707,0.1498774257598448,1
5,0.1,9,6,30,bullish_harami,602,0.002506705770478,-0.0277464939556132,1.0,-0.1562423811267571,0.2665267477789851,0
5,0.1,9,6,30,bullish_kicker,200,-0.0677811837044218,-0.0856425812279255,1.0,-0.2877309583646328,0.4261641701135186,0
5,0.1,9,6,30,dark_cloud_cover,202,-0.0359152217309437,0.1129368654014066,1.0,-0.1056794659036326,0.4556483829045586,0
5,0.1,9,6,30,dragonfly_doji,456,0.2082555139822694,0.1210295712931284,1.0,-0.0648062805908169,0.3820893602017709,0
5,0.1,9,6,30,evening_star,54,-0.1053993391094312,-0.0322032001220889,1.0,-0.4337759009341829,0.847405180144525,0
5,0.1,9,6,30,gravestone_doji,459,-0.046615668151038,0.0421322445705552,1.0,-0.0966852105748873,0.2858729664974132,0
5,0.1,9,6,30,hammer,1515,0.08003965248441,0.0048418774877789,1.0,-0.0829154374878688,0.1868157451816,0
5,0.1,9,6,30,hanging_man,1705,-0.1067424180089983,-0.0051813128491539,1.0,-0.0870630216171152,0.1679813864109508,0
5,0.1,9,6,30,inverted_hammer,1618,0.0404887363862623,0.0062226070277415,1.0,-0.0872833552605456,0.1969103689990244,0
5,0.1,9,6,30,morning_star,53,0.2016432555919591,0.0455814511427407,1.0,-0.3000555911727031,0.7580989871968177,0
5,0.1,9,6,30,piercing_line,168,-0.1249911595537194,-0.1433414027182264,1.0,-0.3824588593594878,0.5058760425942773,0
5,0.1,9,6,30,shooting_star,1596,-0.112198427370273,0.0232734909626394,1.0,-0.0487834248890145,0.1486989094299534,0
5,0.1,9,6,30,three_black_crows,20,0.1420967422978456,0.2045569920565232,1.0,,,0
5,0.1,9,6,30,three_white_soldiers,28,0.1099872455547823,0.1950703559032015,1.0,,,0
5,0.1,9,6,30,tweezer_bottom,3053,0.0541532758816719,0.0105264894185047,1.0,-0.0364330031850096,0.1020915096183284,0
5,0.1,9,6,30,tweezer_top,3287,-0.0717363410815693,0.0164614328524297,1.0,-0.0274891424663744,0.0894030877270294,0
5,0.1,9,11,30,bearish_engulfing,1575,-0.1159329815700693,-0.015646325218208,1.0,-0.079394694196403,0.134100237464738,0
5,0.1,9,11,30,bearish_harami,668,-0.0643817443232571,-0.0303885462150401,1.0,-0.162043667375531,0.276545309108066,0
5,0.1,9,11,30,bearish_kicker,189,-0.101544405320991,0.0320453489128306,1.0,-0.2003533939671227,0.4951370234284809,0
5,0.1,9,11,30,bullish_engulfing,1453,0.199095266751176,0.1627197230746097,0.0083991600839916,0.0913377033886276,0.1489008676322763,1
5,0.1,9,11,30,bullish_harami,602,0.002506705770478,0.0298249062312381,1.0,-0.1066523822328199,0.2761129539744523,0
5,0.1,9,11,30,bullish_kicker,200,-0.0677811837044218,-0.1151666079465344,1.0,-0.3624596991076813,0.5184535050900146,0
5,0.1,9,11,30,dark_cloud_cover,202,-0.0359152217309437,0.0791182169035489,1.0,-0.1747495443842715,0.525923822274703,0
5,0.1,9,11,30,dragonfly_doji,456,0.2082555139822694,0.2081799725342576,0.7903209679032097,0.0092767041382268,0.4034431709002002,0
5,0.1,9,11,30,evening_star,54,-0.1053993391094312,-0.0993657512095881,1.0,-0.5427596167287035,0.9169033483280729,0
5,0.1,9,11,30,gravestone_doji,459,-0.046615668151038,0.0352260867992474,1.0,-0.1184353982493545,0.3194256983468712,0
5,0.1,9,11,30,hammer,1515,0.08003965248441,-0.0203620582591559,1.0,-0.1108663484754961,0.1944125571931466,0
5,0.1,9,11,30,hanging_man,1705,-0.1067424180089983,-0.0097086642007727,1.0,-0.092849915254752,0.1676748721239176,0
5,0.1,9,11,30,inverted_hammer,1618,0.0404887363862623,-0.03596932470911,1.0,-0.1228165056133061,0.1838100463028205,0
5,0.1,9,11,30,morning_star,53,0.2016432555919591,0.2109351189085198,1.0,-0.1831002524567505,0.835051884405115,0
5,0.1,9,11,30,piercing_line,168,-0.1249911595537194,-0.2361527240254967,1.0,-0.4842719364610179,0.5331126043825347,0
5,0.1,9,11,30,shooting_star,1596,-0.112198427370273,0.0569664626703099,1.0,-0.0145348733116292,0.1484477674830722,0
5,0.1,9,11,30,three_black_crows,20,0.1420967422978456,0.1109036237752905,1.0,,,0
5,0.1,9,11,30,three_white_soldiers,28,0.1099872455547823,0.1383897082443854,1.0,,,0
5,0.1,9,11,30,tweezer_bottom,3053,0.0541532758816719,0.0136511303596608,1.0,-0.0293303879001928,0.0909298018213651,0
5,0.1,9,11,30,tweezer_top,3287,-0.0717363410815693,0.0316310074672901,1.0,-0.0095905294349669,0.0837185874943381,0
5,0.1,10,1,5,bearish_engulfing,1511,-0.1244314419045851,0.0029859536342476,1.0,-0.0435126716651128,0.0960734219514772,0
5,0.1,10,1,5,bearish_harami,597,-0.1030641670581303,0.0156649276209365,1.0,-0.0704671332864396,0.1765427166213591,0
5,0.1,10,1,5,bearish_kicker,185,-0.231482530212751,-0.0590027455573187,1.0,-0.2178336818829147,0.323200170510766,0
5,0.1,10,1,5,bullish_engulfing,1376,0.1696436489957054,0.0559848147145798,1.0,0.0009132023443483,0.1135886309925465,0
5,0.1,10,1,5,bullish_harami,583,-0.014885144789319,-0.0717397580798307,1.0,-0.1791934673595326,0.2188419867100937,0
5,0.1,10,1,5,bullish_kicker,170,0.0133462338417815,0.1700509547395437,1.0,-0.0218476427505775,0.411278169322971,0
5,0.1,10,1,5,dark_cloud_cover,232,-0.0482448740474958,-0.0031613723869447,1.0,-0.1312277238360266,0.2599568011231039,0
5,0.1,10,1,5,dragonfly_doji,470,-0.0256362661731548,-0.0149949326324202,1.0,-0.1297184149226166,0.246928768670538,0
5,0.1,10,1,5,evening_star,42,-0.2872192842205469,-0.2353347847086463,1.0,-0.4098110706654878,0.3493132323116286,0
5,0.1,10,1,5,gravestone_doji,461,-0.0967555417809493,-0.0086955795152578,1.0,-0.1143654621847037,0.2184213688457221,0
5,0.1,10,1,5,hammer,1518,0.0671702299936803,0.0029530085188433,1.0,-0.0615846188113954,0.1368285092788223,0
5,0.1,10,1,5,hanging_man,1672,-0.0668069480603886,-0.0797048830072649,1.0,-0.1488016453735711,0.147489320217863,0
5,0.1,10,1,5,inverted_hammer,1590,0.0450990818950416,0.0084474360626196,1.0,-0.0639327054268941,0.1481262320114085,0
5,0.1,10,1,5,morning_star,58,0.3437532862571374,0.1138113204205217,1.0,-0.1283339220509043,0.5023055911412887,0
5,0.1,10,1,5,piercing_line,226,0.03615179174541,0.0017090832180668,1.0,-0.1263395981806524,0.266496520744678,0
5,0.1,10,1,5,shooting_star,1657,-0.0844543973006172,-0.0302733162202495,1.0,-0.0926655247948596,0.1312470348156323,0
5,0.1,10,1,5,three_black_crows,26,-0.144825411783634,-0.1150736974429502,1.0,,,0
5,0.1,10,1,5,three_white_soldiers,19,-0.0859850954539769,-0.0986503264756895,1.0,,,0
5,0.1,10,1,5,tweezer_bottom,3143,0.0430693777834159,0.0070902678514541,1.0,-0.0284472508339155,0.0740117161015369,0
5,0.1,10,1,5,tweezer_top,3279,-0.0652404977755343,0.0132966985197848,1.0,-0.0178641357803888,0.0651831933782334,0
5,0.1,10,1,15,bearish_engulfing,1511,-0.1244314419045851,-0.0763482530547253,1.0,-0.1277368505835222,0.1090974151139532,0
5,0.1,10,1,15,bearish_harami,597,-0.1030641670581303,0.025313664468242,1.0,-0.0919048333421485,0.2335214256963552,0
5,0.1,10,1,15,bearish_kicker,185,-0.231482530212751,-0.0640663566321154,1.0,-0.2419118025757065,0.366997308663135,0
5,0.1,10,1,15,bullish_engulfing,1376,0.1696436489957054,0.1525511467959827,0.0083991600839916,0.0979795703010904,0.1152826053201396,1
5,0.1,10,1,15,bullish_harami,583,-0.014885144789319,-0.0793635322013603,1.0,-0.1892385154788806,0.2251360468627406,0
5,0.1,10,1,15,bullish_kicker,170,0.0133462338417815,-0.0167734860749039,1.0,-0.2187990504714925,0.433425412885047,0
5,0.1,10,1,15,dark_cloud_cover,232,-0.0482448740474958,-0.0413714612441106,1.0,-0.2147938761745775,0.3465251982795865,0
5,0.1,10,1,15,dragonfly_doji,470,-0.0256362661731548,0.0856892774722816,1.0,-0.0730391215401768,0.3254458155878704,0
5,0.1,10,1,15,evening_star,42,-0.2872192842205469,-0.2623679939785626,1.0,-0.5288844711351118,0.5186417046491403,0
5,0.1,10,1,15,gravestone_doji,461,-0.0967555417809493,0.0128016639865616,1.0,-0.1165559483557181,0.2683280262323785,0
5,0.1,10,1,15,hammer,1518,0.0671702299936803,0.0433957336631944,1.0,-0.0219630854435115,0.1356819820893593,0
5,0.1,10,1,15,hanging_man,1672,-0.0668069480603886,-0.0387467164468593,1.0,-0.1253563026654182,0.186712489766691,0
5,0.1,10,1,15,inverted_hammer,1590,0.0450990818950416,0.0119601992224601,1.0,-0.0718049950240321,0.1730208156356039,0
5,0.1,10,1,15,morning_star,58,0.3437532862571374,0.2080154390557116,1.0,-0.1068256992910805,0.6612798049577011,0
5,0.1,10,1,15,piercing_line,226,0.03615179174541,-0.0570256100196884,1.0,-0.2358635450521946,0.371191675743235,0
5,0.1,10,1,15,shooting_star,1657,-0.0844543973006172,-0.0449677032614403,1.0,-0.1113987357167785,0.1391818625352814,0
5,0.1,10,1,15,three_black_crows,26,-0.144825411783634,-0.2526389463365104,1.0,,,0
5,0.1,10,1,15,three_white_soldiers,19,-0.0859850954539769,-0.0126121005777763,1.0,,,0
5,0.1,10,1,15,tweezer_bottom,3143,0.0430693777834159,-0.0052974809047831,1.0,-0.0479594040395012,0.0887241895706153,0
5,0.1,10,1,15,tweezer_top,3279,-0.0652404977755343,-0.0121415327488019,1.0,-0.0491950022823295,0.0776483135443242,0
5,0.1,10,1,30,bearish_engulfing,1511,-0.1244314419045851,-0.1013800407610232,1.0,-0.1684110097690057,0.1406990679286343,0
5,0.1,10,1,30,bearish_harami,597,-0.1030641670581303,-0.0593944594642309,1.0,-0.1779498872780645,0.2375541439120853,0
5,0.1,10,1,30,bearish_kicker,185,-0.231482530212751,-0.0401695995719834,1.0,-0.2399450268458379,0.4149734601922031,0
5,0.1,10,1,30,bullish_engulfing,1376,0.1696436489957054,0.1583235071302106,0.0083991600839916,0.0894415872634371,0.1407609971655398,1
5,0.1,10,1,30,bullish_harami,583,-0.014885144789319,-0.0606901168356722,1.0,-0.1762483714865394,0.2430531629742481,0
5,0.1,10,1,30,bullish_kicker,170,0.0133462338417815,-0.0678879860335803,1.0,-0.3071936119686277,0.4944503817698664,0
5,0.1,10,1,30,dark_cloud_cover,232,-0.0482448740474958,0.0394393646287427,1.0,-0.1404365401230725,0.3817424165317449,0
5,0.1,10,1,30,dragonfly_doji,470,-0.0256362661731548,-0.0335410944246811,1.0,-0.1836028865848008,0.3106864326603364,0
5,0.1,10,1,30,evening_star,42,-0.2872192842205469,-0.1641728218585121,1.0,-0.5026026729731191,0.661144611932865,0
5,0.1,10,1,30,gravestone_doji,461,-0.0967555417809493,-0.0103241226659894,1.0,-0.1462789077719022,0.2863076538663107,0
5,0.1,10,1,30,hammer,1518,0.0671702299936803,0.0415204582889949,1.0,-0.0335007715302092,0.1534788880639987,0
5,0.1,10,1,30,hanging_man,1672,-0.0668069480603886,-0.0221858612203608,1.0,-0.1074539511422666,0.176727304002029,0
5,0.1,10,1,30,inverted_hammer,1590,0.0450990818950416,-0.0351089543438746,1.0,-0.1244641947787089,0.1825127870539191,0
5,0.1,10,1,30,morning_star,58,0.3437532862571374,0.3009195051767538,1.0,-0.0248450776594788,0.6803403983716909,0
5,0.1,10,1,30,piercing_line,226,0.03615179174541,0.1457089959666529,1.0,-0.0254420627912084,0.3590421482938316,0
5,0.1,10,1,30,shooting_star,1657,-0.0844543973006172,-0.0382732821815496,1.0,-0.1145350598296279,0.1577217606207876,0
5,0.1,10,1,30,three_black_crows,26,-0.144825411783634,8.126599536265044e-05,1.0,,,0
5,0.1,10,1,30,three_white_soldiers,19,-0.0859850954539769,-0.0802876919610973,1.0,,,0
5,0.1,10,1,30,tweezer_bottom,3143,0.0430693777834159,0.0118367404147288,1.0,-0.0377418821463111,0.1030998450643676,0
5,0.1,10,1,30,tweezer_top,3279,-0.0652404977755343,-0.0546593434584436,1.0,-0.0975622816792015,0.0898693435106909,0
5,0.1,10,6,30,bearish_engulfing,1511,-0.1244314419045851,-0.0786712914766809,1.0,-0.1491769533095235,0.1465926095723953,0
5,0.1,10,6,30,bearish_harami,597,-0.1030641670581303,-0.0451141557174909,1.0,-0.1658495601467773,0.246355966653654,0
5,0.1,10,6,30,bearish_kicker,185,-0.231482530212751,-0.0783645490327414,1.0,-0.2811731178938494,0.419742724782385,0
5,0.1,10,6,30,bullish_engulfing,1376,0.1696436489957054,0.1645119894082572,0.0083991600839916,0.0941957789768569,0.1447473663157525,1
5,0.1,10,6,30,bullish_harami,583,-0.014885144789319,-0.0806462867100667,1.0,-0.1924835086279031,0.2321481544474935,0
5,0.1,10,6,30,bullish_kicker,170,0.0133462338417815,-0.1476351063732106,1.0,-0.4083565701594699,0.545851458995676,0
5,0.1,10,6,30,dark_cloud_cover,232,-0.0482448740474958,0.0469716914684359,1.0,-0.1465292752929562,0.3989805929807104,0
5,0.1,10,6,30,dragonfly_doji,470,-0.0256362661731548,0.0428067352304949,1.0,-0.0976429729741802,0.2926674990779346,0
5,0.1,10,6,30,evening_star,42,-0.2872192842205469,-0.2445751500291961,1.0,-0.6123332078359837,0.7678530927446174,0
5,0.1,10,6,30,gravestone_doji,461,-0.0967555417809493,-0.0422978167132033,1.0,-0.2010538927392691,0.3310767782249321,0
5,0.1,10,6,30,hammer,1518,0.0671702299936803,0.0542145271823838,1.0,-0.0271713693131644,0.1619716437828714,0
5,0.1,10,6,30,hanging_man,1672,-0.0668069480603886,0.0040490701127618,1.0,-0.0928782441475157,0.2009533596363394,0
5,0.1,10,6,30,inverted_hammer,1590,0.0450990818950416,0.007655618162392,1.0,-0.0876249815680198,0.1950296454900492,0
5,0.1,10,6,30,morning_star,58,0.3437532862571374,0.3307602778552705,1.0,-0.0086551182653613,0.7184157890471262,0
5,0.1,10,6,30,piercing_line,226,0.03615179174541,0.0570020930738249,1.0,-0.1179281091878904,0.3504804250105182,0
5,0.1,10,6,30,shooting_star,1657,-0.0844543973006172,-0.0418890841416968,1.0,-0.126351931124358,0.1793530466954338,0
5,0.1,10,6,30,three_black_crows,26,-0.144825411783634,0.0867723557504596,1.0,,,0
5,0.1,10,6,30,three_white_soldiers,19,-0.0859850954539769,-0.2020065474246271,1.0,,,0
5,0.1,10,6,30,tweezer_bottom,3143,0.0430693777834159,0.0128012196911797,1.0,-0.041442263555138,0.1130612411856044,0
5,0.1,10,6,30,tweezer_top,3279,-0.0652404977755343,-0.0522844105070876,1.0,-0.0956998188428338,0.0911739785248545,0
5,0.1,10,11,30,bearish_engulfing,1511,-0.1244314419045851,-0.0860350310070789,1.0,-0.1622262167144201,0.1603995158475393,0
5,0.1,10,11,30,bearish_harami,597,-0.1030641670581303,-0.0438231117945289,1.0,-0.1688024443854248,0.2566626542753399,0
5,0.1,10,11,30,bearish_kicker,185,-0.231482530212751,-0.0547372529511435,1.0,-0.27786616204479,0.4521697755126951,0
5,0.1,10,11,30,bullish_engulfing,1376,0.1696436489957054,0.1607420315392543,0.0083991600839916,0.080492835885771,0.1654701731775898,1
5,0.1,10,11,30,bullish_harami,583,-0.014885144789319,-0.0173461509908512,1.0,-0.1449447294904203,0.2727320356688453,0
5,0.1,10,11,30,bullish_kicker,170,0.0133462338417815,-0.0285867584227985,1.0,-0.3106530502427484,0.5823339980549537,0
5,0.1,10,11,30,dark_cloud_cover,232,-0.0482448740474958,0.0538772967219424,1.0,-0.1416847739588434,0.4133540110675938,0
5,0.1,10,11,30,dragonfly_doji,470,-0.0256362661731548,-0.0063218929072577,1.0,-0.1425059302323737,0.2834628331105218,0
5,0.1,10,11,30,evening_star,42,-0.2872192842205469,-0.2246405122869843,1.0,-0.638351949187572,0.8594674365893806,0
5,0.1,10,11,30,gravestone_doji,461,-0.0967555417809493,-0.0318871791468004,1.0,-0.1854392668295897,0.3223295654031336,0
5,0.1,10,11,30,hammer,1518,0.0671702299936803,0.0882447186770859,0.8649135086491351,0.0024284889410327,0.1752123693664241,0
5,0.1,10,11,30,hanging_man,1672,-0.0668069480603886,-0.004610405930419,1.0,-0.1034937430344957,0.2082481560466945,0
5,0.1,10,11,30,inverted_hammer,1590,0.0450990818950416,-0.0210588485339148,1.0,-0.1166474894043453,0.1989533904353836,0
5,0.1,10,11,30,morning_star,58,0.3437532862571374,0.1208485441109144,1.0,-0.2385189245448885,0.7684497024963391,0
5,0.1,10,11,30,piercing_line,226,0.03615179174541,0.1127642518252639,1.0,-0.0718729952289017,0.3887584977014008,0
5,0.1,10,11,30,shooting_star,1657,-0.0844543973006172,-0.0118298127961158,1.0,-0.0982304520143661,0.180268099108779,0
5,0.1,10,11,30,three_black_crows,26,-0.144825411783634,0.0868279918403261,1.0,,,0
5,0.1,10,11,30,three_white_soldiers,19,-0.0859850954539769,-0.2435002966032305,1.0,,,0
5,0.1,10,11,30,tweezer_bottom,3143,0.0430693777834159,0.0176271743982886,1.0,-0.0388094998467081,0.1175654711134117,0
5,0.1,10,11,30,tweezer_top,3279,-0.0652404977755343,-0.0486952507867309,1.0,-0.0932754147991012,0.0936120851530565,0
5,0.1,11,1,5,bearish_engulfing,1565,-0.094026356037079,0.0009921596733002,1.0,-0.0469420450676445,0.1013771944644552,0
5,0.1,11,1,5,bearish_harami,715,-0.1015566464484951,-0.0075912306452873,1.0,-0.0920988675978261,0.1825942327440732,0
5,0.1,11,1,5,bearish_kicker,185,-0.1704651139293904,-0.0053375152317967,1.0,-0.1588743207414372,0.3191550939191219,0
5,0.1,11,1,5,bullish_engulfing,1527,0.1740889924477022,0.0397376868504049,1.0,-0.0177843614912845,0.1224204909133479,0
5,0.1,11,1,5,bullish_harami,624,0.0772713681459923,-0.0109093826100108,1.0,-0.0933093414780043,0.1724559410474931,0
5,0.1,11,1,5,bullish_kicker,211,0.2311741944473833,0.0698847372138855,1.0,-0.068965230922244,0.2888287995258284,0
5,0.1,11,1,5,dark_cloud_cover,181,-0.1506332247826161,-0.1028711095047009,1.0,-0.2568993230087405,0.3170634664819078,0
5,0.1,11,1,5,dragonfly_doji,463,0.1708202621366737,0.221479357030281,0.023997600239976,0.1079233948760624,0.2473702884092949,1
5,0.1,11,1,5,evening_star,52,0.1656951381369321,0.2434055835589622,1.0,0.0185294653844669,0.4888501264435032,0
5,0.1,11,1,5,gravestone_doji,515,-0.0466230724773481,0.05703741400404,1.0,-0.059825472992426,0.2471983721541278,0
5,0.1,11,1,5,hammer,1415,0.0996218642491558,0.026162954753747,1.0,-0.047002244739901,0.1499881726551351,0
5,0.1,11,1,5,hanging_man,1680,-0.0717070100836003,0.0343926415795508,1.0,-0.0241474806148732,0.1199171167736473,0
5,0.1,11,1,5,inverted_hammer,1487,0.0893780065950176,0.0811185030420296,0.7951204879512049,0.0087431235425469,0.1497264451807609,0
5,0.1,11,1,5,morning_star,43,-0.0178982777714082,-0.0118340162882091,1.0,-0.2546826088132055,0.4670342329261392,0
5,0.1,11,1,5,piercing_line,176,0.0978680993862918,-0.0285167424813108,1.0,-0.1677357222607181,0.2945942537937894,0
5,0.1,11,1,5,shooting_star,1524,-0.0672549414244674,0.0095158377233214,1.0,-0.0504175597344942,0.1229141305207711,0
5,0.1,11,1,5,three_black_crows,20,-0.1047371637111131,0.090738292525142,1.0,,,0
5,0.1,11,1,5,three_white_soldiers,25,0.2729775885678162,0.1792923487703213,1.0,,,0
5,0.1,11,1,5,tweezer_bottom,3026,0.0834927427395554,0.019286904271002,1.0,-0.0110768418900258,0.0641553235341887,0
5,0.1,11,1,5,tweezer_top,3192,-0.0809700756592299,0.0106849070785691,1.0,-0.0260229205765559,0.0773499250660551,0
5,0.1,11,1,15,bearish_engulfing,1565,-0.094026356037079,0.0285796568197263,1.0,-0.0249834869714903,0.1120522373641933,0
5,0.1,11,1,15,bearish_harami,715,-0.1015566464484951,0.0134845637236847,1.0,-0.0828269854392726,0.2010892689100137,0
5,0.1,11,1,15,bearish_kicker,185,-0.1704651139293904,-0.0187377796130351,1.0,-0.2163701815272034,0.4137469121053438,0
5,0.1,11,1,15,bullish_engulfing,1527,0.1740889924477022,0.1232937960172646,0.0127987201279872,0.0567544971696492,0.1375853602243115,1
5,0.1,11,1,15,bullish_harami,624,0.0772713681459923,0.0477519959870106,1.0,-0.0657579773718967,0.2470236275515533,0
5,0.1,11,1,15,bullish_kicker,211,0.2311741944473833,0.0993104930253253,1.0,-0.0644307639043841,0.3415282028459649,0
5,0.1,11,1,15,dark_cloud_cover,181,-0.1506332247826161,-0.0955014056567794,1.0,-0.2862507129336963,0.3832714273462435,0
5,0.1,11,1,15,dragonfly_doji,463,0.1708202621366737,0.1605203359891047,1.0,-0.0012842088674131,0.3447261776196393,0
5,0.1,11,1,15,evening_star,52,0.1656951381369321,0.4066019354721537,0.4591540845915408,0.0995443236571007,0.6606577685227367,0
5,0.1,11,1,15,gravestone_doji,515,-0.0466230724773481,0.0343367893683461,1.0,-0.0987999049612782,0.286712401192325,0
5,0.1,11,1,15,hammer,1415,0.0996218642491558,0.098989447230669,0.620937906209379,0.0119911110936428,0.1777421845129081,0
5,0.1,11,1,15,hanging_man,1680,-0.0717070100836003,-0.0127793061455564,1.0,-0.0994160433695037,0.1813109372140771,0
5,0.1,11,1,15,inverted_hammer,1487,0.0893780065950176,0.0137715979863569,1.0,-0.0806467211955615,0.1968715501482999,0
5,0.1,11,1,15,morning_star,43,-0.0178982777714082,0.2087976646258893,1.0,-0.0609169028517436,0.5574608339589759,0
5,0.1,11,1,15,piercing_line,176,0.0978680993862918,0.1970292725962225,0.8099190080991902,0.0123718413631678,0.380194569621735,0
5,0.1,11,1,15,shooting_star,1524,-0.0672549414244674,0.0144949173462339,1.0,-0.0456596577178375,0.1287069178088316,0
5,0.1,11,1,15,three_black_crows,20,-0.1047371637111131,0.2084425162748457,1.0,,,0
5,0.1,11,1,15,three_white_soldiers,25,0.2729775885678162,0.1223388043643382,1.0,,,0
5,0.1,11,1,15,tweezer_bottom,3026,0.0834927427395554,0.0213572980088632,1.0,-0.0256626941747127,0.1001723290429688,0
5,0.1,11,1,15,tweezer_top,3192,-0.0809700756592299,0.0479545325167077,0.6343365663433657,0.0054698460675298,0.0885596141515226,0
5,0.1,11,1,30,bearish_engulfing,1565,-0.094026356037079,0.0250966310617406,1.0,-0.0377827076177149,0.1320317102387679,0
5,0.1,11,1,30,bearish_harami,715,-0.1015566464484951,0.0041165306649384,1.0,-0.0967889984519214,0.211349020847691,0
5,0.1,11,1,30,bearish_kicker,185,-0.1704651139293904,0.0191141787929016,1.0,-0.1691191264806197,0.3928563473414749,0
5,0.1,11,1,30,bullish_engulfing,1527,0.1740889924477022,0.1268076322292594,0.0127987201279872,0.0618296405832767,0.1369735526955477,1
5,0.1,11,1,30,bullish_harami,624,0.0772713681459923,0.0698278794005353,1.0,-0.0617791865160952,0.2743376320086916,0
5,0.1,11,1,30,bullish_kicker,211,0.2311741944473833,0.0702215968009552,1.0,-0.1357751649704116,0.423638932309349,0
5,0.1,11,1,30,dark_cloud_cover,181,-0.1506332247826161,-0.0281717166782201,1.0,-0.2229115419866207,0.4004391374213826,0
5,0.1,11,1,30,dragonfly_doji,463,0.1708202621366737,0.1022154050545751,1.0,-0.0426687965694993,0.3004141841028724,0
5,0.1,11,1,30,evening_star,52,0.1656951381369321,0.5507944435503596,0.0927907209279072,0.1946605437944324,0.7523612095561053,0
5,0.1,11,1,30,gravestone_doji,515,-0.0466230724773481,0.0209299190919001,1.0,-0.1160842701160599,0.2846040020322802,0
5,0.1,11,1,30,hammer,1415,0.0996218642491558,0.1023217396995539,0.8995100489951005,0.0031970109888243,0.2030704557087271,0
5,0.1,11,1,30,hanging_man,1680,-0.0717070100836003,0.08789131744424,0.8153184681531847,0.0049699851017984,0.1714019593213396,0
5,0.1,11,1,30,inverted_hammer,1487,0.0893780065950176,0.0081731063507392,1.0,-0.0814915734713724,0.1875702228816924,0
5,0.1,11,1,30,morning_star,43,-0.0178982777714082,0.206669931457386,1.0,-0.1122771083236155,0.6627133874651201,0
5,0.1,11,1,30,piercing_line,176,0.0978680993862918,0.1154975965818539,1.0,-0.1136075323386069,0.4607265798227931,0
5,0.1,11,1,30,shooting_star,1524,-0.0672549414244674,0.0239610564961217,1.0,-0.0506145834984689,0.154522239213444,0
5,0.1,11,1,30,three_black_crows,20,-0.1047371637111131,0.3045495595608478,1.0,,,0
5,0.1,11,1,30,three_white_soldiers,25,0.2729775885678162,0.2888269730472033,1.0,,,0
5,0.1,11,1,30,tweezer_bottom,3026,0.0834927427395554,0.0303917926747877,1.0,-0.0149234096504268,0.0929068040467235,0
5,0.1,11,1,30,tweezer_top,3192,-0.0809700756592299,-0.0142809976337875,1.0,-0.0635678088568605,0.1003235913491833,0
5,0.1,11,6,30,bearish_engulfing,1565,-0.094026356037079,-0.0002663705749501,1.0,-0.0756619187416617,0.1535290392617459,0
5,0.1,11,6,30,bearish_harami,715,-0.1015566464484951,-0.0545816882839659,1.0,-0.1681979954007626,0.2363550769595811,0
5,0.1,11,6,30,bearish_kicker,185,-0.1704651139293904,0.0156834662673111,1.0,-0.1757925430387584,0.4016905932224605,0
5,0.1,11,6,30,bullish_engulfing,1527,0.1740889924477022,0.1321430111996526,0.0191980801919808,0.0624251985565965,0.1475279439771785,1
5,0.1,11,6,30,bullish_harami,624,0.0772713681459923,0.0993001765451305,1.0,-0.0437757509814859,0.3024374453231154,0
5,0.1,11,6,30,bullish_kicker,211,0.2311741944473833,0.184277099388757,1.0,-0.0301238339321144,0.43989143996974,0
5,0.1,11,6,30,dark_cloud_cover,181,-0.1506332247826161,0.017216890200062,1.0,-0.1805810574482563,0.423002784670491,0
5,0.1,11,6,30,dragonfly_doji,463,0.1708202621366737,0.1780453129484112,1.0,0.0092385317752349,0.3621691983134826,0
5,0.1,11,6,30,evening_star,52,0.1656951381369321,0.3198294556827528,1.0,-0.0817979177572343,0.8489542607190532,0
5,0.1,11,6,30,gravestone_doji,515,-0.0466230724773481,0.0764756070297917,1.0,-0.0560627293954109,0.2794403490165205,0
5,0.1,11,6,30,hammer,1415,0.0996218642491558,0.1049707879045858,0.7451254874512548,0.0111416523740775,0.1953072059934312,0
5,0.1,11,6,30,hanging_man,1680,-0.0717070100836003,0.0317601931304135,1.0,-0.0631842437247331,0.1949044890633893,0
5,0.1,11,6,30,inverted_hammer,1487,0.0893780065950176,0.1209847338657049,0.1855814418558144,0.0336647440619015,0.1796036457954353,0
5,0.1,11,6,30,morning_star,43,-0.0178982777714082,0.133610325188851,1.0,-0.1654870547221714,0.6196059640602299,0
5,0.1,11,6,30,piercing_line,176,0.0978680993862918,0.0982698130560923,1.0,-0.1139080997140684,0.4390975490948201,0
5,0.1,11,6,30,shooting_star,1524,-0.0672549414244674,0.00414245303838,1.0,-0.0733488262935319,0.1620257703232553,0
5,0.1,11,6,30,three_black_crows,20,-0.1047371637111131,0.1695576866017997,1.0,,,0
5,0.1,11,6,30,three_white_soldiers,25,0.2729775885678162,0.3062834359992404,1.0,,,0
5,0.1,11,6,30,tweezer_bottom,3026,0.0834927427395554,0.0479279207041563,1.0,-0.0005199478518438,0.1013575795315721,0
5,0.1,11,6,30,tweezer_top,3192,-0.0809700756592299,0.0112829134739368,1.0,-0.0328237917856013,0.0920185914004939,0
5,0.1,11,11,30,bearish_engulfing,1565,-0.094026356037079,0.0151271279829057,1.0,-0.0475946428814588,0.1323809837375525,0
5,0.1,11,11,30,bearish_harami,715,-0.1015566464484951,-0.0183788963048623,1.0,-0.1352205868079319,0.2458191000861414,0
5,0.1,11,11,30,bearish_kicker,185,-0.1704651139293904,0.126445820964164,1.0,-0.0668797925251035,0.4064879293296941,0
5,0.1,11,11,30,bullish_engulfing,1527,0.1740889924477022,0.1356453121441697,0.0127987201279872,0.0623404766423215,0.1564838613689035,1
5,0.1,11,11,30,bullish_harami,624,0.0772713681459923,0.1334877054812193,1.0,0.0002753405053746,0.2846081605028547,0
5,0.1,11,11,30,bullish_kicker,211,0.2311741944473833,0.130432750087619,1.0,-0.0948634103507704,0.4738616751274951,0
5,0.1,11,11,30,dark_cloud_cover,181,-0.1506332247826161,0.0099271270473161,1.0,-0.1961733549987672,0.4254691062007523,0
5,0.1,11,11,30,dragonfly_doji,463,0.1708202621366737,0.0570909950886401,1.0,-0.115162527029233,0.3626163961166835,0
5,0.1,11,11,30,evening_star,52,0.1656951381369321,0.4365238650018455,0.9935006499350064,0.0325717871413373,0.8375533405246083,0
5,0.1,11,11,30,gravestone_doji,515,-0.0466230724773481,0.0121149908807711,1.0,-0.1276641260977936,0.2895544634823705,0
5,0.1,11,11,30,hammer,1415,0.0996218642491558,0.1112177534067975,0.8567143285671432,0.0095854992098975,0.2090049910224389,0
5,0.1,11,11,30,hanging_man,1680,-0.0717070100836003,0.0304414420042876,1.0,-0.073139900497243,0.2165183819966724,0
5,0.1,11,11,30,inverted_hammer,1487,0.0893780065950176,0.0571784878348424,1.0,-0.0327675658299171,0.1876287356011289,0
5,0.1,11,11,30,morning_star,43,-0.0178982777714082,0.1427732507977937,1.0,-0.1553875031771777,0.5739809416111652,0
5,0.1,11,11,30,piercing_line,176,0.0978680993862918,0.0280888995949845,1.0,-0.1872809936493666,0.466345027873886,0
5,0.1,11,11,30,shooting_star,1524,-0.0672549414244674,0.0072795016087282,1.0,-0.0763341941102329,0.1755116367507238,0
5,0.1,11,11,30,three_black_crows,20,-0.1047371637111131,0.147103485202085,1.0,,,0
5,0.1,11,11,30,three_white_soldiers,25,0.2729775885678162,0.3036049803026612,1.0,,,0
5,0.1,11,11,30,tweezer_bottom,3026,0.0834927427395554,0.0541228055057127,1.0,-0.0021121480500694,0.1164971070196529,0
5,0.1,11,11,30,tweezer_top,3192,-0.0809700756592299,-0.0190485820957955,1.0,-0.0648511902811542,0.0963914181230975,0
5,0.1,12,1,5,bearish_engulfing,1565,-0.0932406090439708,0.0125561174044078,1.0,-0.0309545052491808,0.0913322015697511,0
5,0.1,12,1,5,bearish_harami,743,-0.0509815562493855,0.0691862717425369,1.0,-0.0062103518574724,0.1604813014225208,0
5,0.1,12,1,5,bearish_kicker,165,-0.0395446662540796,-0.0919114704037794,1.0,-0.2607658511386884,0.3556236884087499,0
5,0.1,12,1,5,bullish_engulfing,1414,0.1216954646859689,0.0838571551728283,0.0335966403359664,0.0300993475839668,0.1108392805792297,1
5,0.1,12,1,5,bullish_harami,645,0.0077287250157877,-0.0409928779083984,1.0,-0.140777211667445,0.2021308770341038,0
5,0.1,12,1,5,bullish_kicker,212,-0.0195332892099598,-0.057723454165285,1.0,-0.1973400517616071,0.2936286249975732,0
5,0.1,12,1,5,dark_cloud_cover,193,-0.0729293978249491,-0.0411995368441233,1.0,-0.2015764783185011,0.3464995796574981,0
5,0.1,12,1,5,dragonfly_doji,745,-0.0088748840235002,-0.0079884273910226,1.0,-0.1014310137485238,0.1926405827235275,0
5,0.1,12,1,5,evening_star,65,-0.2454489583105693,-0.0230925606021391,1.0,-0.1720082934863559,0.3240733625510439,0
5,0.1,12,1,5,gravestone_doji,779,-0.0996692581822358,-0.0137068060752416,1.0,-0.0996770706539846,0.1793351146032362,0
5,0.1,12,1,5,hammer,1574,0.0365244137870135,0.014652667008456,1.0,-0.0420943486001114,0.1207327630043643,0
5,0.1,12,1,5,hanging_man,1831,-0.058257681322884,0.0641132583837887,1.0,-0.0096586766593194,0.1553544302139926,0
5,0.1,12,1,5,inverted_hammer,1824,0.036416850543076,0.0726039030521216,0.9195080491950806,0.0052917122664335,0.142879023602775,0
5,0.1,12,1,5,morning_star,44,-0.1432295392228585,0.0047885542494104,1.0,-0.2654436370215275,0.5473848077573313,0
5,0.1,12,1,5,piercing_line,200,0.2699299300474979,0.1705138183009179,0.2063793620637936,0.0396719809024657,0.2664651746095755,0
5,0.1,12,1,5,shooting_star,1730,-0.0292354089669538,0.0623880111871052,0.9195080491950806,0.0024251371013886,0.124189364254259,0
5,0.1,12,1,5,three_black_crows,27,0.0014888487609312,0.0675468816813383,1.0,,,0
5,0.1,12,1,5,three_white_soldiers,27,-0.1545315969060263,0.0360626781828649,1.0,,,0
5,0.1,12,1,5,tweezer_bottom,2834,0.0732255145923718,0.0558403369065465,0.18998100189981,0.0146970459205511,0.0868001677308237,0
5,0.1,12,1,5,tweezer_top,3013,-0.0301980591975974,0.0698591736750923,0.0115988401159884,0.0298707320615532,0.0824476428671014,1
5,0.1,12,1,15,bearish_engulfing,1565,-0.0932406090439708,0.0358034439230342,1.0,-0.0232669972595685,0.1239227427602925,0
5,0.1,12,1,15,bearish_harami,743,-0.0509815562493855,0.1325484332583562,0.1655834416558344,0.0400812012765918,0.1973426119047509,0
5,0.1,12,1,15,bearish_kicker,165,-0.0395446662540796,0.0357496009043591,1.0,-0.1442300501901603,0.3768456698682318,0
5,0.1,12,1,15,bullish_engulfing,1414,0.1216954646859689,0.0916255777217749,0.0755924407559244,0.0321142553850312,0.1220055455164934,0
5,0.1,12,1,15,bullish_harami,645,0.0077287250157877,-0.0664936064823631,1.0,-0.1639065948410942,0.2059113465083636,0
5,0.1,12,1,15,bullish_kicker,212,-0.0195332892099598,-0.0747677921278094,1.0,-0.2640535977114994,0.3787757101769901,0
5,0.1,12,1,15,dark_cloud_cover,193,-0.0729293978249491,0.0024139075206385,1.0,-0.1716279593968248,0.3590498790743291,0
5,0.1,12,1,15,dragonfly_doji,745,-0.0088748840235002,-0.0243012883683543,1.0,-0.1285747069103649,0.2126233180153408,0
5,0.1,12,1,15,evening_star,65,-0.2454489583105693,-0.1406596220821139,1.0,-0.4121459486078603,0.5801323111404646,0
5,0.1,12,1,15,gravestone_doji,779,-0.0996692581822358,0.0159304278230389,1.0,-0.0896358433863429,0.2177829425453173,0
5,0.1,12,1,15,hammer,1574,0.0365244137870135,0.0155443882585313,1.0,-0.0591732423877174,0.1563975353868597,0
5,0.1,12,1,15,hanging_man,1831,-0.058257681322884,0.0707972954058329,1.0,-0.0115216825844179,0.1716457973432594,0
5,0.1,12,1,15,inverted_hammer,1824,0.036416850543076,0.11550271805876,0.0987901209879012,0.0350364958896926,0.1658045481033314,0
5,0.1,12,1,15,morning_star,44,-0.1432295392228585,0.018977691009029,1.0,-0.4213613297171872,0.8593647405232042,0
5,0.1,12,1,15,piercing_line,200,0.2699299300474979,0.3316942159289534,0.0083991600839916,0.185341107448025,0.3057784448162395,1
5,0.1,12,1,15,shooting_star,1730,-0.0292354089669538,0.0816606170210677,1.0,0.0016074124019256,0.1682269893302362,0
5,0.1,12,1,15,three_black_crows,27,0.0014888487609312,0.1739061369224765,1.0,,,0
5,0.1,12,1,15,three_white_soldiers,27,-0.1545315969060263,-0.0231627296050189,1.0,,,0
5,0.1,12,1,15,tweezer_bottom,2834,0.0732255145923718,0.0453447447202276,1.0,-0.0025089135039535,0.101202153991447,0
5,0.1,12,1,15,tweezer_top,3013,-0.0301980591975974,0.0777535845337235,0.027997200279972,0.0332051338051401,0.0922086949690004,1
5,0.1,12,1,30,bearish_engulfing,1565,-0.0932406090439708,0.0243080655846129,1.0,-0.0396570386854292,0.1361078755278465,0
5,0.1,12,1,30,bearish_harami,743,-0.0509815562493855,0.1089256642836131,1.0,-0.0075364960648491,0.2434190657220965,0
5,0.1,12,1,30,bearish_kicker,165,-0.0395446662540796,-0.0201052874835415,1.0,-0.2284672242344809,0.4326440147128167,0
5,0.1,12,1,30,bullish_engulfing,1414,0.1216954646859689,0.0947862120881792,0.6099390060993901,0.0142505071177281,0.1683077561450156,0
5,0.1,12,1,30,bullish_harami,645,0.0077287250157877,-0.0515473126260636,1.0,-0.17220429951466,0.2512683743701084,0
5,0.1,12,1,30,bullish_kicker,212,-0.0195332892099598,-0.0221989421728248,1.0,-0.222677791304317,0.4085739452008204,0
5,0.1,12,1,30,dark_cloud_cover,193,-0.0729293978249491,0.0934235458748101,1.0,-0.1121512689827558,0.4412473742212953,0
5,0.1,12,1,30,dragonfly_doji,745,-0.0088748840235002,0.0320735295232709,1.0,-0.0849692769407653,0.2435473912221053,0
5,0.1,12,1,30,evening_star,65,-0.2454489583105693,-0.3104873246410805,1.0,-0.6418723792156714,0.6880171165013376,0
5,0.1,12,1,30,gravestone_doji,779,-0.0996692581822358,0.1169653578929017,0.8227177282271773,0.0097414159396025,0.2254709555582007,0
5,0.1,12,1,30,hammer,1574,0.0365244137870135,0.0099706950893619,1.0,-0.0625784956915787,0.1512082732607104,0
5,0.1,12,1,30,hanging_man,1831,-0.058257681322884,0.0591874710590699,1.0,-0.0324401458715267,0.1910241012877055,0
5,0.1,12,1,30,inverted_hammer,1824,0.036416850543076,0.0981672323877041,0.6767323267673233,0.0153322557433779,0.1761328078573425,0
5,0.1,12,1,30,morning_star,44,-0.1432295392228585,0.0148602290491832,1.0,-0.4832953846771463,0.9931033198725948,0
5,0.1,12,1,30,piercing_line,200,0.2699299300474979,0.3790751930609531,0.0083991600839916,0.1901698762366764,0.3983794111137091,1
5,0.1,12,1,30,shooting_star,1730,-0.0292354089669538,0.0509322214142627,1.0,-0.0271287225664503,0.163836817895554,0
5,0.1,12,1,30,three_black_crows,27,0.0014888487609312,0.0044058083822936,1.0,,,0
5,0.1,12,1,30,three_white_soldiers,27,-0.1545315969060263,-0.0699094976377183,1.0,,,0
5,0.1,12,1,30,tweezer_bottom,2834,0.0732255145923718,0.0309490082732691,1.0,-0.022957391602786,0.1151312901049213,0
5,0.1,12,1,30,tweezer_top,3013,-0.0301980591975974,0.0578018731813234,0.4211578842115789,0.0104245403629412,0.0981831974509792,0
5,0.1,12,6,30,bearish_engulfing,1565,-0.0932406090439708,-0.0181340008112937,1.0,-0.0859895793677671,0.1434992111944241,0
5,0.1,12,6,30,bearish_harami,743,-0.0509815562493855,0.1166395760965786,0.995900409959004,0.0031397041370297,0.2403489989150047,0
5,0.1,12,6,30,bearish_kicker,165,-0.0395446662540796,9.261056102168735e-05,1.0,-0.2606457137326828,0.5349639588726358,0
5,0.1,12,6,30,bullish_engulfing,1414,0.1216954646859689,0.0946012651441223,0.455954404559544,0.0155705465198774,0.1639562051107544,0
5,0.1,12,6,30,bullish_harami,645,0.0077287250157877,-0.0645182501426916,1.0,-0.1823594950242125,0.2414777889756251,0
5,0.1,12,6,30,bullish_kicker,212,-0.0195332892099598,-0.0778825091788912,1.0,-0.3018698224984735,0.4580498517148186,0
5,0.1,12,6,30,dark_cloud_cover,193,-0.0729293978249491,-0.0116111442987578,1.0,-0.2392370728591974,0.4634127776008221,0
5,0.1,12,6,30,dragonfly_doji,745,-0.0088748840235002,0.0115646140218785,1.0,-0.1066385339398546,0.2491927101113752,0
5,0.1,12,6,30,evening_star,65,-0.2454489583105693,-0.5268996354475695,1.0,-0.9038340277943872,0.7848376306800113,0
5,0.1,12,6,30,gravestone_doji,779,-0.0996692581822358,0.0695788399527836,1.0,-0.0404580004420293,0.2362990250203097,0
5,0.1,12,6,30,hammer,1574,0.0365244137870135,0.0214851018593059,1.0,-0.0588700878352455,0.1691639211712476,0
5,0.1,12,6,30,hanging_man,1831,-0.058257681322884,0.094907185847879,0.7475252474752525,0.0033672032386167,0.1866110171931564,0
5,0.1,12,6,30,inverted_hammer,1824,0.036416850543076,0.1156287736220256,0.0727927207279272,0.0397257481245072,0.1597910291808753,0
5,0.1,12,6,30,morning_star,44,-0.1432295392228585,-0.0204270194062913,1.0,-0.5793909064501084,1.1247849105492858,0
5,0.1,12,6,30,piercing_line,200,0.2699299300474979,0.2983695587233828,0.0637936206379362,0.1008213388900175,0.4058652437940908,0
5,0.1,12,6,30,shooting_star,1730,-0.0292354089669538,0.0326664997333309,1.0,-0.0329660297785468,0.1389583652883902,0
5,0.1,12,6,30,three_black_crows,27,0.0014888487609312,-0.2081260036474607,1.0,,,0
5,0.1,12,6,30,three_white_soldiers,27,-0.1545315969060263,-0.0666767725880106,1.0,,,0
5,0.1,12,6,30,tweezer_bottom,2834,0.0732255145923718,0.0723237436066612,0.3999600039996,0.0176259744978185,0.1153289183035194,0
5,0.1,12,6,30,tweezer_top,3013,-0.0301980591975974,0.0598203557636189,0.5197480251974802,0.0067534507767296,0.1080713364966632,0
5,0.1,12,11,30,bearish_engulfing,1565,-0.0932406090439708,-0.0210813729295437,1.0,-0.0908123384590655,0.1462903734156701,0
5,0.1,12,11,30,bearish_harami,743,-0.0509815562493855,0.0885491537347641,1.0,-0.0408380066679291,0.2738412672940032,0
5,0.1,12,11,30,bearish_kicker,165,-0.0395446662540796,0.0124669540144371,1.0,-0.2669386773852408,0.5903733990437227,0
5,0.1,12,11,30,bullish_engulfing,1414,0.1216954646859689,0.0881265921048231,0.5663433656634336,0.0126039305294584,0.1552489079720436,0
5,0.1,12,11,30,bullish_harami,645,0.0077287250157877,-0.0504322649280282,1.0,-0.1736063709760011,0.2556728513772865,0
5,0.1,12,11,30,bullish_kicker,212,-0.0195332892099598,-0.0332968020782691,1.0,-0.2404326180539297,0.4258536389778623,0
5,0.1,12,11,30,dark_cloud_cover,193,-0.0729293978249491,0.0155175295407534,1.0,-0.2103671269414606,0.4690062430084141,0
5,0.1,12,11,30,dragonfly_doji,745,-0.0088748840235002,0.0205067577406713,1.0,-0.1251025486583422,0.3104575205109047,0
5,0.1,12,11,30,evening_star,65,-0.2454489583105693,-0.3572860873795058,1.0,-0.7147089267258184,0.7704634545687946,0
5,0.1,12,11,30,gravestone_doji,779,-0.0996692581822358,0.095971902112297,1.0,-0.019005990056447,0.2443945380498228,0
5,0.1,12,11,30,hammer,1574,0.0365244137870135,0.0154082853123746,1.0,-0.0752590389081715,0.1871823637316835,0
5,0.1,12,11,30,hanging_man,1831,-0.058257681322884,0.0957498708663352,0.7655234476552345,0.0084436704523154,0.1809030460345097,0
5,0.1,12,11,30,inverted_hammer,1824,0.036416850543076,0.1133518858510764,0.2963703629637036,0.0266876614277456,0.1793914127427932,0
5,0.1,12,11,30,morning_star,44,-0.1432295392228585,-0.0587505903612774,1.0,-0.5858438894968637,1.0590787619727806,0
5,0.1,12,11,30,piercing_line,200,0.2699299300474979,0.2425025668780682,0.334966503349665,0.0450643768958333,0.4035556759092447,0
5,0.1,12,11,30,shooting_star,1730,-0.0292354089669538,0.036737183479642,1.0,-0.0379501210209063,0.1571391184683665,0
5,0.1,12,11,30,three_black_crows,27,0.0014888487609312,-0.2484076728810709,1.0,,,0
5,0.1,12,11,30,three_white_soldiers,27,-0.1545315969060263,-0.0356860717060261,1.0,,,0
5,0.1,12,11,30,tweezer_bottom,2834,0.0732255145923718,0.0370019483919395,1.0,-0.0165531924388399,0.1135055386644486,0
5,0.1,12,11,30,tweezer_top,3013,-0.0301980591975974,0.0750016023599471,0.0347965203479652,0.0276225727199311,0.0972620805387928,1
5,0.1,13,1,5,bearish_engulfing,1624,-0.0677775261243126,0.0199694100595672,1.0,-0.0300191887426485,0.1047136449292829,0
5,0.1,13,1,5,bearish_harami,679,-0.0489421774333057,-0.0108988187462727,1.0,-0.1036918680465044,0.1945946967924172,0
5,0.1,13,1,5,bearish_kicker,194,-0.147747387760147,-0.0135147090584528,1.0,-0.1499667917781433,0.2813553044020099,0
5,0.1,13,1,5,bullish_engulfing,1554,0.1883559683416705,0.0815694742472592,0.017998200179982,0.0348443444717441,0.0952366414576023,1
5,0.1,13,1,5,bullish_harami,604,0.0031168751532194,0.0112085398158967,1.0,-0.0792076852107858,0.1885013096414291,0
5,0.1,13,1,5,bullish_kicker,189,0.0540775590864423,0.0628010838345387,1.0,-0.0891846152136523,0.3165340769207945,0
5,0.1,13,1,5,dark_cloud_cover,211,-0.0564189578219695,-0.1255486498707925,1.0,-0.261651235215151,0.2817232399484057,0
5,0.1,13,1,5,dragonfly_doji,443,0.0839288667421921,0.0389230639144209,1.0,-0.0748483773187427,0.2372581874960696,0
5,0.1,13,1,5,evening_star,55,-0.1145928479978336,-0.0694799490653239,1.0,-0.2858784475850261,0.4424720141384703,0
5,0.1,13,1,5,gravestone_doji,469,-0.0532711210344099,0.064227400557985,1.0,-0.0529155335721475,0.245294975593686,0
5,0.1,13,1,5,hammer,1438,0.0380245691574627,-0.0302663102450643,1.0,-0.093703944878333,0.1326970769180169,0
5,0.1,13,1,5,hanging_man,1724,-0.0692501684866206,0.0114201486768025,1.0,-0.0665765084668876,0.1645767329500854,0
5,0.1,13,1,5,inverted_hammer,1538,0.0441993978806707,-0.010145102576295,1.0,-0.0979506465944798,0.1838699821994945,0
5,0.1,13,1,5,morning_star,36,0.1762879685839004,0.0080085001402801,1.0,-0.2621952826508951,0.5541324902560193,0
5,0.1,13,1,5,piercing_line,170,0.1163114177165177,-0.0357110614685894,1.0,-0.1701980987664776,0.2783360504207612,0
5,0.1,13,1,5,shooting_star,1552,-0.0833360861917081,0.0215571204252815,1.0,-0.0474124203854786,0.1446520949853869,0
5,0.1,13,1,5,three_black_crows,28,-0.5148712328723132,-0.2761099333834321,1.0,,,0
5,0.1,13,1,5,three_white_soldiers,19,-0.3878001650149624,-0.1510663228413271,1.0,,,0
5,0.1,13,1,5,tweezer_bottom,2986,0.0820155450733141,0.0254134731813957,1.0,-0.0089581663579982,0.0717146717321744,0
5,0.1,13,1,5,tweezer_top,3294,-0.0949028757145788,-0.0114692725136423,1.0,-0.0395002633913133,0.0583917789838175,0
5,0.1,13,1,15,bearish_engulfing,1624,-0.0677775261243126,0.0085663544004429,1.0,-0.0513997941143273,0.1261789699868021,0
5,0.1,13,1,15,bearish_harami,679,-0.0489421774333057,0.0917266777447963,1.0,-0.0142416723421402,0.2261654984582266,0
5,0.1,13,1,15,bearish_kicker,194,-0.147747387760147,-0.0894364424563735,1.0,-0.2781274017212141,0.3920560264217372,0
5,0.1,13,1,15,bullish_engulfing,1554,0.1883559683416705,0.147194623897328,0.0083991600839916,0.0988527888337123,0.1013019177695625,1
5,0.1,13,1,15,bullish_harami,604,0.0031168751532194,-0.0735698909589545,1.0,-0.1893722551444625,0.2454215214369336,0
5,0.1,13,1,15,bullish_kicker,189,0.0540775590864423,0.1749012273876121,1.0,-0.0184411513888257,0.4197531045382089,0
5,0.1,13,1,15,dark_cloud_cover,211,-0.0564189578219695,-0.0353450983158275,1.0,-0.2095819346955194,0.3686056597965551,0
5,0.1,13,1,15,dragonfly_doji,443,0.0839288667421921,-0.0020997695888033,1.0,-0.1500421425740114,0.3133511763641243,0
5,0.1,13,1,15,evening_star,55,-0.1145928479978336,0.1048224830613938,1.0,-0.2293954319595022,0.6549510912835304,0
5,0.1,13,1,15,gravestone_doji,469,-0.0532711210344099,0.0772726338956421,1.0,-0.0551125935731123,0.2743481677060182,0
5,0.1,13,1,15,hammer,1438,0.0380245691574627,-0.0031286057588652,1.0,-0.0826711127253333,0.166535711601743,0
5,0.1,13,1,15,hanging_man,1724,-0.0692501684866206,0.0432606799344785,1.0,-0.041490619971435,0.1773871868546839,0
5,0.1,13,1,15,inverted_hammer,1538,0.0441993978806707,0.0373086898941384,1.0,-0.0500531516917487,0.181490705778587,0
5,0.1,13,1,15,morning_star,36,0.1762879685839004,0.1087009107023769,1.0,-0.2928478269213013,0.8097449217851165,0
5,0.1,13,1,15,piercing_line,170,0.1163114177165177,0.1084869268542387,1.0,-0.0789136333201462,0.3891811325619199,0
5,0.1,13,1,15,shooting_star,1552,-0.0833360861917081,0.0575865385893793,1.0,-0.0236219487952348,0.1694834247237368,0
5,0.1,13,1,15,three_black_crows,28,-0.5148712328723132,-0.0754686084877947,1.0,,,0
5,0.1,13,1,15,three_white_soldiers,19,-0.3878001650149624,-0.1692709358729958,1.0,,,0
5,0.1,13,1,15,tweezer_bottom,2986,0.0820155450733141,0.0466733469472673,0.944905509449055,0.0031775960607801,0.0904205249263798,0
5,0.1,13,1,15,tweezer_top,3294,-0.0949028757145788,0.018442072749122,1.0,-0.0187243692156551,0.0776930895400298,0
5,0.1,13,1,30,bearish_engulfing,1624,-0.0677775261243126,0.0224752317262089,1.0,-0.0450497321316795,0.1415290490277471,0
5,0.1,13,1,30,bearish_harami,679,-0.0489421774333057,0.0114616178848728,1.0,-0.111883699798152,0.2562283933146031,0
5,0.1,13,1,30,bearish_kicker,194,-0.147747387760147,-0.0034082009059584,1.0,-0.2114272727969896,0.4296607568536667,0
5,0.1,13,1,30,bullish_engulfing,1554,0.1883559683416705,0.1340134536499313,0.0083991600839916,0.0740023261778317,0.1228337477263675,1
5,0.1,13,1,30,bullish_harami,604,0.0031168751532194,-0.0223691238492656,1.0,-0.1446655276126858,0.2578195688825118,0
5,0.1,13,1,30,bullish_kicker,189,0.0540775590864423,0.0806400578145748,1.0,-0.1591042407421255,0.5163036609062408,0
5,0.1,13,1,30,dark_cloud_cover,211,-0.0564189578219695,0.0105319400363292,1.0,-0.1718032394293531,0.376977896167276,0
5,0.1,13,1,30,dragonfly_doji,443,0.0839288667421921,-0.014055548243828,1.0,-0.1693719243342978,0.3205986664401824,0
5,0.1,13,1,30,evening_star,55,-0.1145928479978336,0.1931047038121714,1.0,-0.2084852963911177,0.7989606905859769,0
5,0.1,13,1,30,gravestone_doji,469,-0.0532711210344099,-0.064936678082611,1.0,-0.2082383222998847,0.2997097519159344,0
5,0.1,13,1,30,hammer,1438,0.0380245691574627,0.0418047648646707,1.0,-0.0456363188725242,0.1817193434575389,0
5,0.1,13,1,30,hanging_man,1724,-0.0692501684866206,0.0519588964591703,1.0,-0.0244273927797018,0.1606021061150042,0
5,0.1,13,1,30,inverted_hammer,1538,0.0441993978806707,-0.0043622566739638,1.0,-0.1143094850899953,0.2256535418461915,0
5,0.1,13,1,30,morning_star,36,0.1762879685839004,0.2231131235620378,1.0,-0.2674707163061767,0.9842626601448374,0
5,0.1,13,1,30,piercing_line,170,0.1163114177165177,0.1410870617393772,1.0,-0.0565516855723576,0.4087000965950373,0
5,0.1,13,1,30,shooting_star,1552,-0.0833360861917081,-0.0204991033857759,1.0,-0.096642020978629,0.1602490633154433,0
5,0.1,13,1,30,three_black_crows,28,-0.5148712328723132,-0.1644669558273996,1.0,,,0
5,0.1,13,1,30,three_white_soldiers,19,-0.3878001650149624,-0.3442747074414461,1.0,,,0
5,0.1,13,1,30,tweezer_bottom,2986,0.0820155450733141,0.0643987332310607,0.2743725627437256,0.0148450062242506,0.1036279960215509,0
5,0.1,13,1,30,tweezer_top,3294,-0.0949028757145788,0.0088453038240893,1.0,-0.0393999744762629,0.1000536252859654,0
5,0.1,13,6,30,bearish_engulfing,1624,-0.0677775261243126,-0.019051317518696,1.0,-0.0885481281391577,0.1452226500207078,0
5,0.1,13,6,30,bearish_harami,679,-0.0489421774333057,-0.0016592851411513,1.0,-0.1239482752975702,0.2589495073179017,0
5,0.1,13,6,30,bearish_kicker,194,-0.147747387760147,-0.2085549544032762,1.0,-0.4044032523575611,0.4073711220407986,0
5,0.1,13,6,30,bullish_engulfing,1554,0.1883559683416705,0.1527844126592143,0.0083991600839916,0.0900155282052954,0.1318902132151385,1
5,0.1,13,6,30,bullish_harami,604,0.0031168751532194,-0.0483953490004893,1.0,-0.176968421265283,0.2690242150628255,0
5,0.1,13,6,30,bullish_kicker,189,0.0540775590864423,-0.0835832443190928,1.0,-0.3073146715128463,0.4669155426661588,0
5,0.1,13,6,30,dark_cloud_cover,211,-0.0564189578219695,0.0238778460061693,1.0,-0.1796071467373077,0.4373675302736673,0
5,0.1,13,6,30,dragonfly_doji,443,0.0839288667421921,0.0215224443167009,1.0,-0.1514852508257688,0.3641992916874245,0
5,0.1,13,6,30,evening_star,55,-0.1145928479978336,0.1493677188527378,1.0,-0.2571947812906428,0.8288510353711793,0
5,0.1,13,6,30,gravestone_doji,469,-0.0532711210344099,-0.0141806891018418,1.0,-0.1712810656971571,0.3260903823153201,0
5,0.1,13,6,30,hammer,1438,0.0380245691574627,-0.009478986765012,1.0,-0.0986478839377256,0.1905771381445192,0
5,0.1,13,6,30,hanging_man,1724,-0.0692501684866206,0.0109350411562611,1.0,-0.0808050857716984,0.1909110499027507,0
5,0.1,13,6,30,inverted_hammer,1538,0.0441993978806707,-0.0002276120626619,1.0,-0.1094316056913436,0.2233944458316667,0
5,0.1,13,6,30,morning_star,36,0.1762879685839004,0.248266532592865,1.0,-0.2241500286088757,0.9414983339538076,0
5,0.1,13,6,30,piercing_line,170,0.1163114177165177,0.1973639582944958,1.0,-0.0013298030599884,0.4165788602634775,0
5,0.1,13,6,30,shooting_star,1552,-0.0833360861917081,0.022157985938076,1.0,-0.0543124091918658,0.1637550082229779,0
5,0.1,13,6,30,three_black_crows,28,-0.5148712328723132,-0.4319843885427304,1.0,,,0
5,0.1,13,6,30,three_white_soldiers,19,-0.3878001650149624,-0.2322995678796855,1.0,,,0
5,0.1,13,6,30,tweezer_bottom,2986,0.0820155450733141,0.052023384450753,0.9503049695030498,0.0023068191921982,0.1028271780209114,0
5,0.1,13,6,30,tweezer_top,3294,-0.0949028757145788,-0.0014354604520961,1.0,-0.0527890510529064,0.1079094574703354,0
5,0.1,13,11,30,bearish_engulfing,1624,-0.0677775261243126,-0.0083080175491316,1.0,-0.0796124604976151,0.1487029694000609,0
5,0.1,13,11,30,bearish_harami,679,-0.0489421774333057,0.0197086064634032,1.0,-0.1022554521660086,0.2617680761678368,0
5,0.1,13,11,30,bearish_kicker,194,-0.147747387760147,-0.2593421940653087,1.0,-0.4562130635265194,0.4169624023000661,0
5,0.1,13,11,30,bullish_engulfing,1554,0.1883559683416705,0.1660143887444271,0.0083991600839916,0.1036297310059679,0.1307597687193304,1
5,0.1,13,11,30,bullish_harami,604,0.0031168751532194,-0.0173330422078551,1.0,-0.1428338688391416,0.259408975909326,0
5,0.1,13,11,30,bullish_kicker,189,0.0540775590864423,-0.0811122051731002,1.0,-0.3268723183098702,0.505081935501999,0
5,0.1,13,11,30,dark_cloud_cover,211,-0.0564189578219695,0.0340698775262336,1.0,-0.1821543452436017,0.4578118599555886,0
5,0.1,13,11,30,dragonfly_doji,443,0.0839288667421921,-0.0168942797645065,1.0,-0.1899235267765217,0.3556289638932871,0
5,0.1,13,11,30,evening_star,55,-0.1145928479978336,0.065823666437741,1.0,-0.3436843033089534,0.8373802311824585,0
5,0.1,13,11,30,gravestone_doji,469,-0.0532711210344099,0.0320615163291525,1.0,-0.1358885182110722,0.3422609330876539,0
5,0.1,13,11,30,hammer,1438,0.0380245691574627,-0.072420764009083,1.0,-0.1565848941526347,0.1775171071862131,0
5,0.1,13,11,30,hanging_man,1724,-0.0692501684866206,-0.0137737960781872,1.0,-0.0897241254154051,0.1612084206055683,0
5,0.1,13,11,30,inverted_hammer,1538,0.0441993978806707,0.0583348693460855,1.0,-0.0489980563807488,0.2216563176148398,0
5,0.1,13,11,30,morning_star,36,0.1762879685839004,0.2379282861087529,1.0,-0.3170572479501707,1.0951370324941745,0
5,0.1,13,11,30,piercing_line,170,0.1163114177165177,0.1162534300109886,1.0,-0.0871975457392001,0.4263761033265114,0
5,0.1,13,11,30,shooting_star,1552,-0.0833360861917081,0.0700035890161239,1.0,-0.0135378396187751,0.1741660254524937,0
5,0.1,13,11,30,three_black_crows,28,-0.5148712328723132,-0.4324643872653761,1.0,,,0
5,0.1,13,11,30,three_white_soldiers,19,-0.3878001650149624,-0.4425847636246379,1.0,,,0
5,0.1,13,11,30,tweezer_bottom,2986,0.0820155450733141,0.0533308363581743,0.6103389661033896,0.0046042939433623,0.098995631029148,0
5,0.1,13,11,30,tweezer_top,3294,-0.0949028757145788,0.0004100827701839,1.0,-0.0519848690018342,0.1094857447772632,0
5,0.1,14,1,5,bearish_engulfing,1526,-0.1069039728286732,-0.0302378291581264,1.0,-0.0705021471505596,0.0850095663438659,0
5,0.1,14,1,5,bearish_harami,673,-0.1368604065949141,-0.102185312032987,1.0,-0.1872979601147303,0.1789299829070188,0
5,0.1,14,1,5,bearish_kicker,177,-0.1734504991656095,-0.0801634239784051,1.0,-0.2512305966410527,0.3441895301411842,0
5,0.1,14,1,5,bullish_engulfing,1490,0.159453174557488,0.0642285020105797,0.115988401159884,0.0208256324461063,0.0913762734749413,0
5,0.1,14,1,5,bullish_harami,571,0.091093054733004,-0.0274675843339069,1.0,-0.118085615718297,0.1881569213198833,0
5,0.1,14,1,5,bullish_kicker,188,-0.0232302870907435,-0.0217936869901375,1.0,-0.1696423454571486,0.2991879537435622,0
5,0.1,14,1,5,dark_cloud_cover,235,-0.1539164850344193,0.0128697950638592,1.0,-0.1116985746208666,0.2760114855526551,0
5,0.1,14,1,5,dragonfly_doji,432,0.1309122080828973,0.0499040784277788,1.0,-0.0679865157816879,0.2424738647066431,0
5,0.1,14,1,5,evening_star,52,-0.0176895734782307,-0.0816811894599403,1.0,-0.3519557657710253,0.5423582614794944,0
5,0.1,14,1,5,gravestone_doji,479,0.0185998285913606,0.0773205181014269,1.0,-0.0464313043590453,0.2528328602422688,0
5,0.1,14,1,5,hammer,1489,0.0750077827260175,0.012356714473368,1.0,-0.0593190203123836,0.1521228612736294,0
5,0.1,14,1,5,hanging_man,1682,-0.0407862498193638,0.0065631538282509,1.0,-0.0704138452928303,0.1610896355225738,0
5,0.1,14,1,5,inverted_hammer,1713,0.0611241829319109,-0.0196600368199255,1.0,-0.094024568015487,0.1550168494231152,0
5,0.1,14,1,5,morning_star,57,-0.17278653324528,0.0387157868851986,1.0,-0.1966651287314125,0.4809414541114691,0
5,0.1,14,1,5,piercing_line,207,0.05495101045722,-0.0216351947270818,1.0,-0.1569136074203067,0.2919681052149697,0
5,0.1,14,1,5,shooting_star,1570,0.0052511649687262,-0.0132654824013649,1.0,-0.0792671331836887,0.1352839941266721,0
5,0.1,14,1,5,three_black_crows,18,0.2968343224466126,-0.0063395796546424,1.0,,,0
5,0.1,14,1,5,three_white_soldiers,24,0.1995590881603751,-0.0305318922347805,1.0,,,0
5,0.1,14,1,5,tweezer_bottom,3131,0.0647977291262657,-0.0017249825888673,1.0,-0.035452147192104,0.0708287668774536,0
5,0.1,14,1,5,tweezer_top,3277,-0.0514361436804121,-0.0156313429899233,1.0,-0.052891694777355,0.0772991113203769,0
5,0.1,14,1,15,bearish_engulfing,1526,-0.1069039728286732,-0.0382662537809047,1.0,-0.0925974793370701,0.1143824915067143,0
5,0.1,14,1,15,bearish_harami,673,-0.1368604065949141,-0.123634776798664,1.0,-0.2325016046583207,0.2293962548600338,0
5,0.1,14,1,15,bearish_kicker,177,-0.1734504991656095,-0.166913801728708,1.0,-0.3616250921646559,0.4076024615305929,0
5,0.1,14,1,15,bullish_engulfing,1490,0.159453174557488,0.1111024760213052,0.0083991600839916,0.0552939385114034,0.1190689877865233,1
5,0.1,14,1,15,bullish_harami,571,0.091093054733004,0.0073985343999986,1.0,-0.089244375423204,0.1990340460631926,0
5,0.1,14,1,15,bullish_kicker,188,-0.0232302870907435,-0.0658626147893394,1.0,-0.252675985017071,0.3837534728056102,0
5,0.1,14,1,15,dark_cloud_cover,235,-0.1539164850344193,0.0598665085896196,1.0,-0.1080934734938703,0.3654011606273873,0
5,0.1,14,1,15,dragonfly_doji,432,0.1309122080828973,0.1470786091821392,1.0,0.00541532168228,0.2921954199458054,0
5,0.1,14,1,15,evening_star,52,-0.0176895734782307,0.0781409497429962,1.0,-0.2620064204502158,0.7086728047610289,0
5,0.1,14,1,15,gravestone_doji,479,0.0185998285913606,0.0772412687994095,1.0,-0.0594671723577167,0.2893329902665805,0
5,0.1,14,1,15,hammer,1489,0.0750077827260175,-0.0013461150531351,1.0,-0.0781278948568868,0.1617757034674877,0
5,0.1,14,1,15,hanging_man,1682,-0.0407862498193638,0.0275659505713878,1.0,-0.0565510079826955,0.1729082318823631,0
5,0.1,14,1,15,inverted_hammer,1713,0.0611241829319109,0.0014664804042547,1.0,-0.0780525817086142,0.1623352709064385,0
5,0.1,14,1,15,morning_star,57,-0.17278653324528,-0.0752027660263558,1.0,-0.3181076029448769,0.519764007270124,0
5,0.1,14,1,15,piercing_line,207,0.05495101045722,0.0041427517799996,1.0,-0.1782838851352932,0.3887225310570794,0
5,0.1,14,1,15,shooting_star,1570,0.0052511649687262,0.0670120449092294,1.0,-0.0093523203482545,0.1552939166962045,0
5,0.1,14,1,15,three_black_crows,18,0.2968343224466126,-0.0425245775996411,1.0,,,0
5,0.1,14,1,15,three_white_soldiers,24,0.1995590881603751,-0.1018854756615045,1.0,,,0
5,0.1,14,1,15,tweezer_bottom,3131,0.0647977291262657,0.0141134913377192,1.0,-0.0278379084716431,0.0894595549868821,0
5,0.1,14,1,15,tweezer_top,3277,-0.0514361436804121,0.0111182326242419,1.0,-0.0273214111687316,0.0832185494405277,0
5,0.1,14,1,30,bearish_engulfing,1526,-0.1069039728286732,0.0184702341160201,1.0,-0.0424172876559214,0.1284443722014298,0
5,0.1,14,1,30,bearish_harami,673,-0.1368604065949141,0.0197868652400766,1.0,-0.0957884797194433,0.2444372531972759,0
5,0.1,14,1,30,bearish_kicker,177,-0.1734504991656095,-0.1759328051601409,1.0,-0.4247296970998905,0.5315287362968304,0
5,0.1,14,1,30,bullish_engulfing,1490,0.159453174557488,0.1371910825739144,0.0083991600839916,0.0742966931507074,0.1312260976677239,1
5,0.1,14,1,30,bullish_harami,571,0.091093054733004,0.0569731545861475,1.0,-0.0645345346211119,0.252318092337663,0
5,0.1,14,1,30,bullish_kicker,188,-0.0232302870907435,-0.141319788036298,1.0,-0.3759599449977299,0.4894137271604806,0
5,0.1,14,1,30,dark_cloud_cover,235,-0.1539164850344193,0.0479857807447736,1.0,-0.1342611320085089,0.3875029434822218,0
5,0.1,14,1,30,dragonfly_doji,432,0.1309122080828973,0.015761394957275,1.0,-0.1332414181280682,0.3132542413849733,0
5,0.1,14,1,30,evening_star,52,-0.0176895734782307,-0.0212910569704292,1.0,-0.4160152377290234,0.8232565484911326,0
5,0.1,14,1,30,gravestone_doji,479,0.0185998285913606,0.0090115882216568,1.0,-0.1392496548586705,0.3070834003560271,0
5,0.1,14,1,30,hammer,1489,0.0750077827260175,0.0277941241805748,1.0,-0.0494925328148578,0.162813177262061,0
5,0.1,14,1,30,hanging_man,1682,-0.0407862498193638,0.0004317065272887,1.0,-0.0816202825581308,0.1673732364357958,0
5,0.1,14,1,30,inverted_hammer,1713,0.0611241829319109,0.0117780791450191,1.0,-0.0703583099681361,0.17116968774463,0
5,0.1,14,1,30,morning_star,57,-0.17278653324528,-0.0856348101586935,1.0,-0.3152153441878425,0.4836503495915198,0
5,0.1,14,1,30,piercing_line,207,0.05495101045722,-0.0110189210172526,1.0,-0.2368988527359483,0.4794388275369012,0
5,0.1,14,1,30,shooting_star,1570,0.0052511649687262,0.1124334150333141,0.1231876812318768,0.0319223299750135,0.1659208065458553,0
5,0.1,14,1,30,three_black_crows,18,0.2968343224466126,0.003432167674086,1.0,,,0
5,0.1,14,1,30,three_white_soldiers,24,0.1995590881603751,0.0347966150929469,1.0,,,0
5,0.1,14,1,30,tweezer_bottom,3131,0.0647977291262657,0.022039027964884,1.0,-0.0189014150721623,0.086546112173249,0
5,0.1,14,1,30,tweezer_top,3277,-0.0514361436804121,0.027931993352364,1.0,-0.0111734837482956,0.0830701442784161,0
5,0.1,14,6,30,bearish_engulfing,1526,-0.1069039728286732,-0.0083407855686331,1.0,-0.0691092247743889,0.1251148766654915,0
5,0.1,14,6,30,bearish_harami,673,-0.1368604065949141,-0.0374181704165546,1.0,-0.1660091741629897,0.2659700110567746,0
5,0.1,14,6,30,bearish_kicker,177,-0.1734504991656095,-0.1609069353703901,1.0,-0.387012510787656,0.4780559393384984,0
5,0.1,14,6,30,bullish_engulfing,1490,0.159453174557488,0.1288853683066446,0.0347965203479652,0.0585016995645899,0.14647829190711,1
5,0.1,14,6,30,bullish_harami,571,0.091093054733004,0.0936330341238822,1.0,-0.0414926844490569,0.2805372194679001,0
5,0.1,14,6,30,bullish_kicker,188,-0.0232302870907435,-0.0306273440396341,1.0,-0.2620569222986404,0.4590499527503455,0
5,0.1,14,6,30,dark_cloud_cover,235,-0.1539164850344193,-0.0461299310412474,1.0,-0.2367967346540526,0.4153377917976483,0
5,0.1,14,6,30,dragonfly_doji,432,0.1309122080828973,0.1102439785256704,1.0,-0.0519212585785461,0.3343989483709365,0
5,0.1,14,6,30,evening_star,52,-0.0176895734782307,-0.0265643925619717,1.0,-0.4475261659699142,0.8859014473306039,0
5,0.1,14,6,30,gravestone_doji,479,0.0185998285913606,0.066403135863624,1.0,-0.0836036212187194,0.3112858903967488,0
5,0.1,14,6,30,hammer,1489,0.0750077827260175,0.0396958682754135,1.0,-0.0344247143558879,0.159512423683575,0
5,0.1,14,6,30,hanging_man,1682,-0.0407862498193638,0.0235317939913152,1.0,-0.0589721595985005,0.1686664691090244,0
5,0.1,14,6,30,inverted_hammer,1713,0.0611241829319109,0.0141665529832266,1.0,-0.0622354877309251,0.1614645061366841,0
5,0.1,14,6,30,morning_star,57,-0.17278653324528,-0.0298512608085951,1.0,-0.3189764921262816,0.6002573531776123,0
5,0.1,14,6,30,piercing_line,207,0.05495101045722,0.0795957466730672,1.0,-0.1336422285787528,0.4501729580370668,0
5,0.1,14,6,30,shooting_star,1570,0.0052511649687262,0.0881013257229454,1.0,0.001800057615447,0.1794307828631368,0
5,0.1,14,6,30,three_black_crows,18,0.2968343224466126,0.127639632692656,1.0,,,0
5,0.1,14,6,30,three_white_soldiers,24,0.1995590881603751,0.0529138883079991,1.0,,,0
5,0.1,14,6,30,tweezer_bottom,3131,0.0647977291262657,0.0344138650114811,1.0,-0.0069046178589409,0.087467081339947,0
5,0.1,14,6,30,tweezer_top,3277,-0.0514361436804121,0.0232124730406006,1.0,-0.0224133940023166,0.0938703107950007,0
5,0.1,14,11,30,bearish_engulfing,1526,-0.1069039728286732,-0.0376768735385897,1.0,-0.0979683345624472,0.1269926691031151,0
5,0.1,14,11,30,bearish_harami,673,-0.1368604065949141,-0.0572948734437933,1.0,-0.1949673524633901,0.2854354685300588,0
5,0.1,14,11,30,bearish_kicker,177,-0.1734504991656095,-0.2398081812102571,1.0,-0.4660564523714431,0.5042900538616507,0
5,0.1,14,11,30,bullish_engulfing,1490,0.159453174557488,0.1308817155418809,0.0347965203479652,0.0575113330524061,0.1540843729864486,1
5,0.1,14,11,30,bullish_harami,571,0.091093054733004,0.097323290672523,1.0,-0.0443825221933604,0.2895780478967583,0
5,0.1,14,11,30,bullish_kicker,188,-0.0232302870907435,-0.1920701363486086,1.0,-0.4325111515537699,0.4954453031458616,0
5,0.1,14,11,30,dark_cloud_cover,235,-0.1539164850344193,-0.1474073624223452,1.0,-0.3432170003318232,0.4187282128333509,0
5,0.1,14,11,30,dragonfly_doji,432,0.1309122080828973,0.052458880691666,1.0,-0.1092488410787606,0.3332682083636435,0
5,0.1,14,11,30,evening_star,52,-0.0176895734782307,-0.0903861234012366,1.0,-0.4757670419278728,0.7948526296190492,0
5,0.1,14,11,30,gravestone_doji,479,0.0185998285913606,0.060750556355083,1.0,-0.105145028368989,0.3375374908012981,0
5,0.1,14,11,30,hammer,1489,0.0750077827260175,0.068506240879446,1.0,-0.0077221346433563,0.1660753042245418,0
5,0.1,14,11,30,hanging_man,1682,-0.0407862498193638,0.0406112268519399,1.0,-0.0526357255894662,0.1928642352470049,0
5,0.1,14,11,30,inverted_hammer,1713,0.0611241829319109,0.010390621969135,1.0,-0.0689060711690159,0.1634008353002358,0
5,0.1,14,11,30,morning_star,57,-0.17278653324528,-0.0066783294594909,1.0,-0.3808107353526066,0.7747136559756533,0
5,0.1,14,11,30,piercing_line,207,0.05495101045722,0.1167349527023246,1.0,-0.1251829147159457,0.5135245825925325,0
5,0.1,14,11,30,shooting_star,1570,0.0052511649687262,0.1154762016287248,0.335966403359664,0.0199627315380747,0.1937674845085842,0
5,0.1,14,11,30,three_black_crows,18,0.2968343224466126,0.1930187255354691,1.0,,,0
5,0.1,14,11,30,three_white_soldiers,24,0.1995590881603751,0.1443650040713542,1.0,,,0
5,0.1,14,11,30,tweezer_bottom,3131,0.0647977291262657,0.0339886905464253,1.0,-0.0123238297814079,0.0968711985606907,0
5,0.1,14,11,30,tweezer_top,3277,-0.0514361436804121,0.0307312736449192,1.0,-0.0157061048125895,0.0955935079095033,0
5,0.1,15,1,5,bearish_engulfing,1552,-0.0673060554963693,-0.0222081212650054,1.0,-0.0701685518317783,0.1004010985542803,0
5,0.1,15,1,5,bearish_harami,686,-0.0287396377781699,-0.0242703057433715,1.0,-0.1067747562131323,0.170601682857008,0
5,0.1,15,1,5,bearish_kicker,182,-0.018269708787103,0.0427735448318287,1.0,-0.1230608316076393,0.3461937164591709,0
5,0.1,15,1,5,bullish_engulfing,1512,0.1610131367545237,0.0628290471619113,0.2303769623037696,0.0170923178092454,0.0948829747197968,0
5,0.1,15,1,5,bullish_harami,663,0.0677508930411054,0.0104595299199758,1.0,-0.0733517441184041,0.1748863391310133,0
5,0.1,15,1,5,bullish_kicker,190,-0.0314379299835345,0.1060112318742703,1.0,-0.0284365830769765,0.2876327470135327,0
5,0.1,15,1,5,dark_cloud_cover,202,0.0732564898980768,0.098756620633534,1.0,-0.0359965565913742,0.2886026190479315,0
5,0.1,15,1,5,dragonfly_doji,513,0.133421984189511,0.0498793769180717,1.0,-0.0563189336369542,0.2211568893020462,0
5,0.1,15,1,5,evening_star,54,0.0460839091206843,0.213691472341259,0.305969403059694,0.0787347521333438,0.3051182114390686,0
5,0.1,15,1,5,gravestone_doji,521,-0.0980598109951483,0.0566639144764446,1.0,-0.0435449667343102,0.2040972116018444,0
5,0.1,15,1,5,hammer,1474,0.1118624570836385,0.0510336043072104,1.0,-0.0162666375781803,0.1407021175380433,0
5,0.1,15,1,5,hanging_man,1687,-0.1103571856834412,-0.0206226086157717,1.0,-0.0939784503418885,0.1528560112737721,0
5,0.1,15,1,5,inverted_hammer,1535,0.0556742780258304,0.0262716086289608,1.0,-0.0600399339816236,0.1831701088315964,0
5,0.1,15,1,5,morning_star,40,-0.0730111326115341,-0.0508007560763855,1.0,-0.3357051600184636,0.6012044143820665,0
5,0.1,15,1,5,piercing_line,210,-0.0763953490566976,-0.2050258888319174,1.0,-0.3250900145579108,0.2466892641617575,0
5,0.1,15,1,5,shooting_star,1586,-0.0862994761599823,-0.0083923252303198,1.0,-0.0691263162628991,0.1298070040002966,0
5,0.1,15,1,5,three_black_crows,23,-0.2628508480302861,-0.0609679515497133,1.0,,,0
5,0.1,15,1,5,three_white_soldiers,27,0.2014160128496263,-0.0681486560146425,1.0,,,0
5,0.1,15,1,5,tweezer_bottom,3070,0.082904122224497,0.0255511321431943,1.0,-0.0141279171696331,0.0829466090174752,0
5,0.1,15,1,5,tweezer_top,3273,-0.0669148615022067,-0.0067752027948911,1.0,-0.0432572431509437,0.0774680707193052,0
5,0.1,15,1,15,bearish_engulfing,1552,-0.0673060554963693,-0.0099181408616851,1.0,-0.0658410736954841,0.117792492904731,0
5,0.1,15,1,15,bearish_harami,686,-0.0287396377781699,-0.0302251218259513,1.0,-0.1386708906544674,0.2248689462965776,0
5,0.1,15,1,15,bearish_kicker,182,-0.018269708787103,0.0856574090985832,1.0,-0.0870321995185534,0.3632260052427034,0
5,0.1,15,1,15,bullish_engulfing,1512,0.1610131367545237,0.0516282728509323,1.0,-0.0075188398784437,0.1258575534454666,0
5,0.1,15,1,15,bullish_harami,663,0.0677508930411054,0.0791939632418035,1.0,-0.0161393335371203,0.2006328203675152,0
5,0.1,15,1,15,bullish_kicker,190,-0.0314379299835345,-0.0497565499764785,1.0,-0.241048186626589,0.3946766020149408,0
5,0.1,15,1,15,dark_cloud_cover,202,0.0732564898980768,-0.0454392643497157,1.0,-0.2129658006603905,0.3566091496837689,0
5,0.1,15,1,15,dragonfly_doji,513,0.133421984189511,0.0769191331099524,1.0,-0.044830887134333,0.2518248793660066,0
5,0.1,15,1,15,evening_star,54,0.0460839091206843,0.1020378544931656,1.0,-0.1212625405013462,0.4730358613208871,0
5,0.1,15,1,15,gravestone_doji,521,-0.0980598109951483,-0.0518836797887059,1.0,-0.1714579783406404,0.247378071330909,0
5,0.1,15,1,15,hammer,1474,0.1118624570836385,0.0455006423526255,1.0,-0.0258050674618184,0.1489797615421026,0
5,0.1,15,1,15,hanging_man,1687,-0.1103571856834412,-0.0373083401424615,1.0,-0.1222521211861918,0.1742196289307535,0
5,0.1,15,1,15,inverted_hammer,1535,0.0556742780258304,0.0547957208417502,1.0,-0.0375258854849949,0.1918615257294548,0
5,0.1,15,1,15,morning_star,40,-0.0730111326115341,0.0195761512864305,1.0,-0.2962204046098974,0.6439564838807643,0
5,0.1,15,1,15,piercing_line,210,-0.0763953490566976,-0.1347521480345618,1.0,-0.3281860490958023,0.3969701604446743,0
5,0.1,15,1,15,shooting_star,1586,-0.0862994761599823,-0.0025970061317618,1.0,-0.0796368451935853,0.157816182553544,0
5,0.1,15,1,15,three_black_crows,23,-0.2628508480302861,-0.0689595629945118,1.0,,,0
5,0.1,15,1,15,three_white_soldiers,27,0.2014160128496263,-0.0776421669665024,1.0,,,0
5,0.1,15,1,15,tweezer_bottom,3070,0.082904122224497,0.0384572796198137,1.0,-0.0049015996504118,0.0908332784281723,0
5,0.1,15,1,15,tweezer_top,3273,-0.0669148615022067,0.0209880714620952,1.0,-0.0265716631173563,0.0977303724056539,0
5,0.1,15,1,30,bearish_engulfing,1552,-0.0673060554963693,-0.0630413427885808,1.0,-0.1236408468601065,0.1282009847135879,0
5,0.1,15,1,30,bearish_harami,686,-0.0287396377781699,-0.0127836283868274,1.0,-0.1305025591215029,0.2406614881100581,0
5,0.1,15,1,30,bearish_kicker,182,-0.018269708787103,0.0234061793799095,1.0,-0.1771004957288138,0.4191427924719079,0
5,0.1,15,1,30,bullish_engulfing,1512,0.1610131367545237,0.0697627700115363,1.0,0.0012209812292411,0.1444623594883119,0
5,0.1,15,1,30,bullish_harami,663,0.0677508930411054,0.0049375365495001,1.0,-0.1087164433848573,0.2356724650334588,0
5,0.1,15,1,30,bullish_kicker,190,-0.0314379299835345,0.0451055669726665,1.0,-0.1343924753422658,0.3743141232223352,0
5,0.1,15,1,30,dark_cloud_cover,202,0.0732564898980768,0.0460276767853539,1.0,-0.1533689998091571,0.4104240892880822,0
5,0.1,15,1,30,dragonfly_doji,513,0.133421984189511,0.0067953146691143,1.0,-0.1357312754822275,0.2945124783512636,0
5,0.1,15,1,30,evening_star,54,0.0460839091206843,0.0183981259733231,1.0,-0.3290677761304248,0.7377412333753528,0
5,0.1,15,1,30,gravestone_doji,521,-0.0980598109951483,-0.0527333718575345,1.0,-0.2069194976168165,0.3187676826463236,0
5,0.1,15,1,30,hammer,1474,0.1118624570836385,0.1389678195920791,0.0383961603839616,0.0556162075000693,0.1764403808313949,1
5,0.1,15,1,30,hanging_man,1687,-0.1103571856834412,-0.0294744673622785,1.0,-0.1061634213005708,0.1599900431537975,0
5,0.1,15,1,30,inverted_hammer,1535,0.0556742780258304,-0.0032107620252043,1.0,-0.1086645322796599,0.2188064808169283,0
5,0.1,15,1,30,morning_star,40,-0.0730111326115341,0.1783975601191151,1.0,-0.2312291931571205,0.8554405678242866,0
5,0.1,15,1,30,piercing_line,210,-0.0763953490566976,-0.1634963456336083,1.0,-0.3727560392265168,0.4416396239625972,0
5,0.1,15,1,30,shooting_star,1586,-0.0862994761599823,-0.0527254654062842,1.0,-0.1405309725372446,0.177926196154048,0
5,0.1,15,1,30,three_black_crows,23,-0.2628508480302861,-0.0787787382800916,1.0,,,0
5,0.1,15,1,30,three_white_soldiers,27,0.2014160128496263,-0.2430263653844301,1.0,,,0
5,0.1,15,1,30,tweezer_bottom,3070,0.082904122224497,0.0388223750406844,1.0,-0.0145789077509768,0.1104241962629073,0
5,0.1,15,1,30,tweezer_top,3273,-0.0669148615022067,-0.0370805299210748,1.0,-0.0853086426722746,0.1002549774722533,0
5,0.1,15,6,30,bearish_engulfing,1552,-0.0673060554963693,-0.024860977076,1.0,-0.0811090643270715,0.1194560837893316,0
5,0.1,15,6,30,bearish_harami,686,-0.0287396377781699,0.1001693072956848,1.0,-0.0195803979611036,0.2439723826754648,0
5,0.1,15,6,30,bearish_kicker,182,-0.018269708787103,0.0640455182696485,1.0,-0.1465600659375209,0.4352336803463396,0
5,0.1,15,6,30,bullish_engulfing,1512,0.1610131367545237,0.0925151138711723,0.275972402759724,0.0246070765750834,0.1424369517138489,0
5,0.1,15,6,30,bullish_harami,663,0.0677508930411054,-0.0189097903135513,1.0,-0.1344341123935068,0.2383420860726547,0
5,0.1,15,6,30,bullish_kicker,190,-0.0314379299835345,0.0802316918114326,1.0,-0.1205664176068665,0.4096275406106484,0
5,0.1,15,6,30,dark_cloud_cover,202,0.0732564898980768,0.0513209328283783,1.0,-0.1551684057126114,0.4296828659333599,0
5,0.1,15,6,30,dragonfly_doji,513,0.133421984189511,0.0815128888981014,1.0,-0.076264911572303,0.3251932910455122,0
5,0.1,15,6,30,evening_star,54,0.0460839091206843,0.0395981437176419,1.0,-0.3111400862955111,0.7588060641103228,0
5,0.1,15,6,30,gravestone_doji,521,-0.0980598109951483,-0.0682771428748456,1.0,-0.2211942015352357,0.3165917592742898,0
5,0.1,15,6,30,hammer,1474,0.1118624570836385,0.1423918810688397,0.0575942405759424,0.0593098975522416,0.1766434011747824,0
5,0.1,15,6,30,hanging_man,1687,-0.1103571856834412,-0.0305765714204495,1.0,-0.1247551426622249,0.1953141407803124,0
5,0.1,15,6,30,inverted_hammer,1535,0.0556742780258304,0.0140503913333956,1.0,-0.0851835142080807,0.2104647798119089,0
5,0.1,15,6,30,morning_star,40,-0.0730111326115341,0.2038704815626915,1.0,-0.2442750119755583,0.917266019664394,0
5,0.1,15,6,30,piercing_line,210,-0.0763953490566976,-0.188838301428807,1.0,-0.4123911863184755,0.4688065212028218,0
5,0.1,15,6,30,shooting_star,1586,-0.0862994761599823,-0.0156499358354185,1.0,-0.0991522171165591,0.1742788938270031,0
5,0.1,15,6,30,three_black_crows,23,-0.2628508480302861,-0.0477554083862452,1.0,,,0
5,0.1,15,6,30,three_white_soldiers,27,0.2014160128496263,-0.1905808532529612,1.0,,,0
5,0.1,15,6,30,tweezer_bottom,3070,0.082904122224497,0.0723446878857641,0.1673832616738326,0.0223847371304082,0.1042298437927906,0
5,0.1,15,6,30,tweezer_top,3273,-0.0669148615022067,-0.0144261159370516,1.0,-0.0588744480275453,0.0910171144220402,0
5,0.1,15,11,30,bearish_engulfing,1552,-0.0673060554963693,-0.0219310163491722,1.0,-0.0907773740271137,0.1462167716342935,0
5,0.1,15,11,30,bearish_harami,686,-0.0287396377781699,0.0380623310667604,1.0,-0.085684579475849,0.2554082607261471,0
5,0.1,15,11,30,bearish_kicker,182,-0.018269708787103,0.060161284674893,1.0,-0.1550123843767088,0.4370050187084362,0
5,0.1,15,11,30,bullish_engulfing,1512,0.1610131367545237,0.0772450600570724,0.998900109989001,0.0057158688959224,0.1480797702643306,0
5,0.1,15,11,30,bullish_harami,663,0.0677508930411054,-0.0225202001344082,1.0,-0.1545802546111832,0.2760954554348122,0
5,0.1,15,11,30,bullish_kicker,190,-0.0314379299835345,0.1119660296813787,1.0,-0.1189587299606764,0.4809866144056589,0
5,0.1,15,11,30,dark_cloud_cover,202,0.0732564898980768,0.0906883122453957,1.0,-0.1172755782451028,0.4343636317527409,0
5,0.1,15,11,30,dragonfly_doji,513,0.133421984189511,0.0781463738682022,1.0,-0.0747326240516439,0.3193213291170259,0
5,0.1,15,11,30,evening_star,54,0.0460839091206843,0.0316839671339099,1.0,-0.3351751690537801,0.7736276632732411,0
5,0.1,15,11,30,gravestone_doji,521,-0.0980598109951483,-0.1446466943193806,1.0,-0.2985560493090214,0.3201840557650438,0
5,0.1,15,11,30,hammer,1474,0.1118624570836385,0.1292673059297123,0.2431756824317568,0.0400834760209382,0.190183987046846,0
5,0.1,15,11,30,hanging_man,1687,-0.1103571856834412,0.0007188551391967,1.0,-0.0846355241073792,0.1777698554860492,0
5,0.1,15,11,30,inverted_hammer,1535,0.0556742780258304,0.015936128716668,1.0,-0.0909582035376625,0.2268606061385528,0
5,0.1,15,11,30,morning_star,40,-0.0730111326115341,0.1604043662757312,1.0,-0.360242866812074,1.0673456848010003,0
5,0.1,15,11,30,piercing_line,210,-0.0763953490566976,-0.1565349016670752,1.0,-0.4082143222058827,0.5215466227425255,0
5,0.1,15,11,30,shooting_star,1586,-0.0862994761599823,-0.0009391963081826,1.0,-0.0825790055753745,0.1689968256200271,0
5,0.1,15,11,30,three_black_crows,23,-0.2628508480302861,-0.1112239771321696,1.0,,,0
5,0.1,15,11,30,three_white_soldiers,27,0.2014160128496263,-0.2177745729509644,1.0,,,0
5,0.1,15,11,30,tweezer_bottom,3070,0.082904122224497,0.0495872902360478,1.0,-0.0004736071855018,0.1048351369336621,0
5,0.1,15,11,30,tweezer_top,3273,-0.0669148615022067,0.0059029845594573,1.0,-0.0441478758120327,0.1024249917849479,0
5,0.1,16,1,5,bearish_engulfing,1590,-0.0665149157408359,0.0003473268572827,1.0,-0.0374432462542,0.0792156685621211,0
5,0.1,16,1,5,bearish_harami,703,-0.0735666823861749,-0.037268139547706,1.0,-0.1412020708587061,0.2289408233362921,0
5,0.1,16,1,5,bearish_kicker,184,-0.1141404567116611,0.0665728919107355,1.0,-0.0724927480770128,0.2861803745953775,0
5,0.1,16,1,5,bullish_engulfing,1487,0.1221380459490781,0.0762897782912694,0.1175882411758824,0.027097371116977,0.1043741378422725,0
5,0.1,16,1,5,bullish_harami,634,0.0140962855176798,0.0653894467185181,1.0,-0.023685662379517,0.1878526633438077,0
5,0.1,16,1,5,bullish_kicker,189,0.1557178138097399,0.0743974884968875,1.0,-0.0776504170234388,0.3174093813176144,0
5,0.1,16,1,5,dark_cloud_cover,184,0.0037228588760076,-0.0828337310865507,1.0,-0.2087467917465215,0.2597311713810018,0
5,0.1,16,1,5,dragonfly_doji,614,0.0550014133165921,0.1145616156854665,0.7613238676132387,0.0184155598920117,0.208514251955887,0
5,0.1,16,1,5,evening_star,52,-0.1694543608351159,-0.1524317167072214,1.0,-0.4443806755689266,0.5796979852755803,0
5,0.1,16,1,5,gravestone_doji,649,-0.1375572811489945,-0.0338647756721629,1.0,-0.1214951415250731,0.1843099019818485,0
5,0.1,16,1,5,hammer,1605,0.0376252253759752,-0.0526258574341326,1.0,-0.1093838306995013,0.1183901471430209,0
5,0.1,16,1,5,hanging_man,1691,-0.0583424685652098,0.0292306857987875,1.0,-0.0412899662214235,0.1454405238929833,0
5,0.1,16,1,5,inverted_hammer,1674,0.0228235401860452,0.0311007513161586,1.0,-0.041683612441378,0.1538392795997417,0
5,0.1,16,1,5,morning_star,40,0.0710653057357216,-0.0119172497355548,1.0,-0.2061169700150679,0.4085199541887103,0
5,0.1,16,1,5,piercing_line,183,0.0507715078622347,0.0163691694771452,1.0,-0.1364951290262055,0.3161299713036727,0
5,0.1,16,1,5,shooting_star,1601,-0.1178101238830053,-0.0095366980733423,1.0,-0.0652444641608172,0.1156823078571002,0
5,0.1,16,1,5,three_black_crows,19,-0.0024466250419757,0.0428661926042712,1.0,,,0
5,0.1,16,1,5,three_white_soldiers,20,-0.0379245441422489,0.063330817315738,1.0,,,0
5,0.1,16,1,5,tweezer_bottom,2967,0.0664764364194252,0.0221091301023789,1.0,-0.0165352097788368,0.0806344135778451,0
5,0.1,16,1,5,tweezer_top,3154,-0.0553032251817211,-0.0013362110555454,1.0,-0.0395737635701378,0.0789175041270454,0
5,0.1,16,1,15,bearish_engulfing,1590,-0.0665149157408359,0.0182815571909251,1.0,-0.0339744475367399,0.111330498635158,0
5,0.1,16,1,15,bearish_harami,703,-0.0735666823861749,0.0383504749942868,1.0,-0.0690192191655902,0.2229428000345538,0
5,0.1,16,1,15,bearish_kicker,184,-0.1141404567116611,0.0070950579527639,1.0,-0.1544762335089833,0.3344347392608252,0
5,0.1,16,1,15,bullish_engulfing,1487,0.1221380459490781,0.0763006103346164,0.27997200279972,0.0163270775774456,0.1230305238503136,0
5,0.1,16,1,15,bullish_harami,634,0.0140962855176798,0.0508748553673736,1.0,-0.0578592457845812,0.2246803896743597,0
5,0.1,16,1,15,bullish_kicker,189,0.1557178138097399,0.1547195107512629,1.0,-0.0451108174088563,0.4186219320988348,0
5,0.1,16,1,15,dark_cloud_cover,184,0.0037228588760076,0.0248309906312704,1.0,-0.1591608863399857,0.3892170909121936,0
5,0.1,16,1,15,dragonfly_doji,614,0.0550014133165921,0.0518553340359456,1.0,-0.0622540397859809,0.2454893933711842,0
5,0.1,16,1,15,evening_star,52,-0.1694543608351159,-0.0160759920055417,1.0,-0.3716939872116798,0.7403693205981716,0
5,0.1,16,1,15,gravestone_doji,649,-0.1375572811489945,-0.0308749688532679,1.0,-0.1329520029800601,0.2148914178575453,0
5,0.1,16,1,15,hammer,1605,0.0376252253759752,0.0059019479761743,1.0,-0.0604635391214779,0.1395025245029067,0
5,0.1,16,1,15,hanging_man,1691,-0.0583424685652098,0.008975426008235,1.0,-0.0681380053711851,0.1660953254192156,0
5,0.1,16,1,15,inverted_hammer,1674,0.0228235401860452,0.0296075517124147,1.0,-0.0555697344601485,0.1777851048503158,0
5,0.1,16,1,15,morning_star,40,0.0710653057357216,0.0791985941882452,1.0,-0.2006245392628187,0.605286647545178,0
5,0.1,16,1,15,piercing_line,183,0.0507715078622347,0.0088051221937771,1.0,-0.1889662978095638,0.4040414822311753,0
5,0.1,16,1,15,shooting_star,1601,-0.1178101238830053,0.0296225522300405,1.0,-0.0369293279099483,0.1391832140491132,0
5,0.1,16,1,15,three_black_crows,19,-0.0024466250419757,0.1201242753306977,1.0,,,0
5,0.1,16,1,15,three_white_soldiers,20,-0.0379245441422489,0.080211835606242,1.0,,,0
5,0.1,16,1,15,tweezer_bottom,2967,0.0664764364194252,0.0189434916677566,1.0,-0.0276804099838319,0.0953472301806822,0
5,0.1,16,1,15,tweezer_top,3154,-0.0553032251817211,0.0278873747010324,1.0,-0.0134916094193171,0.0858932311216185,0
5,0.1,16,1,30,bearish_engulfing,1590,-0.0665149157408359,0.0254141267045788,1.0,-0.0294071725975743,0.1150076700221633,0
5,0.1,16,1,30,bearish_harami,703,-0.0735666823861749,0.0192322904790581,1.0,-0.0961806575766824,0.2462140448234617,0
5,0.1,16,1,30,bearish_kicker,184,-0.1141404567116611,0.0336020024487765,1.0,-0.1629298911332935,0.4001583567229329,0
5,0.1,16,1,30,bullish_engulfing,1487,0.1221380459490781,0.0814757517762816,0.377962203779622,0.0149651645546604,0.1366315204783965,0
5,0.1,16,1,30,bullish_harami,634,0.0140962855176798,0.1096340416110274,1.0,-0.0200626118552182,0.2754104115117841,0
5,0.1,16,1,30,bullish_kicker,189,0.1557178138097399,0.139551194598484,1.0,-0.0740559715673814,0.4484014098097423,0
5,0.1,16,1,30,dark_cloud_cover,184,0.0037228588760076,0.0900796958854841,1.0,-0.1349944529292827,0.4533668002364791,0
5,0.1,16,1,30,dragonfly_doji,614,0.0550014133165921,0.0216766184951967,1.0,-0.1057884713679283,0.2632891528757204,0
5,0.1,16,1,30,evening_star,52,-0.1694543608351159,0.1058247622848436,1.0,-0.2411589492276308,0.7376400240928825,0
5,0.1,16,1,30,gravestone_doji,649,-0.1375572811489945,0.0457791455734323,1.0,-0.0755274441026856,0.256145910127166,0
5,0.1,16,1,30,hammer,1605,0.0376252253759752,0.0303628519344694,1.0,-0.0506394634690964,0.1635572243741475,0
5,0.1,16,1,30,hanging_man,1691,-0.0583424685652098,0.0391419678085206,1.0,-0.0467004766878109,0.1762982334874983,0
5,0.1,16,1,30,inverted_hammer,1674,0.0228235401860452,-0.0100405233545889,1.0,-0.0982894106077354,0.1873368115554206,0
5,0.1,16,1,30,morning_star,40,0.0710653057357216,0.0993084587120643,1.0,-0.2643005058564667,0.7338052237747694,0
5,0.1,16,1,30,piercing_line,183,0.0507715078622347,-0.043676968709865,1.0,-0.2473853380275233,0.4187563062894668,0
5,0.1,16,1,30,shooting_star,1601,-0.1178101238830053,0.0019493496228608,1.0,-0.0706820351145017,0.1509759622011557,0
5,0.1,16,1,30,three_black_crows,19,-0.0024466250419757,-0.0242453943758508,1.0,,,0
5,0.1,16,1,30,three_white_soldiers,20,-0.0379245441422489,0.1420453597564901,1.0,,,0
5,0.1,16,1,30,tweezer_bottom,2967,0.0664764364194252,0.0851819640931265,0.0185981401859814,0.0360842304892086,0.1019253877353082,1
5,0.1,16,1,30,tweezer_top,3154,-0.0553032251817211,0.0133147179270682,1.0,-0.0376576052725366,0.1036818369416455,0
5,0.1,16,6,30,bearish_engulfing,1590,-0.0665149157408359,0.047942979528431,1.0,-0.0166233948399254,0.1327801168741745,0
5,0.1,16,6,30,bearish_harami,703,-0.0735666823861749,0.0136302514084499,1.0,-0.1088046024155447,0.2643097217326944,0
5,0.1,16,6,30,bearish_kicker,184,-0.1141404567116611,0.0696261675574851,1.0,-0.1326140301699381,0.4214405895345936,0
5,0.1,16,6,30,bullish_engulfing,1487,0.1221380459490781,0.0709109363581001,1.0,0.0010534280347786,0.1426898338795031,0
5,0.1,16,6,30,bullish_harami,634,0.0140962855176798,0.0679523251975385,1.0,-0.0802094750436347,0.3108970217665904,0
5,0.1,16,6,30,bullish_kicker,189,0.1557178138097399,0.1224381659304294,1.0,-0.1014229678278668,0.4777586936312913,0
5,0.1,16,6,30,dark_cloud_cover,184,0.0037228588760076,0.0261377518136557,1.0,-0.2022534097784983,0.4636774988511659,0
5,0.1,16,6,30,dragonfly_doji,614,0.0550014133165921,-0.0065993440057084,1.0,-0.1414167434878038,0.2790695169772983,0
5,0.1,16,6,30,evening_star,52,-0.1694543608351159,0.0170769065086061,1.0,-0.4172145302265267,0.8975216454702869,0
5,0.1,16,6,30,gravestone_doji,649,-0.1375572811489945,0.0273874466196392,1.0,-0.109643446998861,0.2872442308151468,0
5,0.1,16,6,30,hammer,1605,0.0376252253759752,-0.0167106741088006,1.0,-0.1006759063042032,0.1703487416936664,0
5,0.1,16,6,30,hanging_man,1691,-0.0583424685652098,-0.0101711728439518,1.0,-0.0881798754005821,0.1654040968184797,0
5,0.1,16,6,30,inverted_hammer,1674,0.0228235401860452,-0.0097058861159263,1.0,-0.0922877265964676,0.1743723867726866,0
5,0.1,16,6,30,morning_star,40,0.0710653057357216,-0.1550027566157088,1.0,-0.5403060624891559,0.8089022451690979,0
5,0.1,16,6,30,piercing_line,183,0.0507715078622347,-0.0529576636996093,1.0,-0.2529200648401146,0.4154804344052462,0
5,0.1,16,6,30,shooting_star,1601,-0.1178101238830053,-0.0175000277108143,1.0,-0.091025024259177,0.1492807965569165,0
5,0.1,16,6,30,three_black_crows,19,-0.0024466250419757,-0.0191605412632729,1.0,,,0
5,0.1,16,6,30,three_white_soldiers,20,-0.0379245441422489,0.299987396911666,1.0,,,0
5,0.1,16,6,30,tweezer_bottom,2967,0.0664764364194252,0.0825105067320092,0.0463953604639536,0.0297474847776049,0.1087060676327694,1
5,0.1,16,6,30,tweezer_top,3154,-0.0553032251817211,0.0383261885011238,1.0,-0.0128374537053302,0.104705188062676,0
5,0.1,16,11,30,bearish_engulfing,1590,-0.0665149157408359,0.0207702441301496,1.0,-0.0445227761904505,0.1384709716428869,0
5,0.1,16,11,30,bearish_harami,703,-0.0735666823861749,-0.0570322282290479,1.0,-0.180620959347988,0.2704972935005693,0
5,0.1,16,11,30,bearish_kicker,184,-0.1141404567116611,-0.1179865176844502,1.0,-0.349889411934925,0.4910224315475804,0
5,0.1,16,11,30,bullish_engulfing,1487,0.1221380459490781,0.0725245928017672,1.0,0.0045493765088628,0.1407841116011248,0
5,0.1,16,11,30,bullish_harami,634,0.0140962855176798,0.0295686632709671,1.0,-0.1112532061926416,0.2909945119861361,0
5,0.1,16,11,30,bullish_kicker,189,0.1557178138097399,0.2043947526375095,1.0,-0.0356865091147287,0.5125800473779343,0
5,0.1,16,11,30,dark_cloud_cover,184,0.0037228588760076,-0.0183209958955964,1.0,-0.2477033199083521,0.4587783786114562,0
5,0.1,16,11,30,dragonfly_doji,614,0.0550014133165921,0.055786196818065,1.0,-0.0871440508256517,0.3020049378367984,0
5,0.1,16,11,30,evening_star,52,-0.1694543608351159,0.0820058707886006,1.0,-0.3361193012889877,0.8804742156139118,0
5,0.1,16,11,30,gravestone_doji,649,-0.1375572811489945,-0.0479922953865564,1.0,-0.173801297586697,0.2610374137203138,0
5,0.1,16,11,30,hammer,1605,0.0376252253759752,-0.0329363522823171,1.0,-0.1131065030797995,0.1632454725946911,0
5,0.1,16,11,30,hanging_man,1691,-0.0583424685652098,0.0017441541018732,1.0,-0.0776999763701215,0.16381475529411,0
5,0.1,16,11,30,inverted_hammer,1674,0.0228235401860452,-0.0197883097856921,1.0,-0.0979278391892993,0.163528743596341,0
5,0.1,16,11,30,morning_star,40,0.0710653057357216,-0.0473630890312713,1.0,-0.4506547948562673,0.8648416064228749,0
5,0.1,16,11,30,piercing_line,183,0.0507715078622347,0.07224616670282,1.0,-0.1444119027416682,0.4483862715998048,0
5,0.1,16,11,30,shooting_star,1601,-0.1178101238830053,-0.0089511689503763,1.0,-0.0897619785096379,0.1692623668807778,0
5,0.1,16,11,30,three_black_crows,19,-0.0024466250419757,0.0026668457785611,1.0,,,0
5,0.1,16,11,30,three_white_soldiers,20,-0.0379245441422489,0.3303700791890807,1.0,,,0
5,0.1,16,11,30,tweezer_bottom,2967,0.0664764364194252,0.081845549353902,0.0123987601239876,0.0376940375340929,0.091860227145269,1
5,0.1,16,11,30,tweezer_top,3154,-0.0553032251817211,0.0127863656893143,1.0,-0.0340816307210226,0.0954008284283167,0
5,0.15,1,1,5,bearish_engulfing,1611,-0.1100981972857849,0.0121546716738233,1.0,-0.0365996075393865,0.1024749120819026,0
5,0.15,1,1,5,bearish_harami,695,-0.0975164908738664,0.0115517401559271,1.0,-0.0828423189307676,0.1984479065485002,0
5,0.15,1,1,5,bearish_kicker,180,-0.145969725541471,0.0529501298430333,1.0,-0.0870794527585054,0.2893785212963312,0
5,0.15,1,1,5,bullish_engulfing,1429,0.2945519261525907,0.1342829573793477,0.0083991600839916,0.0893602470328831,0.0938791285887876,1
5,0.15,1,1,5,bullish_harami,629,-0.0014903637599322,-0.0831871344603386,1.0,-0.179368163837823,0.1935626967008993,0
5,0.15,1,1,5,bullish_kicker,201,-0.0350963974357556,-0.0255848031253423,1.0,-0.1843392247785824,0.32440672755783,0
5,0.15,1,1,5,dark_cloud_cover,213,-0.136999807584878,-0.0430025476349343,1.0,-0.1771349043570537,0.2843685867362521,0
5,0.15,1,1,5,dragonfly_doji,489,0.0840425584002085,-0.0711113248007971,1.0,-0.1907727146705292,0.2494722728731153,0
5,0.15,1,1,5,evening_star,50,-0.0801029387108468,-0.1950555010137754,1.0,-0.5072498813890106,0.6220929593917741,0
5,0.15,1,1,5,gravestone_doji,647,-0.0946017675552581,-0.0291178706874384,1.0,-0.1179390691158902,0.1782695972579079,0
5,0.15,1,1,5,hammer,1422,0.076123082928745,-0.0489685371279407,1.0,-0.1197788263389797,0.1512285658531919,0
5,0.15,1,1,5,hanging_man,1737,-0.10149458469218,-0.0123513027769627,1.0,-0.08615687666185,0.1539728045441778,0
5,0.15,1,1,5,inverted_hammer,1543,0.0975918713781295,0.0223167805616657,1.0,-0.0492968058315528,0.1484974153737676,0
5,0.15,1,1,5,morning_star,44,0.293874365582324,-0.1941617157106669,1.0,-0.4973526089647452,0.5929565096699685,0
5,0.15,1,1,5,piercing_line,181,-0.0112369178135766,-0.0326136701221512,1.0,-0.1512646582982296,0.2426057665210096,0
5,0.15,1,1,5,shooting_star,1679,-0.0543877755329396,0.0193742862453966,1.0,-0.0416698021825631,0.1267249455688406,0
5,0.15,1,1,5,three_black_crows,19,-0.1374592846368455,-0.160796934705422,1.0,,,0
5,0.15,1,1,5,three_white_soldiers,25,-0.0275424086673915,-0.03422351648283,1.0,,,0
5,0.15,1,1,5,tweezer_bottom,2912,0.1299970885135685,0.0300621530204982,1.0,-0.0101118256010761,0.0843104957078661,0
5,0.15,1,1,5,tweezer_top,3325,-0.0995229837481739,0.0066716309559765,1.0,-0.0274010087344355,0.0700103119932657,0
5,0.15,1,1,15,bearish_engulfing,1611,-0.1100981972857849,0.0308787797066363,1.0,-0.0302655961105777,0.1296354493245997,0
5,0.15,1,1,15,bearish_harami,695,-0.0975164908738664,0.0532815392133616,1.0,-0.0509312459295712,0.215727795081116,0
5,0.15,1,1,15,bearish_kicker,180,-0.145969725541471,0.1081821375325282,1.0,-0.0862579690746459,0.4239254636858247,0
5,0.15,1,1,15,bullish_engulfing,1429,0.2945519261525907,0.1679600678786124,0.0083991600839916,0.0971072477684258,0.1448584259035789,1
5,0.15,1,1,15,bullish_harami,629,-0.0014903637599322,-0.1439564689286839,1.0,-0.244324814768683,0.2060258410738397,0
5,0.15,1,1,15,bullish_kicker,201,-0.0350963974357556,-0.0452619046196033,1.0,-0.1975376076703604,0.3195722146177135,0
5,0.15,1,1,15,dark_cloud_cover,213,-0.136999807584878,-0.0693721562015634,1.0,-0.2490192089548032,0.3798247816890185,0
5,0.15,1,1,15,dragonfly_doji,489,0.0840425584002085,-0.0507431113504184,1.0,-0.1984737640853917,0.3072034060986964,0
5,0.15,1,1,15,evening_star,50,-0.0801029387108468,-0.1424834912556539,1.0,-0.5272201075357994,0.800084122095243,0
5,0.15,1,1,15,gravestone_doji,647,-0.0946017675552581,0.0961893548509053,1.0,-0.0089452778195814,0.2216451747905346,0
5,0.15,1,1,15,hammer,1422,0.076123082928745,-0.0200027623664558,1.0,-0.1004623816652609,0.1704392840743,0
5,0.15,1,1,15,hanging_man,1737,-0.10149458469218,-0.0006117383506682,1.0,-0.0721339665479362,0.150608763750075,0
5,0.15,1,1,15,inverted_hammer,1543,0.0975918713781295,0.0143683084732692,1.0,-0.0659060159398569,0.1745402563352749,0
5,0.15,1,1,15,morning_star,44,0.293874365582324,0.1368526612911132,1.0,-0.2990479327321209,0.9591579022481184,0
5,0.15,1,1,15,piercing_line,181,-0.0112369178135766,-0.0565072580211784,1.0,-0.257280076227586,0.4108275007831234,0
5,0.15,1,1,15,shooting_star,1679,-0.0543877755329396,0.0400012230442793,1.0,-0.026086298268539,0.1380192929653688,0
5,0.15,1,1,15,three_black_crows,19,-0.1374592846368455,0.0447145292398584,1.0,,,0
5,0.15,1,1,15,three_white_soldiers,25,-0.0275424086673915,0.1285688819384558,1.0,,,0
5,0.15,1,1,15,tweezer_bottom,2912,0.1299970885135685,0.0236150740700262,1.0,-0.0235411495116244,0.0990039145310319,0
5,0.15,1,1,15,tweezer_top,3325,-0.0995229837481739,0.0391617778563791,1.0,-0.0022259777461781,0.0849345122645827,0
5,0.15,1,1,30,bearish_engulfing,1611,-0.1100981972857849,0.0605941650673022,1.0,-0.0112411060673646,0.1494641857262871,0
5,0.15,1,1,30,bearish_harami,695,-0.0975164908738664,0.0309061373668871,1.0,-0.0816574400713491,0.2340846546805316,0
5,0.15,1,1,30,bearish_kicker,180,-0.145969725541471,0.001162356134727,1.0,-0.2596523020706914,0.5329843615661565,0
5,0.15,1,1,30,bullish_engulfing,1429,0.2945519261525907,0.1607054499128012,0.0083991600839916,0.0903268856621398,0.1423654320291393,1
5,0.15,1,1,30,bullish_harami,629,-0.0014903637599322,-0.1837618311226737,1.0,-0.3081103197649064,0.2555653660789824,0
5,0.15,1,1,30,bullish_kicker,201,-0.0350963974357556,-0.0628365175527387,1.0,-0.2338597739008162,0.3460052716328448,0
5,0.15,1,1,30,dark_cloud_cover,213,-0.136999807584878,-0.082249821132609,1.0,-0.2818380839202455,0.4284375732389091,0
5,0.15,1,1,30,dragonfly_doji,489,0.0840425584002085,-0.07041107930219,1.0,-0.249595649059796,0.3663807777248523,0
5,0.15,1,1,30,evening_star,50,-0.0801029387108468,0.2029832266005841,1.0,-0.1114721468082226,0.6823120593143266,0
5,0.15,1,1,30,gravestone_doji,647,-0.0946017675552581,-0.0048490369303383,1.0,-0.1349241529557875,0.2704485035566722,0
5,0.15,1,1,30,hammer,1422,0.076123082928745,-0.0199174402306675,1.0,-0.105592750442222,0.1805659812208948,0
5,0.15,1,1,30,hanging_man,1737,-0.10149458469218,0.0023567880970412,1.0,-0.0788661181380567,0.1666185105856905,0
5,0.15,1,1,30,inverted_hammer,1543,0.0975918713781295,-0.0101604266449109,1.0,-0.1016881263053521,0.1934590000442706,0
5,0.15,1,1,30,morning_star,44,0.293874365582324,0.1290885213646355,1.0,-0.3449090276325716,0.9857509217281684,0
5,0.15,1,1,30,piercing_line,181,-0.0112369178135766,-0.0425166168169331,1.0,-0.2566508672112699,0.4433583493047683,0
5,0.15,1,1,30,shooting_star,1679,-0.0543877755329396,0.0669606161184782,1.0,-0.0094689455120707,0.1608537381564972,0
5,0.15,1,1,30,three_black_crows,19,-0.1374592846368455,0.0155707939814471,1.0,,,0
5,0.15,1,1,30,three_white_soldiers,25,-0.0275424086673915,-0.0503391587173046,1.0,,,0
5,0.15,1,1,30,tweezer_bottom,2912,0.1299970885135685,0.0491367015887869,1.0,-0.0021022659526175,0.1084689660336538,0
5,0.15,1,1,30,tweezer_top,3325,-0.0995229837481739,0.0097452766604141,1.0,-0.0358906985299448,0.094555032234502,0
5,0.15,1,6,30,bearish_engulfing,1611,-0.1100981972857849,0.0399218069462477,1.0,-0.0308843063375175,0.1488981665418773,0
5,0.15,1,6,30,bearish_harami,695,-0.0975164908738664,0.0076205828078144,1.0,-0.115195650416514,0.259055345931622,0
5,0.15,1,6,30,bearish_kicker,180,-0.145969725541471,0.0473480203859923,1.0,-0.2146173743270194,0.5460068251075458,0
5,0.15,1,6,30,bullish_engulfing,1429,0.2945519261525907,0.1722928471842187,0.0083991600839916,0.0991065084768586,0.1468328579987147,1
5,0.15,1,6,30,bullish_harami,629,-0.0014903637599322,-0.1004927444370656,1.0,-0.2445001549856337,0.2950411443611913,0
5,0.15,1,6,30,bullish_kicker,201,-0.0350963974357556,-0.1769518407608262,1.0,-0.3641965662962549,0.3883140552566482,0
5,0.15,1,6,30,dark_cloud_cover,213,-0.136999807584878,-0.155955655736774,1.0,-0.3464725986620238,0.4018449496427405,0
5,0.15,1,6,30,dragonfly_doji,489,0.0840425584002085,-0.0743101715953879,1.0,-0.2305634893719492,0.3286425332389644,0
5,0.15,1,6,30,evening_star,50,-0.0801029387108468,0.163004520505604,1.0,-0.2249070329801871,0.8242454344725523,0
5,0.15,1,6,30,gravestone_doji,647,-0.0946017675552581,0.0233499996602073,1.0,-0.1046639281511466,0.2658100282921232,0
5,0.15,1,6,30,hammer,1422,0.076123082928745,-0.0195799146553654,1.0,-0.1105835696265827,0.1903957762931089,0
5,0.15,1,6,30,hanging_man,1737,-0.10149458469218,-0.0078836486973753,1.0,-0.1020572389233246,0.1901660006844731,0
5,0.15,1,6,30,inverted_hammer,1543,0.0975918713781295,0.0076485812491376,1.0,-0.1029796516730472,0.2335019063538555,0
5,0.15,1,6,30,morning_star,44,0.293874365582324,0.0816413047771526,1.0,-0.4414218862837727,1.0995337811740562,0
5,0.15,1,6,30,piercing_line,181,-0.0112369178135766,-0.0411900764501242,1.0,-0.2739600666917276,0.4780719227468248,0
5,0.15,1,6,30,shooting_star,1679,-0.0543877755329396,0.1136069782203043,0.188981101889811,0.028504997193318,0.1757140374956629,0
5,0.15,1,6,30,three_black_crows,19,-0.1374592846368455,0.0863332682559769,1.0,,,0
5,0.15,1,6,30,three_white_soldiers,25,-0.0275424086673915,-0.2129820458805878,1.0,,,0
5,0.15,1,6,30,tweezer_bottom,2912,0.1299970885135685,0.0716965161090929,0.4055594440555944,0.0134875918744193,0.1222354718717555,0
5,0.15,1,6,30,tweezer_top,3325,-0.0995229837481739,0.0109362574296837,1.0,-0.036427932831719,0.0994814492340421,0
5,0.15,1,11,30,bearish_engulfing,1611,-0.1100981972857849,0.0385414326452163,1.0,-0.0362758536027931,0.15695424326579,0
5,0.15,1,11,30,bearish_harami,695,-0.0975164908738664,0.0324867744917983,1.0,-0.1033805114932996,0.2852031155906089,0
5,0.15,1,11,30,bearish_kicker,180,-0.145969725541471,0.0215121555085332,1.0,-0.2285326321864808,0.5300545000514291,0
5,0.15,1,11,30,bullish_engulfing,1429,0.2945519261525907,0.1844927266707795,0.0083991600839916,0.1139825873303586,0.1459656621104902,1
5,0.15,1,11,30,bullish_harami,629,-0.0014903637599322,-0.1014012006575283,1.0,-0.2491053079996046,0.306397780921021,0
5,0.15,1,11,30,bullish_kicker,201,-0.0350963974357556,-0.0560818373524939,1.0,-0.2809087321238192,0.4616219584726357,0
5,0.15,1,11,30,dark_cloud_cover,213,-0.136999807584878,-0.2143262123305408,1.0,-0.3978914255074449,0.4015087411924848,0
5,0.15,1,11,30,dragonfly_doji,489,0.0840425584002085,-0.1153301893550906,1.0,-0.284105208983584,0.3582575717770556,0
5,0.15,1,11,30,evening_star,50,-0.0801029387108468,0.1162577188712742,1.0,-0.310317286927069,0.8862643088543761,0
5,0.15,1,11,30,gravestone_doji,647,-0.0946017675552581,0.0605055729305056,1.0,-0.0627460310139298,0.2545771548060391,0
5,0.15,1,11,30,hammer,1422,0.076123082928745,-0.0413410525934868,1.0,-0.1334356660650121,0.1891274450755002,0
5,0.15,1,11,30,hanging_man,1737,-0.10149458469218,0.0250176379281501,1.0,-0.0649275090455095,0.1819676995814064,0
5,0.15,1,11,30,inverted_hammer,1543,0.0975918713781295,0.0441391315356189,1.0,-0.0561419290723078,0.2072939009706723,0
5,0.15,1,11,30,morning_star,44,0.293874365582324,0.2746267123592749,1.0,-0.2239186684957248,1.0627213659653192,0
5,0.15,1,11,30,piercing_line,181,-0.0112369178135766,-0.0842299529670421,1.0,-0.2942421359941358,0.4408693779942228,0
5,0.15,1,11,30,shooting_star,1679,-0.0543877755329396,0.1306214134345204,0.0231976802319768,0.0509026314813777,0.1649028846123963,1
5,0.15,1,11,30,three_black_crows,19,-0.1374592846368455,0.0093109977470376,1.0,,,0
5,0.15,1,11,30,three_white_soldiers,25,-0.0275424086673915,-0.2534999467232957,1.0,,,0
5,0.15,1,11,30,tweezer_bottom,2912,0.1299970885135685,0.0466358685726964,1.0,-0.0046419244453968,0.1066063894469039,0
5,0.15,1,11,30,tweezer_top,3325,-0.0995229837481739,0.0054102500942291,1.0,-0.043376467169844,0.1000545038187413,0
5,0.15,2,1,5,bearish_engulfing,1560,-0.0969291866435575,0.0293091072863247,1.0,-0.0120594963177891,0.0860853675271891,0
5,0.15,2,1,5,bearish_harami,669,-0.0700814339732655,0.0222163026790188,1.0,-0.0617165575409202,0.1770275801077308,0
5,0.15,2,1,5,bearish_kicker,167,-0.1225266587971914,0.103766915378844,1.0,-0.0533003151395337,0.3315899930370062,0
5,0.15,2,1,5,bullish_engulfing,1440,0.2760851639519685,0.1324887664911414,0.0083991600839916,0.0775786199582661,0.1140788389387713,1
5,0.15,2,1,5,bullish_harami,578,0.1516805473862217,0.1156711976624402,0.4749525047495251,0.0178897725199782,0.2020272033517899,0
5,0.15,2,1,5,bullish_kicker,189,-0.1163159458207533,-0.0656616301842378,1.0,-0.2116105665071856,0.2943374364013181,0
5,0.15,2,1,5,dark_cloud_cover,209,-0.1478307580933834,0.1039642021339107,1.0,-0.0265630696690932,0.2674395000026934,0
5,0.15,2,1,5,dragonfly_doji,443,0.0108059533642488,-0.0210325296213739,1.0,-0.1513067905534323,0.2684976802221583,0
5,0.15,2,1,5,evening_star,60,-0.2407253237864431,-0.0424960963952298,1.0,-0.2545957938129672,0.4289549247799257,0
5,0.15,2,1,5,gravestone_doji,486,0.0103608597013195,0.0179649695678949,1.0,-0.0981338582020237,0.2408608349740585,0
5,0.15,2,1,5,hammer,1481,0.0726814353356508,-0.0105406334096044,1.0,-0.073743210527786,0.132568460593415,0
5,0.15,2,1,5,hanging_man,1768,-0.1010782424885644,-0.0337338171320268,1.0,-0.1136946005609153,0.1657328881481144,0
5,0.15,2,1,5,inverted_hammer,1578,0.0507801530460182,0.0191539547102918,1.0,-0.0482817497370346,0.1418831598493576,0
5,0.15,2,1,5,morning_star,50,0.0809266641922824,-0.0152878300396945,1.0,-0.3285350944037108,0.659641490299917,0
5,0.15,2,1,5,piercing_line,195,0.1057765257042639,-0.0057788983428281,1.0,-0.142125470478573,0.2761916701287276,0
5,0.15,2,1,5,shooting_star,1581,-0.0647573573027228,0.0116119016774365,1.0,-0.0515921836332473,0.1299891030767758,0
5,0.15,2,1,5,three_black_crows,23,-0.1333383545087702,-0.0545111391068632,1.0,,,0
5,0.15,2,1,5,three_white_soldiers,22,0.2307965032170755,0.2638723889092451,1.0,,,0
5,0.15,2,1,5,tweezer_bottom,3038,0.1271645108188953,0.0339748630986486,1.0,-0.0034585549443626,0.0786332200066397,0
5,0.15,2,1,5,tweezer_top,3345,-0.0729367802360154,0.034646530178892,1.0,-0.0001856771934848,0.0718201004598657,0
5,0.15,2,1,15,bearish_engulfing,1560,-0.0969291866435575,0.0508186670429872,1.0,-0.0005408240995479,0.1071735480484949,0
5,0.15,2,1,15,bearish_harami,669,-0.0700814339732655,0.0293428339311969,1.0,-0.0820953293382931,0.2304439083438459,0
5,0.15,2,1,15,bearish_kicker,167,-0.1225266587971914,0.0772599671262245,1.0,-0.1157079370274686,0.4116862540664003,0
5,0.15,2,1,15,bullish_engulfing,1440,0.2760851639519685,0.2027092878711537,0.0083991600839916,0.1320105316302798,0.1477042018165278,1
5,0.15,2,1,15,bullish_harami,578,0.1516805473862217,0.0920324566024688,1.0,-0.0296294132557492,0.2553275284313421,0
5,0.15,2,1,15,bullish_kicker,189,-0.1163159458207533,-0.0744869571658465,1.0,-0.23929379039074,0.3332436078264659,0
5,0.15,2,1,15,dark_cloud_cover,209,-0.1478307580933834,-0.009994077455756,1.0,-0.1603456933481062,0.3184341002374073,0
5,0.15,2,1,15,dragonfly_doji,443,0.0108059533642488,-0.1088096591902895,1.0,-0.239188864156312,0.2698071336836914,0
5,0.15,2,1,15,evening_star,60,-0.2407253237864431,0.0121035923253866,1.0,-0.2666296485027905,0.5707526912013163,0
5,0.15,2,1,15,gravestone_doji,486,0.0103608597013195,0.1270604108483808,1.0,-0.0240429760729671,0.3170260831779121,0
5,0.15,2,1,15,hammer,1481,0.0726814353356508,-0.0376239348768911,1.0,-0.1081378839658034,0.1473681821278944,0
5,0.15,2,1,15,hanging_man,1768,-0.1010782424885644,-0.0503203052439774,1.0,-0.1388323424916009,0.1871530593328652,0
5,0.15,2,1,15,inverted_hammer,1578,0.0507801530460182,0.032464984291238,1.0,-0.0498611989993827,0.1728934076747863,0
5,0.15,2,1,15,morning_star,50,0.0809266641922824,-0.1315500849666298,1.0,-0.4063943766601672,0.5584338756078293,0
5,0.15,2,1,15,piercing_line,195,0.1057765257042639,0.038008572274507,1.0,-0.1377530954506078,0.3538365452868279,0
5,0.15,2,1,15,shooting_star,1581,-0.0647573573027228,0.0197814230211535,1.0,-0.0466176206601524,0.1417821221062302,0
5,0.15,2,1,15,three_black_crows,23,-0.1333383545087702,-0.3096690758786309,1.0,,,0
5,0.15,2,1,15,three_white_soldiers,22,0.2307965032170755,0.252155370330262,1.0,,,0
5,0.15,2,1,15,tweezer_bottom,3038,0.1271645108188953,0.0442112899544849,1.0,-0.0077790508951534,0.1097442326690161,0
5,0.15,2,1,15,tweezer_top,3345,-0.0729367802360154,0.0156796558437874,1.0,-0.0300325361845679,0.0936194608273213,0
5,0.15,2,1,30,bearish_engulfing,1560,-0.0969291866435575,0.0594390595861959,0.8141185881411859,0.0040612668788424,0.1150653284358137,0
5,0.15,2,1,30,bearish_harami,669,-0.0700814339732655,0.0004544403429048,1.0,-0.1167319511034039,0.2493778597647458,0
5,0.15,2,1,30,bearish_kicker,167,-0.1225266587971914,0.0298554106881989,1.0,-0.1915204212334974,0.4671156128748266,0
5,0.15,2,1,30,bullish_engulfing,1440,0.2760851639519685,0.2018952901594778,0.0083991600839916,0.1326165850104414,0.1455221079321456,1
5,0.15,2,1,30,bullish_harami,578,0.1516805473862217,0.1292750376249737,0.9987001299870012,0.0042701435097824,0.2635382454138797,0
5,0.15,2,1,30,bullish_kicker,189,-0.1163159458207533,-0.2252975107487832,1.0,-0.4684190255934754,0.5080605204495772,0
5,0.15,2,1,30,dark_cloud_cover,209,-0.1478307580933834,0.0698410623497934,1.0,-0.1058530752765201,0.3585502871449602,0
5,0.15,2,1,30,dragonfly_doji,443,0.0108059533642488,-0.1720138829009646,1.0,-0.3343363047165876,0.3426690479749436,0
5,0.15,2,1,30,evening_star,60,-0.2407253237864431,-0.1401664421548436,1.0,-0.5142562930349444,0.7515888138031007,0
5,0.15,2,1,30,gravestone_doji,486,0.0103608597013195,0.1910398345639951,0.407959204079592,0.0393600971414634,0.3223585183915601,0
5,0.15,2,1,30,hammer,1481,0.0726814353356508,-0.0028221384746822,1.0,-0.0774089026052415,0.1571582998178698,0
5,0.15,2,1,30,hanging_man,1768,-0.1010782424885644,-0.0014652887355521,1.0,-0.0802827832025692,0.1663149617836965,0
5,0.15,2,1,30,inverted_hammer,1578,0.0507801530460182,0.04641733160998,1.0,-0.0382976006863232,0.1795695706459519,0
5,0.15,2,1,30,morning_star,50,0.0809266641922824,-0.2511504309425131,1.0,-0.6519370857119405,0.8387438561168055,0
5,0.15,2,1,30,piercing_line,195,0.1057765257042639,0.0360511398695768,1.0,-0.1954997197456071,0.4719451983735916,0
5,0.15,2,1,30,shooting_star,1581,-0.0647573573027228,0.0717455286147724,1.0,-0.0068957619525959,0.1636321753149252,0
5,0.15,2,1,30,three_black_crows,23,-0.1333383545087702,-0.0944686939368727,1.0,,,0
5,0.15,2,1,30,three_white_soldiers,22,0.2307965032170755,0.1594517244750576,1.0,,,0
5,0.15,2,1,30,tweezer_bottom,3038,0.1271645108188953,0.0485245794213602,1.0,-0.0060482458426834,0.1122454218249003,0
5,0.15,2,1,30,tweezer_top,3345,-0.0729367802360154,0.0689107225610657,0.0987901209879012,0.0237069372355102,0.0948220976889167,0
5,0.15,2,6,30,bearish_engulfing,1560,-0.0969291866435575,0.0305435145978794,1.0,-0.0335957751894044,0.1331601128931136,0
5,0.15,2,6,30,bearish_harami,669,-0.0700814339732655,0.0172972920110658,1.0,-0.1126600872983281,0.2687384635303026,0
5,0.15,2,6,30,bearish_kicker,167,-0.1225266587971914,-0.0347421363627736,1.0,-0.2735126491595153,0.4906419857289658,0
5,0.15,2,6,30,bullish_engulfing,1440,0.2760851639519685,0.2221719484087953,0.0083991600839916,0.1539207440938132,0.1433430904225625,1
5,0.15,2,6,30,bullish_harami,578,0.1516805473862217,0.090518574256626,1.0,-0.041820055636807,0.274365441565284,0
5,0.15,2,6,30,bullish_kicker,189,-0.1163159458207533,-0.288941583633157,1.0,-0.5276839622108073,0.503485974741723,0
5,0.15,2,6,30,dark_cloud_cover,209,-0.1478307580933834,0.0621854061117131,1.0,-0.122451757757918,0.3848418875437632,0
5,0.15,2,6,30,dragonfly_doji,443,0.0108059533642488,-0.1122176522136977,1.0,-0.2759802355308651,0.3426774699354118,0
5,0.15,2,6,30,evening_star,60,-0.2407253237864431,-0.0649606289067502,1.0,-0.4433306170343738,0.7399321142629564,0
5,0.15,2,6,30,gravestone_doji,486,0.0103608597013195,0.1491174344980944,1.0,-0.0132736991782628,0.3423741791421349,0
5,0.15,2,6,30,hammer,1481,0.0726814353356508,0.0167517536997903,1.0,-0.0510112833879788,0.1438205961336436,0
5,0.15,2,6,30,hanging_man,1768,-0.1010782424885644,0.0431452186057526,1.0,-0.0360515033124792,0.1669378733853199,0
5,0.15,2,6,30,inverted_hammer,1578,0.0507801530460182,0.0060809398156613,1.0,-0.0874057742943217,0.1949701400185095,0
5,0.15,2,6,30,morning_star,50,0.0809266641922824,0.0284835410177671,1.0,-0.3719585477972756,0.8068831520051251,0
5,0.15,2,6,30,piercing_line,195,0.1057765257042639,0.1662774086607871,1.0,-0.0806601766258359,0.5062371090838427,0
5,0.15,2,6,30,shooting_star,1581,-0.0647573573027228,0.0184699371076215,1.0,-0.0668527141685833,0.175182787795988,0
5,0.15,2,6,30,three_black_crows,23,-0.1333383545087702,-0.01564274773609,1.0,,,0
5,0.15,2,6,30,three_white_soldiers,22,0.2307965032170755,0.0773235900322459,1.0,,,0
5,0.15,2,6,30,tweezer_bottom,3038,0.1271645108188953,0.0713024360594933,0.0593940605939406,0.0252378614740235,0.0977597372901133,0
5,0.15,2,6,30,tweezer_top,3345,-0.0729367802360154,0.0383058103064859,1.0,-0.005139630618574,0.0918635563070985,0
5,0.15,2,11,30,bearish_engulfing,1560,-0.0969291866435575,0.0291131363402311,1.0,-0.037019477186189,0.136555254842196,0
5,0.15,2,11,30,bearish_harami,669,-0.0700814339732655,0.0556320679144134,1.0,-0.0650263746642332,0.2526403569976879,0
5,0.15,2,11,30,bearish_kicker,167,-0.1225266587971914,0.0458643707178207,1.0,-0.1787418288564906,0.46893961517439,0
5,0.15,2,11,30,bullish_engulfing,1440,0.2760851639519685,0.2001749965623701,0.0083991600839916,0.130374979435617,0.145333823464681,1
5,0.15,2,11,30,bullish_harami,578,0.1516805473862217,0.0731319751496339,1.0,-0.0441622225406986,0.2536549371944054,0
5,0.15,2,11,30,bullish_kicker,189,-0.1163159458207533,-0.1988966926166402,1.0,-0.4240852377928015,0.4696419789881866,0
5,0.15,2,11,30,dark_cloud_cover,209,-0.1478307580933834,0.1040694813887826,1.0,-0.1038917624451468,0.4243920988807546,0
5,0.15,2,11,30,dragonfly_doji,443,0.0108059533642488,-0.0336978566907345,1.0,-0.1979359691122917,0.3362130358468889,0
5,0.15,2,11,30,evening_star,60,-0.2407253237864431,-0.0589334975230431,1.0,-0.4554266998299157,0.8078100406241425,0
5,0.15,2,11,30,gravestone_doji,486,0.0103608597013195,0.1699592194497626,0.6431356864313569,0.0248662437003714,0.3084482958216598,0
5,0.15,2,11,30,hammer,1481,0.0726814353356508,0.0035685789200975,1.0,-0.0700655444942802,0.1521784146115193,0
5,0.15,2,11,30,hanging_man,1768,-0.1010782424885644,0.0055083807189218,1.0,-0.0724506557087753,0.1620534324710729,0
5,0.15,2,11,30,inverted_hammer,1578,0.0507801530460182,0.0422970664421517,1.0,-0.0490343958938844,0.192104809618181,0
5,0.15,2,11,30,morning_star,50,0.0809266641922824,0.0277584940102711,1.0,-0.3698980296987094,0.8253134594681981,0
5,0.15,2,11,30,piercing_line,195,0.1057765257042639,0.1107210613808566,1.0,-0.1237197013505521,0.4802642945710836,0
5,0.15,2,11,30,shooting_star,1581,-0.0647573573027228,0.00910049818764,1.0,-0.0743038938500714,0.1707734044608679,0
5,0.15,2,11,30,three_black_crows,23,-0.1333383545087702,0.136292030076416,1.0,,,0
5,0.15,2,11,30,three_white_soldiers,22,0.2307965032170755,0.113393373602448,1.0,,,0
5,0.15,2,11,30,tweezer_bottom,3038,0.1271645108188953,0.034538419091164,1.0,-0.014220007101159,0.1031802531343407,0
5,0.15,2,11,30,tweezer_top,3345,-0.0729367802360154,0.0635146180713542,0.055994400559944,0.0225988800614346,0.0855257675209762,0
5,0.15,3,1,5,bearish_engulfing,1549,-0.1087396789217632,0.0098400406545421,1.0,-0.0374280992338727,0.0957664327966427,0
5,0.15,3,1,5,bearish_harami,766,-0.1302413756437727,-0.0223487630954578,1.0,-0.0977514770136949,0.1578841365548941,0
5,0.15,3,1,5,bearish_kicker,156,-0.0845948454550319,0.1096065582930742,1.0,-0.0391750244869693,0.3103564694080526,0
5,0.15,3,1,5,bullish_engulfing,1381,0.2853307860102331,0.128093560701659,0.0083991600839916,0.0768002814726504,0.1067595445887621,1
5,0.15,3,1,5,bullish_harami,633,0.0964551904756621,0.0134193269520171,1.0,-0.0821424705893611,0.2037206612422324,0
5,0.15,3,1,5,bullish_kicker,169,-0.1153478246868269,-0.0403674233005294,1.0,-0.2098060204315134,0.3558246450405692,0
5,0.15,3,1,5,dark_cloud_cover,193,-0.2408920174696521,-0.0184209950018074,1.0,-0.1409424863942235,0.2555998351046428,0
5,0.15,3,1,5,dragonfly_doji,661,0.1217812034183664,-0.0690031042197387,1.0,-0.1687967821683901,0.2009352786507907,0
5,0.15,3,1,5,evening_star,47,-0.2083114322557589,-0.0689865604351402,1.0,-0.3732335621969503,0.6392201283817364,0
5,0.15,3,1,5,gravestone_doji,788,-0.0349637678255546,0.0273673209112624,1.0,-0.0558679648385174,0.1759076502374431,0
5,0.15,3,1,5,hammer,1519,0.0668753938911863,-0.0302083927495447,1.0,-0.088699400994424,0.1213368466803885,0
5,0.15,3,1,5,hanging_man,1876,-0.0806860321546922,0.0089390669719036,1.0,-0.0680670934905414,0.1613766238420372,0
5,0.15,3,1,5,inverted_hammer,1715,0.1256293414042316,0.0503270492721793,1.0,-0.0352329929068941,0.1816234845432947,0
5,0.15,3,1,5,morning_star,35,0.2121938550674926,-0.1801577778063866,1.0,-0.4898944017927248,0.596978589099749,0
5,0.15,3,1,5,piercing_line,153,-0.0294010621389834,-0.0815050644987964,1.0,-0.2578287509720562,0.3540269922512595,0
5,0.15,3,1,5,shooting_star,1736,-0.0441885344737051,0.041510728797141,1.0,-0.0088710771855016,0.1017247671332527,0
5,0.15,3,1,5,three_black_crows,17,-0.1041374617085433,0.1124905144618058,1.0,,,0
5,0.15,3,1,5,three_white_soldiers,18,-0.0138648836906704,0.0800231066691963,1.0,,,0
5,0.15,3,1,5,tweezer_bottom,2787,0.1250750284140853,0.0335839181182315,1.0,0.0016019148685748,0.0668665149206672,0
5,0.15,3,1,5,tweezer_top,3052,-0.0875494509837482,0.0160028713928322,1.0,-0.0195512203182884,0.0724306273976875,0
5,0.15,3,1,15,bearish_engulfing,1549,-0.1087396789217632,0.0372226235706471,1.0,-0.0168773259066624,0.1124981428541212,0
5,0.15,3,1,15,bearish_harami,766,-0.1302413756437727,0.0208417374354323,1.0,-0.0767253389735381,0.2047102467712982,0
5,0.15,3,1,15,bearish_kicker,156,-0.0845948454550319,0.1434582181240245,1.0,-0.0503275359156475,0.4021064554515304,0
5,0.15,3,1,15,bullish_engulfing,1381,0.2853307860102331,0.2111080189628613,0.0083991600839916,0.1442799897178088,0.1388311277346005,1
5,0.15,3,1,15,bullish_harami,633,0.0964551904756621,0.042553534489898,1.0,-0.0689770388445032,0.2349134173174169,0
5,0.15,3,1,15,bullish_kicker,169,-0.1153478246868269,-0.043677054349552,1.0,-0.2222830631558884,0.3769030585859032,0
5,0.15,3,1,15,dark_cloud_cover,193,-0.2408920174696521,-0.1322018788586221,1.0,-0.2877938295399288,0.328656821400714,0
5,0.15,3,1,15,dragonfly_doji,661,0.1217812034183664,-0.0103182720092167,1.0,-0.128498208380055,0.2477579857429159,0
5,0.15,3,1,15,evening_star,47,-0.2083114322557589,-0.2109286351558048,1.0,-0.5814505171088195,0.7930799607129102,0
5,0.15,3,1,15,gravestone_doji,788,-0.0349637678255546,0.1379874745383296,0.384961503849615,0.0398116037203819,0.2164663848283199,0
5,0.15,3,1,15,hammer,1519,0.0668753938911863,-0.0227593835867657,1.0,-0.1034525622974385,0.1633767982483082,0
5,0.15,3,1,15,hanging_man,1876,-0.0806860321546922,0.0128559776045346,1.0,-0.0764408294551029,0.1843741713546179,0
5,0.15,3,1,15,inverted_hammer,1715,0.1256293414042316,0.0992298519501762,1.0,0.0029750930998988,0.2010260894524815,0
5,0.15,3,1,15,morning_star,35,0.2121938550674926,0.1178187728398787,1.0,-0.3041365515780275,0.8998008053663211,0
5,0.15,3,1,15,piercing_line,153,-0.0294010621389834,-0.2043180716110838,1.0,-0.395719580942834,0.4000876884515122,0
5,0.15,3,1,15,shooting_star,1736,-0.0441885344737051,0.0713892439384795,0.3431656834316568,0.0133448290938566,0.1189971462303215,0
5,0.15,3,1,15,three_black_crows,17,-0.1041374617085433,0.047799676228474,1.0,,,0
5,0.15,3,1,15,three_white_soldiers,18,-0.0138648836906704,-0.0593832379226383,1.0,,,0
5,0.15,3,1,15,tweezer_bottom,2787,0.1250750284140853,0.0615415142995755,0.2645735426457354,0.0154533699598244,0.0967160959567606,0
5,0.15,3,1,15,tweezer_top,3052,-0.0875494509837482,0.0190965344507774,1.0,-0.0228978506156604,0.0867134819917804,0
5,0.15,3,1,30,bearish_engulfing,1549,-0.1087396789217632,-0.0112464535424685,1.0,-0.0691584091149674,0.1199778966814586,0
5,0.15,3,1,30,bearish_harami,766,-0.1302413756437727,-0.0120191692631839,1.0,-0.1055487279565531,0.1967585291458257,0
5,0.15,3,1,30,bearish_kicker,156,-0.0845948454550319,0.0038663822326882,1.0,-0.2291383441442827,0.4741574418480251,0
5,0.15,3,1,30,bullish_engulfing,1381,0.2853307860102331,0.2479626242589892,0.0083991600839916,0.1767796609660751,0.1502517177838198,1
5,0.15,3,1,30,bullish_harami,633,0.0964551904756621,-0.0425409398194937,1.0,-0.1592617403976167,0.2482290777499977,0
5,0.15,3,1,30,bullish_kicker,169,-0.1153478246868269,-0.133002977281708,1.0,-0.3447382167435106,0.443108011173902,0
5,0.15,3,1,30,dark_cloud_cover,193,-0.2408920174696521,-0.0796835665980215,1.0,-0.283790154197697,0.4356560254566824,0
5,0.15,3,1,30,dragonfly_doji,661,0.1217812034183664,0.0371249241816282,1.0,-0.0904133695625726,0.2653076120191743,0
5,0.15,3,1,30,evening_star,47,-0.2083114322557589,-0.075804687535932,1.0,-0.4744897071094193,0.824329642102622,0
5,0.15,3,1,30,gravestone_doji,788,-0.0349637678255546,0.0779612418563852,1.0,-0.0268406613484562,0.2288327986541787,0
5,0.15,3,1,30,hammer,1519,0.0668753938911863,-0.0280589765781858,1.0,-0.1113411108741498,0.1728185978719287,0
5,0.15,3,1,30,hanging_man,1876,-0.0806860321546922,0.1056842446709161,0.1611838816118388,0.0298003289099764,0.1566212024138768,0
5,0.15,3,1,30,inverted_hammer,1715,0.1256293414042316,0.1297114535898798,0.1241875812418758,0.0372528686475392,0.1872848595505881,0
5,0.15,3,1,30,morning_star,35,0.2121938550674926,-0.112384871780145,1.0,-0.5323763849330022,0.910724864115473,0
5,0.15,3,1,30,piercing_line,153,-0.0294010621389834,-0.2254077448743574,1.0,-0.4535123217655024,0.4613262704025181,0
5,0.15,3,1,30,shooting_star,1736,-0.0441885344737051,0.0941262369426389,0.16998300169983,0.027293869072709,0.13917553658232,0
5,0.15,3,1,30,three_black_crows,17,-0.1041374617085433,-0.1999190258519656,1.0,,,0
5,0.15,3,1,30,three_white_soldiers,18,-0.0138648836906704,-0.0484981459603149,1.0,,,0
5,0.15,3,1,30,tweezer_bottom,2787,0.1250750284140853,0.0520600517075456,0.3647635236476352,0.0086925559964015,0.088875296159145,0
5,0.15,3,1,30,tweezer_top,3052,-0.0875494509837482,0.01660404544557,1.0,-0.025947197561749,0.0875590275326356,0
5,0.15,3,6,30,bearish_engulfing,1549,-0.1087396789217632,0.0150469536327209,1.0,-0.0448621082244106,0.1225349636419769,0
5,0.15,3,6,30,bearish_harami,766,-0.1302413756437727,-0.0405778338264619,1.0,-0.1374620852086141,0.2082709648162136,0
5,0.15,3,6,30,bearish_kicker,156,-0.0845948454550319,0.122709429979573,1.0,-0.1056486097547991,0.4660660034712198,0
5,0.15,3,6,30,bullish_engulfing,1381,0.2853307860102331,0.2418102323273939,0.0083991600839916,0.1731299448219334,0.1458337370621194,1
5,0.15,3,6,30,bullish_harami,633,0.0964551904756621,0.0782718881015782,1.0,-0.0482592906383244,0.2691069211199544,0
5,0.15,3,6,30,bullish_kicker,169,-0.1153478246868269,-0.1323740630657939,1.0,-0.3331825935091355,0.418632295988976,0
5,0.15,3,6,30,dark_cloud_cover,193,-0.2408920174696521,-0.143963824527213,1.0,-0.356535171685273,0.4499741023701687,0
5,0.15,3,6,30,dragonfly_doji,661,0.1217812034183664,0.0472215326681472,1.0,-0.0887299550207256,0.2815402774493203,0
5,0.15,3,6,30,evening_star,47,-0.2083114322557589,-0.0192446346942052,1.0,-0.366986929673499,0.7287870653609209,0
5,0.15,3,6,30,gravestone_doji,788,-0.0349637678255546,0.0978969203377902,1.0,-0.0138062244259151,0.2393098837924361,0
5,0.15,3,6,30,hammer,1519,0.0668753938911863,-0.0380775809328963,1.0,-0.1266776007020149,0.1799053985664329,0
5,0.15,3,6,30,hanging_man,1876,-0.0806860321546922,0.0804870463399186,1.0,-0.0028012385892205,0.1732973897101059,0
5,0.15,3,6,30,inverted_hammer,1715,0.1256293414042316,0.1239939051575351,0.1663833616638336,0.0306707317066811,0.187645160393522,0
5,0.15,3,6,30,morning_star,35,0.2121938550674926,-0.0714046590157998,1.0,-0.5153816437523382,0.9535483534308972,0
5,0.15,3,6,30,piercing_line,153,-0.0294010621389834,-0.221427408357914,1.0,-0.4446558316531838,0.4738129068252023,0
5,0.15,3,6,30,shooting_star,1736,-0.0441885344737051,0.0985904965601958,0.1007899210078992,0.033477885659691,0.1349361812637909,0
5,0.15,3,6,30,three_black_crows,17,-0.1041374617085433,-0.1589343756872919,1.0,,,0
5,0.15,3,6,30,three_white_soldiers,18,-0.0138648836906704,0.2300889734029098,1.0,,,0
5,0.15,3,6,30,tweezer_bottom,2787,0.1250750284140853,0.0377884350098656,1.0,-0.0125259457744911,0.1045807083272123,0
5,0.15,3,6,30,tweezer_top,3052,-0.0875494509837482,0.0503144592839781,1.0,0.0008414719854327,0.1031771283001671,0
5,0.15,3,11,30,bearish_engulfing,1549,-0.1087396789217632,0.0079236509700549,1.0,-0.0574798699387158,0.1336045745298389,0
5,0.15,3,11,30,bearish_harami,766,-0.1302413756437727,-0.02516257283308,1.0,-0.1371160393385358,0.2305546988604631,0
5,0.15,3,11,30,bearish_kicker,156,-0.0845948454550319,0.0421279512772339,1.0,-0.1905155047992962,0.4809551668656509,0
5,0.15,3,11,30,bullish_engulfing,1381,0.2853307860102331,0.2242593545619568,0.0083991600839916,0.1544358646556666,0.1462377214691307,1
5,0.15,3,11,30,bullish_harami,633,0.0964551904756621,0.0515431671757389,1.0,-0.0774447331127626,0.2684157536862925,0
5,0.15,3,11,30,bullish_kicker,169,-0.1153478246868269,-0.0938152536886337,1.0,-0.2888904151698973,0.4006558170848883,0
5,0.15,3,11,30,dark_cloud_cover,193,-0.2408920174696521,-0.1608652034420574,1.0,-0.3783692766144689,0.4510430032429289,0
5,0.15,3,11,30,dragonfly_doji,661,0.1217812034183664,0.0462448981076829,1.0,-0.0978883907044051,0.3030942793920205,0
5,0.15,3,11,30,evening_star,47,-0.2083114322557589,-0.1710353147004804,1.0,-0.5862296789880509,0.8571116969672609,0
5,0.15,3,11,30,gravestone_doji,788,-0.0349637678255546,0.0693576405860265,1.0,-0.0367907407026121,0.2251995286086118,0
5,0.15,3,11,30,hammer,1519,0.0668753938911863,0.0215030651353332,1.0,-0.0592278803060954,0.1666185542793741,0
5,0.15,3,11,30,hanging_man,1876,-0.0806860321546922,0.0600613495645345,1.0,-0.0210210301075034,0.1704498911325349,0
5,0.15,3,11,30,inverted_hammer,1715,0.1256293414042316,0.1458110654318395,0.0701929807019298,0.0507369171412264,0.1958013696508327,0
5,0.15,3,11,30,morning_star,35,0.2121938550674926,0.1051000250271639,1.0,-0.3564394589275448,0.9999765305019992,0
5,0.15,3,11,30,piercing_line,153,-0.0294010621389834,-0.0792660554437954,1.0,-0.2925998685316353,0.4410883340003568,0
5,0.15,3,11,30,shooting_star,1736,-0.0441885344737051,0.0794162406405647,0.5611438856114388,0.0127411242024478,0.1420313993579062,0
5,0.15,3,11,30,three_black_crows,17,-0.1041374617085433,-0.125005173815623,1.0,,,0
5,0.15,3,11,30,three_white_soldiers,18,-0.0138648836906704,0.2092685236792995,1.0,,,0
5,0.15,3,11,30,tweezer_bottom,2787,0.1250750284140853,0.048406952439679,1.0,-0.0029224925597084,0.1071316846781113,0
5,0.15,3,11,30,tweezer_top,3052,-0.0875494509837482,0.065842772001985,0.0671932806719328,0.0231537207988285,0.0899503869316883,0
5,0.15,4,1,5,bearish_engulfing,1659,-0.1117078877718863,-0.006897010411812,1.0,-0.0501488171640557,0.0893245775687168,0
5,0.15,4,1,5,bearish_harami,793,-0.112921069822622,0.0062345067452123,1.0,-0.0813127129891629,0.1810878666611404,0
5,0.15,4,1,5,bearish_kicker,198,0.0352477301023086,-0.0071459906478686,1.0,-0.1571433513174161,0.3167930823257974,0
5,0.15,4,1,5,bullish_engulfing,1422,0.2977166581425657,0.1305016081077996,0.0083991600839916,0.0797747406761377,0.1058824579015898,1
5,0.15,4,1,5,bullish_harami,662,0.1304993548258675,0.0469529327464389,1.0,-0.0347448134441323,0.1680374585660093,0
5,0.15,4,1,5,bullish_kicker,200,-0.017042813316726,0.0503267433500438,1.0,-0.0810073034737387,0.2795772985364447,0
5,0.15,4,1,5,dark_cloud_cover,181,-0.1395480124723223,0.0301703854111906,1.0,-0.1221206558517343,0.3255910088127124,0
5,0.15,4,1,5,dragonfly_doji,613,0.1065321630953721,0.0827643930868412,1.0,-0.0284717498929988,0.2316029533482628,0
5,0.15,4,1,5,evening_star,45,-0.0869464837863217,0.1630608045560262,1.0,-0.0303364502565794,0.4133720528283018,0
5,0.15,4,1,5,gravestone_doji,730,-0.065983113461403,0.0611209842807042,1.0,-0.0321943422227293,0.1947636086343991,0
5,0.15,4,1,5,hammer,1369,0.0608460783102611,-0.0512969695070985,1.0,-0.1160612537964135,0.1353251099081825,0
5,0.15,4,1,5,hanging_man,1716,-0.0995540540945173,-0.0079810965642283,1.0,-0.0824770374194889,0.1573975673331705,0
5,0.15,4,1,5,inverted_hammer,1520,0.0615384300948819,-0.0238507788902676,1.0,-0.1042948644247218,0.162606111879858,0
5,0.15,4,1,5,morning_star,47,-0.0714603339308333,-0.1229708974974893,1.0,-0.397975793480073,0.5658725029336048,0
5,0.15,4,1,5,piercing_line,151,0.0933415908734982,-0.0455117850130544,1.0,-0.2331113038014496,0.3821105708262268,0
5,0.15,4,1,5,shooting_star,1614,-0.097371174731287,0.0180484239240831,1.0,-0.0366835215654071,0.1157737453586062,0
5,0.15,4,1,5,three_black_crows,16,-0.2786881211709077,-0.2057640146941196,1.0,,,0
5,0.15,4,1,5,three_white_soldiers,19,0.1024235544640199,0.0350056212394222,1.0,,,0
5,0.15,4,1,5,tweezer_bottom,2821,0.1452212410648049,0.0353459717435512,1.0,-0.0041941205519038,0.0832730755061108,0
5,0.15,4,1,5,tweezer_top,3186,-0.0981010305663865,0.0288555416596708,1.0,-0.0067825601079588,0.0739660559642109,0
5,0.15,4,1,15,bearish_engulfing,1659,-0.1117078877718863,-0.0001269796349674,1.0,-0.0631582344672049,0.1300237607669922,0
5,0.15,4,1,15,bearish_harami,793,-0.112921069822622,0.0495840825311303,1.0,-0.0590103537207102,0.2203944797324008,0
5,0.15,4,1,15,bearish_kicker,198,0.0352477301023086,0.159580193109307,1.0,-0.0072598045270183,0.3448791509377186,0
5,0.15,4,1,15,bullish_engulfing,1422,0.2977166581425657,0.1936111338361358,0.0083991600839916,0.1356777014128998,0.1222676429580809,1
5,0.15,4,1,15,bullish_harami,662,0.1304993548258675,0.0535543075903989,1.0,-0.0700071242264395,0.2582483786846024,0
5,0.15,4,1,15,bullish_kicker,200,-0.017042813316726,-0.0402467427378028,1.0,-0.2091286651153575,0.3471075511334034,0
5,0.15,4,1,15,dark_cloud_cover,181,-0.1395480124723223,0.0473130275903948,1.0,-0.1349598585171859,0.3796000597568653,0
5,0.15,4,1,15,dragonfly_doji,613,0.1065321630953721,0.04725173888303,1.0,-0.0744697979657121,0.2557488511103941,0
5,0.15,4,1,15,evening_star,45,-0.0869464837863217,0.0141265179336438,1.0,-0.335102855802083,0.739702989989028,0
5,0.15,4,1,15,gravestone_doji,730,-0.065983113461403,0.1032350869152661,1.0,-0.0034458498068598,0.2361153732651003,0
5,0.15,4,1,15,hammer,1369,0.0608460783102611,-0.0369685244981987,1.0,-0.1132167504564648,0.1598706049467195,0
5,0.15,4,1,15,hanging_man,1716,-0.0995540540945173,0.0435052123153681,1.0,-0.0415634355454393,0.1826392595103334,0
5,0.15,4,1,15,inverted_hammer,1520,0.0615384300948819,-0.0309861552184653,1.0,-0.1390959824922039,0.226481495072065,0
5,0.15,4,1,15,morning_star,47,-0.0714603339308333,-0.2093219834483555,1.0,-0.51731075858504,0.6620746519652231,0
5,0.15,4,1,15,piercing_line,151,0.0933415908734982,-0.0944666603494812,1.0,-0.3211716199212818,0.4744818140397657,0
5,0.15,4,1,15,shooting_star,1614,-0.097371174731287,0.0617874806448592,1.0,-0.0102711314114456,0.1500086413826953,0
5,0.15,4,1,15,three_black_crows,16,-0.2786881211709077,-0.0597122012149276,1.0,,,0
5,0.15,4,1,15,three_white_soldiers,19,0.1024235544640199,0.0394896594690769,1.0,,,0
5,0.15,4,1,15,tweezer_bottom,2821,0.1452212410648049,0.0424661111834879,1.0,-0.0003049125451739,0.0881288742958654,0
5,0.15,4,1,15,tweezer_top,3186,-0.0981010305663865,0.0357750042714861,1.0,-0.0076923897446539,0.0906201829822504,0
5,0.15,4,1,30,bearish_engulfing,1659,-0.1117078877718863,-0.0146960400693386,1.0,-0.0794721722895163,0.1358154879538088,0
5,0.15,4,1,30,bearish_harami,793,-0.112921069822622,0.0115456742210292,1.0,-0.0990510566856524,0.2353656240375226,0
5,0.15,4,1,30,bearish_kicker,198,0.0352477301023086,0.1343052638288712,1.0,-0.0499355098645097,0.3868054340548306,0
5,0.15,4,1,30,bullish_engulfing,1422,0.2977166581425657,0.161635876392915,0.0083991600839916,0.093324316314119,0.144567548226629,1
5,0.15,4,1,30,bullish_harami,662,0.1304993548258675,-0.0344476924729701,1.0,-0.1633071607132069,0.2652077387371462,0
5,0.15,4,1,30,bullish_kicker,200,-0.017042813316726,-0.1267544528197625,1.0,-0.3290766435979425,0.4100020126223419,0
5,0.15,4,1,30,dark_cloud_cover,181,-0.1395480124723223,0.0939633278321554,1.0,-0.1161988262961534,0.4459405883745031,0
5,0.15,4,1,30,dragonfly_doji,613,0.1065321630953721,0.0606581972640693,1.0,-0.0758554110798112,0.2929628161361878,0
5,0.15,4,1,30,evening_star,45,-0.0869464837863217,-0.049836430906322,1.0,-0.4207603717675333,0.7855218313596818,0
5,0.15,4,1,30,gravestone_doji,730,-0.065983113461403,0.1260486534904779,0.9967003299670032,0.0102684690908797,0.2412864529707292,0
5,0.15,4,1,30,hammer,1369,0.0608460783102611,-0.0223367305582161,1.0,-0.1111854468972591,0.1820322508954853,0
5,0.15,4,1,30,hanging_man,1716,-0.0995540540945173,0.0060262252438367,1.0,-0.0841329998842747,0.190061582207574,0
5,0.15,4,1,30,inverted_hammer,1520,0.0615384300948819,-0.0051089036561474,1.0,-0.0991091597464548,0.1974123462263433,0
5,0.15,4,1,30,morning_star,47,-0.0714603339308333,-0.1665874345502799,1.0,-0.5078338011293273,0.7240088182148962,0
5,0.15,4,1,30,piercing_line,151,0.0933415908734982,-0.0115892017922986,1.0,-0.2785394491118625,0.5435322294726295,0
5,0.15,4,1,30,shooting_star,1614,-0.097371174731287,0.0414757846650858,1.0,-0.0309492257753744,0.1519785282860446,0
5,0.15,4,1,30,three_black_crows,16,-0.2786881211709077,-0.152268674518101,1.0,,,0
5,0.15,4,1,30,three_white_soldiers,19,0.1024235544640199,0.0060915571052552,1.0,,,0
5,0.15,4,1,30,tweezer_bottom,2821,0.1452212410648049,0.0189533986974207,1.0,-0.0295505784932586,0.101221041242291,0
5,0.15,4,1,30,tweezer_top,3186,-0.0981010305663865,0.0312775264434083,1.0,-0.0118188355370805,0.0912213465796755,0
5,0.15,4,6,30,bearish_engulfing,1659,-0.1117078877718863,-0.0005474336649785,1.0,-0.0698726830894866,0.145744464371913,0
5,0.15,4,6,30,bearish_harami,793,-0.112921069822622,0.0136692104677298,1.0,-0.0997585154126248,0.2392557394228409,0
5,0.15,4,6,30,bearish_kicker,198,0.0352477301023086,0.2551617225057451,0.251974802519748,0.0706025345503054,0.3898699072286579,0
5,0.15,4,6,30,bullish_engulfing,1422,0.2977166581425657,0.1907841545570852,0.0083991600839916,0.119491611202181,0.1502173588840753,1
5,0.15,4,6,30,bullish_harami,662,0.1304993548258675,-0.0147322260220418,1.0,-0.1329969953578778,0.2388440929039975,0
5,0.15,4,6,30,bullish_kicker,200,-0.017042813316726,-0.021328186335274,1.0,-0.2153175664909631,0.4065592253320962,0
5,0.15,4,6,30,dark_cloud_cover,181,-0.1395480124723223,-0.0178950281003622,1.0,-0.2496948550339015,0.4886777047073362,0
5,0.15,4,6,30,dragonfly_doji,613,0.1065321630953721,-0.0311703233313773,1.0,-0.1820326563442904,0.3136211039031061,0
5,0.15,4,6,30,evening_star,45,-0.0869464837863217,0.1037405641224609,1.0,-0.2785514465323119,0.8066432595807814,0
5,0.15,4,6,30,gravestone_doji,730,-0.065983113461403,0.0807683860800929,1.0,-0.0517128742099152,0.2712240723095756,0
5,0.15,4,6,30,hammer,1369,0.0608460783102611,-0.0015490526846145,1.0,-0.0934415864063227,0.1904618185461415,0
5,0.15,4,6,30,hanging_man,1716,-0.0995540540945173,-0.0388529766157247,1.0,-0.1310898120397941,0.1933073931494878,0
5,0.15,4,6,30,inverted_hammer,1520,0.0615384300948819,-0.0610347842687268,1.0,-0.1626086414216654,0.2115833992008594,0
5,0.15,4,6,30,morning_star,47,-0.0714603339308333,-0.2192166759275982,1.0,-0.5920762753586245,0.7899011084022791,0
5,0.15,4,6,30,piercing_line,151,0.0933415908734982,0.0491818430228725,1.0,-0.2111889822001532,0.5343313680448941,0
5,0.15,4,6,30,shooting_star,1614,-0.097371174731287,0.0217914132006216,1.0,-0.0524084263784359,0.1506603180255827,0
5,0.15,4,6,30,three_black_crows,16,-0.2786881211709077,-0.1059233486933644,1.0,,,0
5,0.15,4,6,30,three_white_soldiers,19,0.1024235544640199,0.007397385901516,1.0,,,0
5,0.15,4,6,30,tweezer_bottom,2821,0.1452212410648049,0.0417935996978529,1.0,-0.0109873747902793,0.1115261266093126,0
5,0.15,4,6,30,tweezer_top,3186,-0.0981010305663865,0.0272366677959381,1.0,-0.0178232828524377,0.091206262924663,0
5,0.15,4,11,30,bearish_engulfing,1659,-0.1117078877718863,-0.0131390576788818,1.0,-0.0897356930929271,0.1601153122134409,0
5,0.15,4,11,30,bearish_harami,793,-0.112921069822622,0.0240358892172745,1.0,-0.0844253369731526,0.2310166747543996,0
5,0.15,4,11,30,bearish_kicker,198,0.0352477301023086,0.2719604539864537,0.1913808619138086,0.0659684123124246,0.419999154923791,0
5,0.15,4,11,30,bullish_engulfing,1422,0.2977166581425657,0.2401420675652031,0.0083991600839916,0.1656704749249475,0.1565124051993373,1
5,0.15,4,11,30,bullish_harami,662,0.1304993548258675,0.0219047493870363,1.0,-0.1186525243060809,0.2854944627699395,0
5,0.15,4,11,30,bullish_kicker,200,-0.017042813316726,-0.0459540923268393,1.0,-0.2517170134836115,0.431054604192442,0
5,0.15,4,11,30,dark_cloud_cover,181,-0.1395480124723223,-0.0503053425947917,1.0,-0.2740550622412223,0.472658288673654,0
5,0.15,4,11,30,dragonfly_doji,613,0.1065321630953721,-0.0603143327152133,1.0,-0.2073228731356964,0.3095198864792705,0
5,0.15,4,11,30,evening_star,45,-0.0869464837863217,0.0369094317104414,1.0,-0.340816831546627,0.7924550060791374,0
5,0.15,4,11,30,gravestone_doji,730,-0.065983113461403,0.0710928771169037,1.0,-0.0600933771258507,0.270895160305501,0
5,0.15,4,11,30,hammer,1369,0.0608460783102611,-0.0215765852087918,1.0,-0.115398696612117,0.1949700292422426,0
5,0.15,4,11,30,hanging_man,1716,-0.0995540540945173,0.0207713554230642,1.0,-0.076576074154025,0.2003084554669754,0
5,0.15,4,11,30,inverted_hammer,1520,0.0615384300948819,-0.0113550142443934,1.0,-0.1238083083794712,0.2352999679361138,0
5,0.15,4,11,30,morning_star,47,-0.0714603339308333,0.0012284289062216,1.0,-0.3681113707519028,0.7900006692286416,0
5,0.15,4,11,30,piercing_line,151,0.0933415908734982,0.1679446126752431,1.0,-0.1110973667801372,0.5805403781563562,0
5,0.15,4,11,30,shooting_star,1614,-0.097371174731287,0.0623595475453606,1.0,-0.0139975401539661,0.1551876437740169,0
5,0.15,4,11,30,three_black_crows,16,-0.2786881211709077,-0.1686832424209992,1.0,,,0
5,0.15,4,11,30,three_white_soldiers,19,0.1024235544640199,0.1016194235205706,1.0,,,0
5,0.15,4,11,30,tweezer_bottom,2821,0.1452212410648049,0.031435356780533,1.0,-0.0247424203675535,0.1155556302505419,0
5,0.15,4,11,30,tweezer_top,3186,-0.0981010305663865,0.0162330496269404,1.0,-0.0304359139415155,0.0973560864975588,0
5,0.15,5,1,5,bearish_engulfing,1636,-0.0699194933107904,0.0053391464638461,1.0,-0.0366293994893883,0.0872529330488195,0
5,0.15,5,1,5,bearish_harami,792,-0.0556834004348705,0.0556351977185949,1.0,-0.0155026296992827,0.1478295863071667,0
5,0.15,5,1,5,bearish_kicker,193,-0.2305988219568353,-0.0063722442322554,1.0,-0.1128052803155498,0.2200171241792394,0
5,0.15,5,1,5,bullish_engulfing,1464,0.3156809165235175,0.1433938009829601,0.0083991600839916,0.0934337736094451,0.1046163369465128,1
5,0.15,5,1,5,bullish_harami,641,0.0381162132375032,-0.1079933528681073,1.0,-0.1912890316251236,0.1759518859554625,0
5,0.15,5,1,5,bullish_kicker,200,0.0039931918391218,0.0382340378102229,1.0,-0.0804086624999603,0.2466166000160684,0
5,0.15,5,1,5,dark_cloud_cover,167,-0.1140474890519939,0.0947205580493029,1.0,-0.0574471403717898,0.3143547401776053,0
5,0.15,5,1,5,dragonfly_doji,520,0.127119250494076,0.1194293661686237,0.4887511248875112,0.0138095277962052,0.213631001621254,0
5,0.15,5,1,5,evening_star,37,-0.0877746719912292,-0.1688359307955249,1.0,-0.4656270995002609,0.6230414699269883,0
5,0.15,5,1,5,gravestone_doji,623,-0.0969012090214344,-0.0353695023725072,1.0,-0.1267197127337266,0.195357489654135,0
5,0.15,5,1,5,hammer,1433,0.1054438085075089,0.0285672284427068,1.0,-0.0419111249342449,0.1460324679287044,0
5,0.15,5,1,5,hanging_man,1717,-0.018969718626603,-0.0114609675179369,1.0,-0.0889796390547004,0.1572912850181993,0
5,0.15,5,1,5,inverted_hammer,1457,0.0436267228715454,0.0032382045896552,1.0,-0.0711878727018241,0.155291000643925,0
5,0.15,5,1,5,morning_star,44,0.0920226656627565,0.1579298433718428,1.0,6.356519455668106e-05,0.3493952348512436,0
5,0.15,5,1,5,piercing_line,163,-0.0561663575498079,-0.1057923842992097,1.0,-0.2716610165047438,0.3329824646709975,0
5,0.15,5,1,5,shooting_star,1591,-0.0815339384581568,0.0163729213007618,1.0,-0.0368592806532663,0.1125878260414697,0
5,0.15,5,1,5,three_black_crows,19,-0.0663739714122028,0.142230218632287,1.0,,,0
5,0.15,5,1,5,three_white_soldiers,29,0.1927731807198987,0.0230427183134004,1.0,,,0
5,0.15,5,1,5,tweezer_bottom,2940,0.1288130087486108,0.063829204074604,0.017998200179982,0.0261442873937333,0.0772034405371624,1
5,0.15,5,1,5,tweezer_top,3253,-0.0866863217076662,-0.0045723816424207,1.0,-0.0412396927280453,0.0748647880211804,0
5,0.15,5,1,15,bearish_engulfing,1636,-0.0699194933107904,0.0404018281275642,1.0,-0.0188871562643104,0.1200396512138074,0
5,0.15,5,1,15,bearish_harami,792,-0.0556834004348705,0.0483697830037393,1.0,-0.0384905026461981,0.1831977849075633,0
5,0.15,5,1,15,bearish_kicker,193,-0.2305988219568353,0.0044572913009333,1.0,-0.1536912658730453,0.3208848813717535,0
5,0.15,5,1,15,bullish_engulfing,1464,0.3156809165235175,0.2548721227285312,0.0083991600839916,0.1898951036499189,0.1350799399533288,1
5,0.15,5,1,15,bullish_harami,641,0.0381162132375032,-0.0751283250694916,1.0,-0.1760034942944631,0.207538758535045,0
5,0.15,5,1,15,bullish_kicker,200,0.0039931918391218,0.1050878208228735,1.0,-0.0384718232022622,0.2922490186265802,0
5,0.15,5,1,15,dark_cloud_cover,167,-0.1140474890519939,0.1056992377582047,1.0,-0.0818735534793525,0.3892818176606918,0
5,0.15,5,1,15,dragonfly_doji,520,0.127119250494076,-0.0217687875916041,1.0,-0.1559161255031754,0.2777651060093205,0
5,0.15,5,1,15,evening_star,37,-0.0877746719912292,-0.2469538660319377,1.0,-0.6172145683259374,0.797484562490922,0
5,0.15,5,1,15,gravestone_doji,623,-0.0969012090214344,0.031715980234558,1.0,-0.0921532364500568,0.2611714877824483,0
5,0.15,5,1,15,hammer,1433,0.1054438085075089,0.0062449021391736,1.0,-0.081403428725409,0.1793646400964242,0
5,0.15,5,1,15,hanging_man,1717,-0.018969718626603,0.0557580119562939,1.0,-0.0237270499920422,0.1661262571377305,0
5,0.15,5,1,15,inverted_hammer,1457,0.0436267228715454,0.0558274280347276,1.0,-0.0415754344459147,0.2017247406222278,0
5,0.15,5,1,15,morning_star,44,0.0920226656627565,0.3044693937805598,1.0,-0.0305919490209592,0.6908980491717948,0
5,0.15,5,1,15,piercing_line,163,-0.0561663575498079,-0.0423381437093139,1.0,-0.2685021891155031,0.4513699770504981,0
5,0.15,5,1,15,shooting_star,1591,-0.0815339384581568,0.0146925509197505,1.0,-0.0526915924969053,0.1391474823332263,0
5,0.15,5,1,15,three_black_crows,19,-0.0663739714122028,0.3062964312161146,1.0,,,0
5,0.15,5,1,15,three_white_soldiers,29,0.1927731807198987,-0.0955987055545389,1.0,,,0
5,0.15,5,1,15,tweezer_bottom,2940,0.1288130087486108,0.0573180828396363,0.4697530246975302,0.0101812665882925,0.097562530214107,0
5,0.15,5,1,15,tweezer_top,3253,-0.0866863217076662,0.0176534734291946,1.0,-0.0276772959881014,0.0943509746934111,0
5,0.15,5,1,30,bearish_engulfing,1636,-0.0699194933107904,0.0962776434691924,0.035996400359964,0.0371881442119268,0.1220570652863301,1
5,0.15,5,1,30,bearish_harami,792,-0.0556834004348705,0.0684156162504,1.0,-0.0317479050191956,0.2090804355612556,0
5,0.15,5,1,30,bearish_kicker,193,-0.2305988219568353,-0.1389191017607207,1.0,-0.3453077324903937,0.4105109873508941,0
5,0.15,5,1,30,bullish_engulfing,1464,0.3156809165235175,0.2368459246812473,0.0083991600839916,0.1718727147240994,0.1384227567818525,1
5,0.15,5,1,30,bullish_harami,641,0.0381162132375032,0.0458782993389812,1.0,-0.0710814071497688,0.250326881233773,0
5,0.15,5,1,30,bullish_kicker,200,0.0039931918391218,0.0399366322637927,1.0,-0.126981150507559,0.347981046732921,0
5,0.15,5,1,30,dark_cloud_cover,167,-0.1140474890519939,0.1646588895505656,1.0,-0.0784032443883139,0.5160710506306918,0
5,0.15,5,1,30,dragonfly_doji,520,0.127119250494076,0.0667983724882255,1.0,-0.0756302554162328,0.3035339920287443,0
5,0.15,5,1,30,evening_star,37,-0.0877746719912292,-0.3513060490126256,1.0,-0.8222332985680805,1.0186506331691634,0
5,0.15,5,1,30,gravestone_doji,623,-0.0969012090214344,0.0138830137297532,1.0,-0.1213646773459197,0.2822064434782396,0
5,0.15,5,1,30,hammer,1433,0.1054438085075089,0.0700770451641307,1.0,-0.0132267129341428,0.1729846788501579,0
5,0.15,5,1,30,hanging_man,1717,-0.018969718626603,0.0406358415571136,1.0,-0.0453824135278007,0.178696404705002,0
5,0.15,5,1,30,inverted_hammer,1457,0.0436267228715454,0.041247708074769,1.0,-0.0426732552136244,0.1756510694271347,0
5,0.15,5,1,30,morning_star,44,0.0920226656627565,0.2495423172399652,1.0,-0.1935383204971429,0.9221821136872848,0
5,0.15,5,1,30,piercing_line,163,-0.0561663575498079,0.0119789771840945,1.0,-0.2219704883786606,0.4784598449642954,0
5,0.15,5,1,30,shooting_star,1591,-0.0815339384581568,0.0742006088319562,1.0,0.0002515782231474,0.1534777959110773,0
5,0.15,5,1,30,three_black_crows,19,-0.0663739714122028,0.1491298048759929,1.0,,,0
5,0.15,5,1,30,three_white_soldiers,29,0.1927731807198987,-0.1194252450227117,1.0,,,0
5,0.15,5,1,30,tweezer_bottom,2940,0.1288130087486108,0.0478759889367782,1.0,-0.0045010250555643,0.1095622322658818,0
5,0.15,5,1,30,tweezer_top,3253,-0.0866863217076662,0.0392779436666304,1.0,-0.0088123589146847,0.0989672888922836,0
5,0.15,5,6,30,bearish_engulfing,1636,-0.0699194933107904,0.0648567676262676,1.0,0.0018841835640837,0.1292936381197078,0
5,0.15,5,6,30,bearish_harami,792,-0.0556834004348705,0.0469298953198719,1.0,-0.0539769716627695,0.2145363866320794,0
5,0.15,5,6,30,bearish_kicker,193,-0.2305988219568353,-0.1254910992737609,1.0,-0.3328898833516319,0.4259035955527578,0
5,0.15,5,6,30,bullish_engulfing,1464,0.3156809165235175,0.2879406241518631,0.0083991600839916,0.225434162590033,0.1307059360156789,1
5,0.15,5,6,30,bullish_harami,641,0.0381162132375032,0.0066219449498326,1.0,-0.1210536390143712,0.2652507541107479,0
5,0.15,5,6,30,bullish_kicker,200,0.0039931918391218,0.0068023628077592,1.0,-0.1912281496856708,0.4088259867781751,0
5,0.15,5,6,30,dark_cloud_cover,167,-0.1140474890519939,0.2208065851346164,1.0,-0.00951689999026,0.481281676540921,0
5,0.15,5,6,30,dragonfly_doji,520,0.127119250494076,0.0790568455857011,1.0,-0.0909043162943833,0.3601937049529483,0
5,0.15,5,6,30,evening_star,37,-0.0877746719912292,-0.1373653010629129,1.0,-0.6063873329065639,0.9927401814922792,0
5,0.15,5,6,30,gravestone_doji,623,-0.0969012090214344,0.0194228089652219,1.0,-0.118024611646506,0.2896818707170585,0
5,0.15,5,6,30,hammer,1433,0.1054438085075089,0.0628860230435907,1.0,-0.0231473130829573,0.1807658935095298,0
5,0.15,5,6,30,hanging_man,1717,-0.018969718626603,0.0567248197231121,1.0,-0.024345980832633,0.1701540811239515,0
5,0.15,5,6,30,inverted_hammer,1457,0.0436267228715454,-0.0550084798075156,1.0,-0.1494231823499785,0.1907010070144765,0
5,0.15,5,6,30,morning_star,44,0.0920226656627565,-0.1160671023339982,1.0,-0.6802963128199564,1.1534990027222516,0
5,0.15,5,6,30,piercing_line,163,-0.0561663575498079,0.0477290860955637,1.0,-0.1773322824325868,0.4585466117642474,0
5,0.15,5,6,30,shooting_star,1591,-0.0815339384581568,0.0896199026325263,0.5669433056694331,0.0147303685370479,0.1569595780830361,0
5,0.15,5,6,30,three_black_crows,19,-0.0663739714122028,0.2405313919362589,1.0,,,0
5,0.15,5,6,30,three_white_soldiers,29,0.1927731807198987,0.0071582380426535,1.0,,,0
5,0.15,5,6,30,tweezer_bottom,2940,0.1288130087486108,0.0452960936255548,1.0,0.000572507612428,0.0928442076073948,0
5,0.15,5,6,30,tweezer_top,3253,-0.0866863217076662,0.0265961142494154,1.0,-0.0192890697825693,0.0968414000587636,0
5,0.15,5,11,30,bearish_engulfing,1636,-0.0699194933107904,0.1041422369981812,0.0985901409859014,0.0340478946238426,0.1482996176147856,0
5,0.15,5,11,30,bearish_harami,792,-0.0556834004348705,0.025582405749913,1.0,-0.0744327946807254,0.2059125054732106,0
5,0.15,5,11,30,bearish_kicker,193,-0.2305988219568353,-0.1163981130683445,1.0,-0.3319098580232802,0.4425513210019641,0
5,0.15,5,11,30,bullish_engulfing,1464,0.3156809165235175,0.2888497649017638,0.0083991600839916,0.2163934347783515,0.153461757572913,1
5,0.15,5,11,30,bullish_harami,641,0.0381162132375032,-0.0152810013229134,1.0,-0.1378763903797215,0.2546101901919869,0
5,0.15,5,11,30,bullish_kicker,200,0.0039931918391218,0.0394017076580691,1.0,-0.1536952522938623,0.4067214462113597,0
5,0.15,5,11,30,dark_cloud_cover,167,-0.1140474890519939,0.1934854206639768,1.0,-0.0337898825281537,0.4763218190052664,0
5,0.15,5,11,30,dragonfly_doji,520,0.127119250494076,0.026773865546646,1.0,-0.1426057246535053,0.3563502402169549,0
5,0.15,5,11,30,evening_star,37,-0.0877746719912292,0.0934028612764801,1.0,-0.4286822458836327,1.0857908693971292,0
5,0.15,5,11,30,gravestone_doji,623,-0.0969012090214344,-0.0205871044486866,1.0,-0.1479430360587497,0.2697910787219606,0
5,0.15,5,11,30,hammer,1433,0.1054438085075089,0.0954090550774266,0.6959304069593041,0.0104596862328481,0.1771032580815114,0
5,0.15,5,11,30,hanging_man,1717,-0.018969718626603,0.0069168356653506,1.0,-0.0699592585273778,0.1583017630537141,0
5,0.15,5,11,30,inverted_hammer,1457,0.0436267228715454,-0.0168442074895516,1.0,-0.1120267123499739,0.2004412951919908,0
5,0.15,5,11,30,morning_star,44,0.0920226656627565,0.176377612304858,1.0,-0.2829717455079665,0.9489621667139102,0
5,0.15,5,11,30,piercing_line,163,-0.0561663575498079,0.001455431887793,1.0,-0.2408645897195535,0.4923134345129417,0
5,0.15,5,11,30,shooting_star,1591,-0.0815339384581568,0.0655981769251543,1.0,-0.0132437496283485,0.1628022883354365,0
5,0.15,5,11,30,three_black_crows,19,-0.0663739714122028,0.1847343719551925,1.0,,,0
5,0.15,5,11,30,three_white_soldiers,29,0.1927731807198987,-0.0147115317615505,1.0,,,0
5,0.15,5,11,30,tweezer_bottom,2940,0.1288130087486108,0.0697859999438879,0.1727827217278272,0.0191683555871343,0.1059754227816511,0
5,0.15,5,11,30,tweezer_top,3253,-0.0866863217076662,0.0381372224365832,1.0,-0.0132181579380251,0.1068297948954083,0
5,0.15,6,1,5,bearish_engulfing,1481,-0.0943025221916901,0.0322003648778371,1.0,-0.0054501467664667,0.0801252740378712,0
5,0.15,6,1,5,bearish_harami,672,-0.1373560561883249,0.0099900690348367,1.0,-0.0647575310521132,0.1595570852858311,0
5,0.15,6,1,5,bearish_kicker,203,-0.127762656679383,-0.0165008079056918,1.0,-0.1941564410461995,0.3605341157026281,0
5,0.15,6,1,5,bullish_engulfing,1386,0.2871134826436184,0.134183499239716,0.0083991600839916,0.0843213765905568,0.101737791120965,1
5,0.15,6,1,5,bullish_harami,649,0.0602604163623701,-0.0520487648137645,1.0,-0.148352007482372,0.1980117283141752,0
5,0.15,6,1,5,bullish_kicker,185,0.1091045619305887,0.0019022816567529,1.0,-0.1589726861790227,0.3244275762560268,0
5,0.15,6,1,5,dark_cloud_cover,195,-0.1338160324206478,0.0191227551277403,1.0,-0.1305135546374236,0.3046641457232094,0
5,0.15,6,1,5,dragonfly_doji,536,0.0977255974355321,-0.0582551357134863,1.0,-0.1732708943394253,0.2348675219605097,0
5,0.15,6,1,5,evening_star,53,-0.1644653629421287,-0.0140836888432815,1.0,-0.3231469574696727,0.6602916463783588,0
5,0.15,6,1,5,gravestone_doji,639,-0.0894644134483075,0.0384326327789169,1.0,-0.0657452363248022,0.2145549221541575,0
5,0.15,6,1,5,hammer,1485,0.13418787666579,0.0145238537393836,1.0,-0.0456397101321494,0.1262239618820398,0
5,0.15,6,1,5,hanging_man,1887,-0.0805175417733646,0.0223941304783037,1.0,-0.0529515822826402,0.1522973335570518,0
5,0.15,6,1,5,inverted_hammer,1649,0.0825653135568923,0.0280207692805252,1.0,-0.0582697650383941,0.1803725417626297,0
5,0.15,6,1,5,morning_star,44,0.1801527128383971,-0.3166999074444203,1.0,-0.6069098280638507,0.588628690678276,0
5,0.15,6,1,5,piercing_line,185,-0.0298902240634385,0.0360834719022397,1.0,-0.0847485687477241,0.2581780070783402,0
5,0.15,6,1,5,shooting_star,1698,-0.0700873926824789,0.0303642962446026,1.0,-0.0276799082845948,0.122950848052198,0
5,0.15,6,1,5,three_black_crows,15,-0.0646058185861257,0.1033848762977164,1.0,,,0
5,0.15,6,1,5,three_white_soldiers,16,-0.1260096642907727,-0.0505970271635026,1.0,,,0
5,0.15,6,1,5,tweezer_bottom,2977,0.1173010663700284,-0.0076522998579713,1.0,-0.0419072785653689,0.0715982993087797,0
5,0.15,6,1,5,tweezer_top,3207,-0.0642414186344062,0.0244253930944912,1.0,-0.0085748529109798,0.0692148600151088,0
5,0.15,6,1,15,bearish_engulfing,1481,-0.0943025221916901,0.0391694320939222,1.0,-0.0119798184742898,0.1075284113832375,0
5,0.15,6,1,15,bearish_harami,672,-0.1373560561883249,-0.0187045833952412,1.0,-0.1347802191215136,0.2454303112546619,0
5,0.15,6,1,15,bearish_kicker,203,-0.127762656679383,0.0885668317090504,1.0,-0.1098554922626763,0.4191573354746379,0
5,0.15,6,1,15,bullish_engulfing,1386,0.2871134826436184,0.2198627454840086,0.0083991600839916,0.1596731374127349,0.1242292673741608,1
5,0.15,6,1,15,bullish_harami,649,0.0602604163623701,0.0004531915448329,1.0,-0.1104420923018184,0.2282910312913108,0
5,0.15,6,1,15,bullish_kicker,185,0.1091045619305887,0.078600419495078,1.0,-0.1152088505974348,0.3965931396438303,0
5,0.15,6,1,15,dark_cloud_cover,195,-0.1338160324206478,-0.0447022107509558,1.0,-0.2134172875558178,0.351411900478361,0
5,0.15,6,1,15,dragonfly_doji,536,0.0977255974355321,-0.0116642691030864,1.0,-0.1416325375732702,0.2616421997940639,0
5,0.15,6,1,15,evening_star,53,-0.1644653629421287,0.0532035338346445,1.0,-0.2963300704612059,0.7202033378268199,0
5,0.15,6,1,15,gravestone_doji,639,-0.0894644134483075,0.0251179753110486,1.0,-0.0931956098391192,0.2420655828277855,0
5,0.15,6,1,15,hammer,1485,0.13418787666579,0.0264843413549669,1.0,-0.0519082829668323,0.1583351226789897,0
5,0.15,6,1,15,hanging_man,1887,-0.0805175417733646,0.0561326743939321,1.0,-0.0253565762883664,0.1616842525095786,0
5,0.15,6,1,15,inverted_hammer,1649,0.0825653135568923,0.0433404760036866,1.0,-0.0486462725980077,0.1914501006177284,0
5,0.15,6,1,15,morning_star,44,0.1801527128383971,-0.2099410535873042,1.0,-0.5875947882407878,0.7475164033972941,0
5,0.15,6,1,15,piercing_line,185,-0.0298902240634385,0.035309977517447,1.0,-0.1471513974090584,0.3793562880349614,0
5,0.15,6,1,15,shooting_star,1698,-0.0700873926824789,-0.0201544216128807,1.0,-0.0787740396016802,0.1241830135976614,0
5,0.15,6,1,15,three_black_crows,15,-0.0646058185861257,0.0040189341572448,1.0,,,0
5,0.15,6,1,15,three_white_soldiers,16,-0.1260096642907727,0.0777470626153406,1.0,,,0
5,0.15,6,1,15,tweezer_bottom,2977,0.1173010663700284,0.0437232589536705,1.0,-0.0034176190249813,0.0975192604833889,0
5,0.15,6,1,15,tweezer_top,3207,-0.0642414186344062,0.0599605793594752,0.2807719228077192,0.0126996008852649,0.098023832522099,0
5,0.15,6,1,30,bearish_engulfing,1481,-0.0943025221916901,0.0651731978315523,1.0,0.0035039176228523,0.1328609750534357,0
5,0.15,6,1,30,bearish_harami,672,-0.1373560561883249,-0.0156486278695247,1.0,-0.1353264679557945,0.2496203090930647,0
5,0.15,6,1,30,bearish_kicker,203,-0.127762656679383,0.0103408058524363,1.0,-0.1974724810661636,0.4373067190377835,0
5,0.15,6,1,30,bullish_engulfing,1386,0.2871134826436184,0.2229027121060772,0.0083991600839916,0.1578268459668362,0.1359567683243812,1
5,0.15,6,1,30,bullish_harami,649,0.0602604163623701,0.0320455995468189,1.0,-0.0985122398613454,0.27421480601259,0
5,0.15,6,1,30,bullish_kicker,185,0.1091045619305887,0.1105427987441488,1.0,-0.094054826288833,0.4388151704094686,0
5,0.15,6,1,30,dark_cloud_cover,195,-0.1338160324206478,-0.1040955771651986,1.0,-0.3272412153772733,0.4648827460411379,0
5,0.15,6,1,30,dragonfly_doji,536,0.0977255974355321,-0.0345772708586562,1.0,-0.1852035100187354,0.3091995532369407,0
5,0.15,6,1,30,evening_star,53,-0.1644653629421287,0.1499849418371235,1.0,-0.234184175330324,0.7783443176904851,0
5,0.15,6,1,30,gravestone_doji,639,-0.0894644134483075,0.0562294937023883,1.0,-0.0653292984360026,0.2494675441131748,0
5,0.15,6,1,30,hammer,1485,0.13418787666579,0.0188190784934621,1.0,-0.0565416668849176,0.1605443299687852,0
5,0.15,6,1,30,hanging_man,1887,-0.0805175417733646,0.058240576116329,1.0,-0.0348742834020442,0.1947923100201157,0
5,0.15,6,1,30,inverted_hammer,1649,0.0825653135568923,0.0887299011846775,0.791920807919208,0.0059839444797562,0.1714817483272978,0
5,0.15,6,1,30,morning_star,44,0.1801527128383971,-0.1294352140704584,1.0,-0.482030752279333,0.7449911625246612,0
5,0.15,6,1,30,piercing_line,185,-0.0298902240634385,-0.188675626449862,1.0,-0.4046005294527969,0.4581655320897652,0
5,0.15,6,1,30,shooting_star,1698,-0.0700873926824789,0.0221901831716379,1.0,-0.048064963745495,0.146196156578097,0
5,0.15,6,1,30,three_black_crows,15,-0.0646058185861257,-0.0163726270832903,1.0,,,0
5,0.15,6,1,30,three_white_soldiers,16,-0.1260096642907727,-0.2118443873961969,1.0,,,0
5,0.15,6,1,30,tweezer_bottom,2977,0.1173010663700284,0.0576555523143258,0.4731526847315269,0.0097157966112558,0.1007416159232458,0
5,0.15,6,1,30,tweezer_top,3207,-0.0642414186344062,0.027657566395784,1.0,-0.0145281556006377,0.0877697366525391,0
5,0.15,6,6,30,bearish_engulfing,1481,-0.0943025221916901,0.0646788699496657,0.9291070892910708,0.0044635736897899,0.1266938131202953,0
5,0.15,6,6,30,bearish_harami,672,-0.1373560561883249,-0.0329397143769398,1.0,-0.1471248347923973,0.2418066650705743,0
5,0.15,6,6,30,bearish_kicker,203,-0.127762656679383,0.0385826069238326,1.0,-0.1900502754470044,0.4776193407303893,0
5,0.15,6,6,30,bullish_engulfing,1386,0.2871134826436184,0.2264997580452759,0.0083991600839916,0.1537925308159398,0.1518872240964917,1
5,0.15,6,6,30,bullish_harami,649,0.0602604163623701,0.0110361519657818,1.0,-0.1291411683970157,0.2882175588666829,0
5,0.15,6,6,30,bullish_kicker,185,0.1091045619305887,0.0537384210048065,1.0,-0.1802053270441362,0.4792136699946588,0
5,0.15,6,6,30,dark_cloud_cover,195,-0.1338160324206478,-0.0991121251640327,1.0,-0.3340694634668987,0.4916725914319975,0
5,0.15,6,6,30,dragonfly_doji,536,0.0977255974355321,-0.0060356671892729,1.0,-0.1374399136409762,0.2748387068195845,0
5,0.15,6,6,30,evening_star,53,-0.1644653629421287,0.1619335694749898,1.0,-0.2341114604033282,0.7985480444954758,0
5,0.15,6,6,30,gravestone_doji,639,-0.0894644134483075,0.076763741120231,1.0,-0.040107587602758,0.240277612299809,0
5,0.15,6,6,30,hammer,1485,0.13418787666579,0.0226691563088934,1.0,-0.0552536831895053,0.1601842904449078,0
5,0.15,6,6,30,hanging_man,1887,-0.0805175417733646,0.0819775832869354,0.9591040895910408,-0.0020173958885695,0.1732650026255144,0
5,0.15,6,6,30,inverted_hammer,1649,0.0825653135568923,0.1478017705986924,0.030996900309969,0.0548397387171675,0.1915576216376988,1
5,0.15,6,6,30,morning_star,44,0.1801527128383971,-0.0312964627714504,1.0,-0.4341194894623894,0.8496234538436588,0
5,0.15,6,6,30,piercing_line,185,-0.0298902240634385,-0.0573867654585613,1.0,-0.285977821519286,0.4847884031628587,0
5,0.15,6,6,30,shooting_star,1698,-0.0700873926824789,0.0796032691155902,1.0,0.0048344845560315,0.1581580163284942,0
5,0.15,6,6,30,three_black_crows,15,-0.0646058185861257,-0.0152151912628116,1.0,,,0
5,0.15,6,6,30,three_white_soldiers,16,-0.1260096642907727,-0.161271096816573,1.0,,,0
5,0.15,6,6,30,tweezer_bottom,2977,0.1173010663700284,0.0513940075382458,0.7343265673432656,0.0051126407459061,0.0960005886542585,0
5,0.15,6,6,30,tweezer_top,3207,-0.0642414186344062,0.0455313112498916,1.0,-0.0029655932648598,0.1003720852748683,0
5,0.15,6,11,30,bearish_engulfing,1481,-0.0943025221916901,0.0443710909125051,1.0,-0.0236410396338777,0.1433685698900297,0
5,0.15,6,11,30,bearish_harami,672,-0.1373560561883249,-0.0415277551428987,1.0,-0.1675821575711437,0.253566242058948,0
5,0.15,6,11,30,bearish_kicker,203,-0.127762656679383,0.0790820761082046,1.0,-0.1542340805074936,0.4979491353831385,0
5,0.15,6,11,30,bullish_engulfing,1386,0.2871134826436184,0.2088052344381675,0.0083991600839916,0.1292999059792914,0.1662225819440493,1
5,0.15,6,11,30,bullish_harami,649,0.0602604163623701,0.0331092892179743,1.0,-0.1108311124074169,0.2955255267446081,0
5,0.15,6,11,30,bullish_kicker,185,0.1091045619305887,0.0643834305081316,1.0,-0.1673292546367484,0.4750592804208598,0
5,0.15,6,11,30,dark_cloud_cover,195,-0.1338160324206478,-0.1801504959371803,1.0,-0.4127113618434277,0.493125636593818,0
5,0.15,6,11,30,dragonfly_doji,536,0.0977255974355321,-0.0248566973588026,1.0,-0.1656579874373384,0.288296785489576,0
5,0.15,6,11,30,evening_star,53,-0.1644653629421287,0.3118166243438119,1.0,-0.0663660090080049,0.7606489299376145,0
5,0.15,6,11,30,gravestone_doji,639,-0.0894644134483075,0.10374646768182,1.0,-0.0308140170401014,0.2789227167388483,0
5,0.15,6,11,30,hammer,1485,0.13418787666579,0.0412025703940055,1.0,-0.052889872728638,0.1936508871782409,0
5,0.15,6,11,30,hanging_man,1887,-0.0805175417733646,0.1068516982458667,0.3431656834316568,0.0226243987248081,0.1770343296538485,0
5,0.15,6,11,30,inverted_hammer,1649,0.0825653135568923,0.1022385182216315,0.6071392860713929,0.007023318912124,0.1936685271255518,0
5,0.15,6,11,30,morning_star,44,0.1801527128383971,0.163134393144984,1.0,-0.2593620632119671,0.9055376852985668,0
5,0.15,6,11,30,piercing_line,185,-0.0298902240634385,-0.034846022628258,1.0,-0.2413086511445911,0.4381109895885808,0
5,0.15,6,11,30,shooting_star,1698,-0.0700873926824789,0.0782113981208993,1.0,-0.0017747413353698,0.1693683765566946,0
5,0.15,6,11,30,three_black_crows,15,-0.0646058185861257,-0.1868161397366643,1.0,,,0
5,0.15,6,11,30,three_white_soldiers,16,-0.1260096642907727,-0.3713934032539076,1.0,,,0
5,0.15,6,11,30,tweezer_bottom,2977,0.1173010663700284,0.0650257779873427,0.6071392860713929,0.0099326747053441,0.1166073015659029,0
5,0.15,6,11,30,tweezer_top,3207,-0.0642414186344062,0.0588754240064624,0.44995500449955,0.0103176557520812,0.1003597383942616,0
5,0.15,7,1,5,bearish_engulfing,1541,-0.0844192362878887,0.0010539506558281,1.0,-0.0471499845015373,0.0962993249224047,0
5,0.15,7,1,5,bearish_harami,675,-0.0556432380314243,0.0155268413986687,1.0,-0.0743806288788924,0.1863906623798299,0
5,0.15,7,1,5,bearish_kicker,172,-0.0845520565239204,-0.0093268162842408,1.0,-0.1613421250880047,0.3096041483852909,0
5,0.15,7,1,5,bullish_engulfing,1423,0.2775726052949896,0.1085094878156296,0.0083991600839916,0.0596595623246457,0.102425415821258,1
5,0.15,7,1,5,bullish_harami,603,0.0981104690058873,-0.0594462702168489,1.0,-0.165976797279644,0.2213895668589494,0
5,0.15,7,1,5,bullish_kicker,204,0.0433663877341312,-0.046424757748083,1.0,-0.1843289428474051,0.2878906838896664,0
5,0.15,7,1,5,dark_cloud_cover,223,0.0723351121797678,-0.0215455250488239,1.0,-0.16379045657568,0.3054952572297992,0
5,0.15,7,1,5,dragonfly_doji,425,0.0534065439753332,-0.0105403425640179,1.0,-0.1453253047467005,0.2748677894003995,0
5,0.15,7,1,5,evening_star,51,-0.1970250302172196,0.0665517050246907,1.0,-0.1221966726558533,0.3665923079707884,0
5,0.15,7,1,5,gravestone_doji,523,-0.0631311982540789,-0.0257575744659061,1.0,-0.1266105538704446,0.2089544159285607,0
5,0.15,7,1,5,hammer,1444,0.0925584648333564,-0.009689501549261,1.0,-0.0740942700805507,0.1353745536684019,0
5,0.15,7,1,5,hanging_man,1736,-0.0875034277748679,-0.0043660206932751,1.0,-0.0762143917627621,0.1471880374558436,0
5,0.15,7,1,5,inverted_hammer,1561,0.0453644302135454,-0.0556551823521864,1.0,-0.1383516782927207,0.170245888230698,0
5,0.15,7,1,5,morning_star,48,0.181309944845443,-0.0171362019276908,1.0,-0.2562652331693995,0.481064343650311,0
5,0.15,7,1,5,piercing_line,185,-0.059987520578903,-0.092820380183872,1.0,-0.2491644516850951,0.3236815974452092,0
5,0.15,7,1,5,shooting_star,1608,-0.0589676899400988,-0.0150724516923283,1.0,-0.082297454407849,0.1362123948354156,0
5,0.15,7,1,5,three_black_crows,20,-0.061597638439539,0.0563245487790997,1.0,,,0
5,0.15,7,1,5,three_white_soldiers,29,0.2867616836305392,0.1027250098887451,1.0,,,0
5,0.15,7,1,5,tweezer_bottom,3001,0.112007734737696,0.0097282379088389,1.0,-0.0265054711419,0.0767473306984438,0
5,0.15,7,1,5,tweezer_top,3276,-0.0601628728411178,-0.0234740325676237,1.0,-0.0591969413718939,0.0750116570060905,0
5,0.15,7,1,15,bearish_engulfing,1541,-0.0844192362878887,0.05609753813582,1.0,0.0021003984420059,0.1135257005613333,0
5,0.15,7,1,15,bearish_harami,675,-0.0556432380314243,-0.0179656375508053,1.0,-0.1280916575478877,0.2368680076020144,0
5,0.15,7,1,15,bearish_kicker,172,-0.0845520565239204,-0.022329445404217,1.0,-0.2177362007959858,0.4105384464792277,0
5,0.15,7,1,15,bullish_engulfing,1423,0.2775726052949896,0.1713386714042933,0.0083991600839916,0.1086744247273222,0.131226501954503,1
5,0.15,7,1,15,bullish_harami,603,0.0981104690058873,0.041462762632983,1.0,-0.0823504074705472,0.2589781134008507,0
5,0.15,7,1,15,bullish_kicker,204,0.0433663877341312,0.0585059547438889,1.0,-0.1161874975956655,0.3640213039760423,0
5,0.15,7,1,15,dark_cloud_cover,223,0.0723351121797678,-0.0505727245344671,1.0,-0.2027286573608481,0.3242057659680906,0
5,0.15,7,1,15,dragonfly_doji,425,0.0534065439753332,-0.0069446471557467,1.0,-0.1585593379848392,0.3135678620727281,0
5,0.15,7,1,15,evening_star,51,-0.1970250302172196,0.2081004950877024,1.0,-0.0825138733534522,0.5904262852389129,0
5,0.15,7,1,15,gravestone_doji,523,-0.0631311982540789,0.0111305852722326,1.0,-0.1118549134033647,0.2471682785137147,0
5,0.15,7,1,15,hammer,1444,0.0925584648333564,0.0465378248644374,1.0,-0.0345466619524648,0.1657153185660695,0
5,0.15,7,1,15,hanging_man,1736,-0.0875034277748679,-0.0101706058852325,1.0,-0.0954199320615491,0.1765738305909865,0
5,0.15,7,1,15,inverted_hammer,1561,0.0453644302135454,-0.0605505191283535,1.0,-0.1654825426148661,0.2157266247075711,0
5,0.15,7,1,15,morning_star,48,0.181309944845443,-0.0162146460909903,1.0,-0.3460778939662282,0.6584975864068037,0
5,0.15,7,1,15,piercing_line,185,-0.059987520578903,-0.0044418984388466,1.0,-0.1793348560421738,0.3521498693090615,0
5,0.15,7,1,15,shooting_star,1608,-0.0589676899400988,0.0053423148698612,1.0,-0.0703351505010045,0.1575406386324424,0
5,0.15,7,1,15,three_black_crows,20,-0.061597638439539,0.1831279172174626,1.0,,,0
5,0.15,7,1,15,three_white_soldiers,29,0.2867616836305392,0.1430413829550392,1.0,,,0
5,0.15,7,1,15,tweezer_bottom,3001,0.112007734737696,0.0338814794664368,1.0,-0.0172935337636421,0.1073404494157045,0
5,0.15,7,1,15,tweezer_top,3276,-0.0601628728411178,0.0298677401292283,1.0,-0.0129220032232418,0.0911225847227434,0
5,0.15,7,1,30,bearish_engulfing,1541,-0.0844192362878887,0.0227552038956539,1.0,-0.0398271849406697,0.1319327438904126,0
5,0.15,7,1,30,bearish_harami,675,-0.0556432380314243,0.0356191725824445,1.0,-0.0840454042034028,0.2491874821828359,0
5,0.15,7,1,30,bearish_kicker,172,-0.0845520565239204,0.0892478692278645,1.0,-0.1159492751933347,0.4233212321422169,0
5,0.15,7,1,30,bullish_engulfing,1423,0.2775726052949896,0.1602553574475435,0.0083991600839916,0.0950873630470991,0.1362578703173076,1
5,0.15,7,1,30,bullish_harami,603,0.0981104690058873,-0.0298076504889627,1.0,-0.1483959028101857,0.244665815817568,0
5,0.15,7,1,30,bullish_kicker,204,0.0433663877341312,0.049414815062243,1.0,-0.168669841837412,0.4490899520379333,0
5,0.15,7,1,30,dark_cloud_cover,223,0.0723351121797678,0.163629008061203,1.0,-0.0061000096945684,0.3656475282430655,0
5,0.15,7,1,30,dragonfly_doji,425,0.0534065439753332,0.143218624880641,1.0,-0.003643957775585,0.3100356113750911,0
5,0.15,7,1,30,evening_star,51,-0.1970250302172196,-0.007223967953207,1.0,-0.3465474405610247,0.7010200580468077,0
5,0.15,7,1,30,gravestone_doji,523,-0.0631311982540789,-0.0160510587644303,1.0,-0.1584093196743549,0.2851754511160256,0
5,0.15,7,1,30,hammer,1444,0.0925584648333564,-0.0143109598440513,1.0,-0.1032253527579198,0.1864084568153851,0
5,0.15,7,1,30,hanging_man,1736,-0.0875034277748679,-0.0199200321345285,1.0,-0.1062069801010792,0.1777818050342347,0
5,0.15,7,1,30,inverted_hammer,1561,0.0453644302135454,-0.0342862921265625,1.0,-0.1458763508892489,0.2241306050141953,0
5,0.15,7,1,30,morning_star,48,0.181309944845443,0.1427274102049701,1.0,-0.2582632582566271,0.809492309953018,0
5,0.15,7,1,30,piercing_line,185,-0.059987520578903,-0.1304781196280427,1.0,-0.3218121459578124,0.3929406399029405,0
5,0.15,7,1,30,shooting_star,1608,-0.0589676899400988,0.0046053967942254,1.0,-0.0692124526756298,0.1529153432249945,0
5,0.15,7,1,30,three_black_crows,20,-0.061597638439539,-0.0080195754977073,1.0,,,0
5,0.15,7,1,30,three_white_soldiers,29,0.2867616836305392,0.1310163943358362,1.0,,,0
5,0.15,7,1,30,tweezer_bottom,3001,0.112007734737696,0.0460403607253239,1.0,0.0026538032371321,0.0909490457199038,0
5,0.15,7,1,30,tweezer_top,3276,-0.0601628728411178,0.0369889558000299,1.0,-0.0094930158045423,0.0958185852246596,0
5,0.15,7,6,30,bearish_engulfing,1541,-0.0844192362878887,0.0259971448178292,1.0,-0.0457181787642574,0.1511517331291469,0
5,0.15,7,6,30,bearish_harami,675,-0.0556432380314243,0.0044272074814086,1.0,-0.1027018842114019,0.2286484813319671,0
5,0.15,7,6,30,bearish_kicker,172,-0.0845520565239204,0.1270725412327112,1.0,-0.0899731813112986,0.4462804917712146,0
5,0.15,7,6,30,bullish_engulfing,1423,0.2775726052949896,0.171706427556629,0.0083991600839916,0.103970364440001,0.1398055465557341,1
5,0.15,7,6,30,bullish_harami,603,0.0981104690058873,0.047897221763145,1.0,-0.0880132029098695,0.2863054589713374,0
5,0.15,7,6,30,bullish_kicker,204,0.0433663877341312,0.0322562186399925,1.0,-0.2050807716287208,0.492942117129808,0
5,0.15,7,6,30,dark_cloud_cover,223,0.0723351121797678,0.2576752909354604,0.1871812818718128,0.075063724409284,0.3868047343497399,0
5,0.15,7,6,30,dragonfly_doji,425,0.0534065439753332,0.0481174439901464,1.0,-0.1173253183317442,0.3453832853016287,0
5,0.15,7,6,30,evening_star,51,-0.1970250302172196,0.0753886434802149,1.0,-0.2950759011202393,0.7455471483453868,0
5,0.15,7,6,30,gravestone_doji,523,-0.0631311982540789,0.0141359708460837,1.0,-0.1303018656710172,0.2978323879387287,0
5,0.15,7,6,30,hammer,1444,0.0925584648333564,0.0155078664876187,1.0,-0.0737731516199048,0.1897118475996652,0
5,0.15,7,6,30,hanging_man,1736,-0.0875034277748679,-0.0142477081382128,1.0,-0.1085465405669474,0.1996327796819413,0
5,0.15,7,6,30,inverted_hammer,1561,0.0453644302135454,-0.0704133180326301,1.0,-0.1766263458440073,0.2143185347951342,0
5,0.15,7,6,30,morning_star,48,0.181309944845443,0.1553069979586136,1.0,-0.3089636703484398,0.916813187373922,0
5,0.15,7,6,30,piercing_line,185,-0.059987520578903,-0.1059910663236115,1.0,-0.3026560547146505,0.410204474527462,0
5,0.15,7,6,30,shooting_star,1608,-0.0589676899400988,0.0227992111109406,1.0,-0.0542537789129677,0.1590017737025984,0
5,0.15,7,6,30,three_black_crows,20,-0.061597638439539,-0.1448178527599344,1.0,,,0
5,0.15,7,6,30,three_white_soldiers,29,0.2867616836305392,0.1518161675918489,1.0,,,0
5,0.15,7,6,30,tweezer_bottom,3001,0.112007734737696,0.0713271275281909,0.08999100089991,0.0237296342883216,0.0983129321131282,0
5,0.15,7,6,30,tweezer_top,3276,-0.0601628728411178,0.0629477461260691,0.1871812818718128,0.0180821742689502,0.0929667544211143,0
5,0.15,7,11,30,bearish_engulfing,1541,-0.0844192362878887,0.018013254380125,1.0,-0.058777187683607,0.1590157678616637,0
5,0.15,7,11,30,bearish_harami,675,-0.0556432380314243,0.0048933157607231,1.0,-0.1000148783851871,0.2232134145660688,0
5,0.15,7,11,30,bearish_kicker,172,-0.0845520565239204,0.126276770565554,1.0,-0.108371435190579,0.4886190172636152,0
5,0.15,7,11,30,bullish_engulfing,1423,0.2775726052949896,0.1496618310916032,0.0083991600839916,0.0768455213904686,0.1479680892223534,1
5,0.15,7,11,30,bullish_harami,603,0.0981104690058873,0.0769873019862004,1.0,-0.0509366266670018,0.2691647584793093,0
5,0.15,7,11,30,bullish_kicker,204,0.0433663877341312,0.1654127304002727,1.0,-0.0694795385868315,0.4886832068771584,0
5,0.15,7,11,30,dark_cloud_cover,223,0.0723351121797678,0.142756529795462,1.0,-0.0528731870924923,0.4177773809090015,0
5,0.15,7,11,30,dragonfly_doji,425,0.0534065439753332,0.0563682907295555,1.0,-0.1122708041805714,0.3500168512245685,0
5,0.15,7,11,30,evening_star,51,-0.1970250302172196,-0.036463856427167,1.0,-0.4115451105912499,0.7717942794568067,0
5,0.15,7,11,30,gravestone_doji,523,-0.0631311982540789,-0.0082164222776345,1.0,-0.1465313131581497,0.2834342669815175,0
5,0.15,7,11,30,hammer,1444,0.0925584648333564,0.0349593818852381,1.0,-0.0500435657998607,0.1800398705317208,0
5,0.15,7,11,30,hanging_man,1736,-0.0875034277748679,-0.0594410091860118,1.0,-0.1504252702991019,0.1866197556914242,0
5,0.15,7,11,30,inverted_hammer,1561,0.0453644302135454,-0.048360807599313,1.0,-0.152112972761488,0.2126868987133856,0
5,0.15,7,11,30,morning_star,48,0.181309944845443,0.1129085047467768,1.0,-0.3493233713549405,0.9379692545553326,0
5,0.15,7,11,30,piercing_line,185,-0.059987520578903,-0.1656169331121172,1.0,-0.4110114553246763,0.5009159018844396,0
5,0.15,7,11,30,shooting_star,1608,-0.0589676899400988,0.0219422513830102,1.0,-0.0501439632194614,0.1503256462557406,0
5,0.15,7,11,30,three_black_crows,20,-0.061597638439539,-0.166388109376087,1.0,,,0
5,0.15,7,11,30,three_white_soldiers,29,0.2867616836305392,0.2397949699455134,1.0,,,0
5,0.15,7,11,30,tweezer_bottom,3001,0.112007734737696,0.0705791817094478,0.0811918808119188,0.0251709989047979,0.0947010120985315,0
5,0.15,7,11,30,tweezer_top,3276,-0.0601628728411178,0.0676568256633959,0.035996400359964,0.024127458790231,0.0883725286622986,1
5,0.15,8,1,5,bearish_engulfing,1574,-0.1185712507919597,-0.0031365862784379,1.0,-0.0480054491243864,0.0932957083197529,0
5,0.15,8,1,5,bearish_harami,646,-0.1881400167160213,-0.0304970683513826,1.0,-0.1090549578575742,0.1610466913606097,0
5,0.15,8,1,5,bearish_kicker,170,-0.0646039628770861,0.0354384383368308,1.0,-0.1300405300077256,0.3388638476468327,0
5,0.15,8,1,5,bullish_engulfing,1437,0.2603043587705582,0.0740046415191106,0.1425857414258574,0.0281229099157845,0.0989526183477723,0
5,0.15,8,1,5,bullish_harami,574,0.1123312450524532,0.0485331030226741,1.0,-0.0428208020397619,0.1854135314266529,0
5,0.15,8,1,5,bullish_kicker,235,0.0373873148401133,-0.0478965607002574,1.0,-0.1647852634110974,0.2341728696428392,0
5,0.15,8,1,5,dark_cloud_cover,205,-0.1400234419013007,0.046101412990869,1.0,-0.0752952263046241,0.2494439694419057,0
5,0.15,8,1,5,dragonfly_doji,482,0.1458697626136294,0.0962371461375956,1.0,-0.0127445697627859,0.2237602327614927,0
5,0.15,8,1,5,evening_star,49,-0.1086395988924434,-0.018266719790102,1.0,-0.2592378478105424,0.4776802272987916,0
5,0.15,8,1,5,gravestone_doji,519,-0.090060878958841,0.0054454864294242,1.0,-0.0916789951954558,0.1943966345821913,0
5,0.15,8,1,5,hammer,1446,0.127379311386768,0.0917410697340206,0.1425857414258574,0.0255608207601458,0.1373901379542763,0
5,0.15,8,1,5,hanging_man,1693,-0.0829030508065053,-0.0004259362774767,1.0,-0.0761307722063482,0.1566448601510588,0
5,0.15,8,1,5,inverted_hammer,1521,0.0681804185852196,-0.0319831346910291,1.0,-0.1110159124525728,0.164899962991674,0
5,0.15,8,1,5,morning_star,51,-0.0179075664654329,-0.0962654789577907,1.0,-0.3718533127952567,0.5612166043548741,0
5,0.15,8,1,5,piercing_line,183,-0.0178736020720866,0.0277260924887774,1.0,-0.0882325004172512,0.2480171723718955,0
5,0.15,8,1,5,shooting_star,1596,-0.0751105216744397,-0.0068432606139152,1.0,-0.0714069910634776,0.1302995267318606,0
5,0.15,8,1,5,three_black_crows,20,0.0031715341407667,0.0678959136095658,1.0,,,0
5,0.15,8,1,5,three_white_soldiers,23,0.3813775666542367,0.060736207706342,1.0,,,0
5,0.15,8,1,5,tweezer_bottom,3085,0.1247520023848374,0.0027342336551623,1.0,-0.0316421910970673,0.070829005235862,0
5,0.15,8,1,5,tweezer_top,3341,-0.1006078779291057,0.0216908223526629,1.0,-0.0110148107773311,0.0693247789272511,0
5,0.15,8,1,15,bearish_engulfing,1574,-0.1185712507919597,-0.0217197178148555,1.0,-0.0751583002809178,0.1103341172925228,0
5,0.15,8,1,15,bearish_harami,646,-0.1881400167160213,-0.1054001945888697,1.0,-0.2054267190638613,0.2112660435364505,0
5,0.15,8,1,15,bearish_kicker,170,-0.0646039628770861,-0.0163462970076611,1.0,-0.2067674932749887,0.3850562036403807,0
5,0.15,8,1,15,bullish_engulfing,1437,0.2603043587705582,0.0917092989174166,0.191980801919808,0.029521569939925,0.1328471404275298,0
5,0.15,8,1,15,bullish_harami,574,0.1123312450524532,0.0931359039620623,1.0,-0.0209066099017701,0.235437293716026,0
5,0.15,8,1,15,bullish_kicker,235,0.0373873148401133,0.0510251128097779,1.0,-0.1044727365371692,0.3178296901360287,0
5,0.15,8,1,15,dark_cloud_cover,205,-0.1400234419013007,0.0158588460395022,1.0,-0.1237520893672337,0.2960848760203663,0
5,0.15,8,1,15,dragonfly_doji,482,0.1458697626136294,0.1853798048295974,0.3015698430156984,0.0475251135226983,0.2883842223647335,0
5,0.15,8,1,15,evening_star,49,-0.1086395988924434,0.1787061958610761,1.0,-0.0812073923073973,0.5340783033522389,0
5,0.15,8,1,15,gravestone_doji,519,-0.090060878958841,0.0245608625996052,1.0,-0.1039737082442342,0.2702005295680545,0
5,0.15,8,1,15,hammer,1446,0.127379311386768,0.0777381297003494,1.0,-0.004663904580613,0.1685029885684726,0
5,0.15,8,1,15,hanging_man,1693,-0.0829030508065053,0.058067614338378,1.0,-0.015054056850663,0.148777004576878,0
5,0.15,8,1,15,inverted_hammer,1521,0.0681804185852196,0.0187977206269717,1.0,-0.0692970231576733,0.1839832424446765,0
5,0.15,8,1,15,morning_star,51,-0.0179075664654329,-0.2306896836856957,1.0,-0.598985843406516,0.7681065625706581,0
5,0.15,8,1,15,piercing_line,183,-0.0178736020720866,0.0096248245509222,1.0,-0.1881158902195415,0.407089165133785,0
5,0.15,8,1,15,shooting_star,1596,-0.0751105216744397,-0.009621949684735,1.0,-0.0786321046890922,0.1444967041400061,0
5,0.15,8,1,15,three_black_crows,20,0.0031715341407667,0.0419684060585379,1.0,,,0
5,0.15,8,1,15,three_white_soldiers,23,0.3813775666542367,0.1005210591099169,1.0,,,0
5,0.15,8,1,15,tweezer_bottom,3085,0.1247520023848374,0.0655621997050073,0.0743925607439256,0.0236653229685673,0.0875739441918446,0
5,0.15,8,1,15,tweezer_top,3341,-0.1006078779291057,-0.0045876067346857,1.0,-0.04303797205075,0.0806802160985972,0
5,0.15,8,1,30,bearish_engulfing,1574,-0.1185712507919597,-0.0224363767085666,1.0,-0.0812862895429883,0.1211743917194418,0
5,0.15,8,1,30,bearish_harami,646,-0.1881400167160213,-0.0595111261189323,1.0,-0.1673628719592683,0.221545360382684,0
5,0.15,8,1,30,bearish_kicker,170,-0.0646039628770861,0.133901912082676,1.0,-0.0535145999081287,0.3789919226239522,0
5,0.15,8,1,30,bullish_engulfing,1437,0.2603043587705582,0.1459336360394042,0.0083991600839916,0.0764744366365566,0.1447213308113061,1
5,0.15,8,1,30,bullish_harami,574,0.1123312450524532,0.0766205414416544,1.0,-0.0501122552214467,0.2649099453922158,0
5,0.15,8,1,30,bullish_kicker,235,0.0373873148401133,0.0565446600592259,1.0,-0.1200374735004294,0.3616809372943004,0
5,0.15,8,1,30,dark_cloud_cover,205,-0.1400234419013007,0.0075593137009775,1.0,-0.1732959677287914,0.3858686665494482,0
5,0.15,8,1,30,dragonfly_doji,482,0.1458697626136294,0.1956599228547908,0.113988601139886,0.0625942711847218,0.2810532123379641,0
5,0.15,8,1,30,evening_star,49,-0.1086395988924434,-0.0605581393971145,1.0,-0.4440033112600643,0.7952143679997403,0
5,0.15,8,1,30,gravestone_doji,519,-0.090060878958841,-0.046795130855423,1.0,-0.1894976650571974,0.291842033302677,0
5,0.15,8,1,30,hammer,1446,0.127379311386768,0.0755776909319708,1.0,-0.006404110782597,0.1672776785505054,0
5,0.15,8,1,30,hanging_man,1693,-0.0829030508065053,-0.0164153187235741,1.0,-0.1023555306997514,0.1792701952790333,0
5,0.15,8,1,30,inverted_hammer,1521,0.0681804185852196,0.0093973558733854,1.0,-0.0757241431063973,0.1802069920239661,0
5,0.15,8,1,30,morning_star,51,-0.0179075664654329,-0.1565450640517261,1.0,-0.5074657499865629,0.7345697828308394,0
5,0.15,8,1,30,piercing_line,183,-0.0178736020720866,-0.0633133206215908,1.0,-0.2497462076092413,0.3846625380236858,0
5,0.15,8,1,30,shooting_star,1596,-0.0751105216744397,0.0027858566064009,1.0,-0.074995142174952,0.160081309713695,0
5,0.15,8,1,30,three_black_crows,20,0.0031715341407667,-0.0691824352657548,1.0,,,0
5,0.15,8,1,30,three_white_soldiers,23,0.3813775666542367,0.1038863044496468,1.0,,,0
5,0.15,8,1,30,tweezer_bottom,3085,0.1247520023848374,0.0564345184651323,0.4031596840315968,0.011523961503735,0.0944614971972106,0
5,0.15,8,1,30,tweezer_top,3341,-0.1006078779291057,-0.0037273934828785,1.0,-0.0483222364140188,0.0923444390622045,0
5,0.15,8,6,30,bearish_engulfing,1574,-0.1185712507919597,-0.0210755523562158,1.0,-0.0826623409081785,0.1286894174995417,0
5,0.15,8,6,30,bearish_harami,646,-0.1881400167160213,0.0520241170312549,1.0,-0.0554781135933767,0.2301390817056742,0
5,0.15,8,6,30,bearish_kicker,170,-0.0646039628770861,0.1690587013304786,1.0,-0.057650198817721,0.458469702492646,0
5,0.15,8,6,30,bullish_engulfing,1437,0.2603043587705582,0.1909383689223845,0.0083991600839916,0.1210207541818389,0.1482241756674024,1
5,0.15,8,6,30,bullish_harami,574,0.1123312450524532,0.0509579265756847,1.0,-0.0916489283376835,0.2971856601752183,0
5,0.15,8,6,30,bullish_kicker,235,0.0373873148401133,-0.0410408239720487,1.0,-0.23289921873911,0.3910062707388044,0
5,0.15,8,6,30,dark_cloud_cover,205,-0.1400234419013007,-0.0634762629415694,1.0,-0.2324773844805429,0.3531389708743753,0
5,0.15,8,6,30,dragonfly_doji,482,0.1458697626136294,0.1039713666507684,1.0,-0.0517790366664995,0.3194322159068224,0
5,0.15,8,6,30,evening_star,49,-0.1086395988924434,0.0300996415269309,1.0,-0.3632413006542574,0.8228992257282712,0
5,0.15,8,6,30,gravestone_doji,519,-0.090060878958841,0.0106074383167825,1.0,-0.1222943409441345,0.2762896197395921,0
5,0.15,8,6,30,hammer,1446,0.127379311386768,0.075728914303602,1.0,-0.0078240315078456,0.1721358081363084,0
5,0.15,8,6,30,hanging_man,1693,-0.0829030508065053,0.0276444014152856,1.0,-0.0651003471955746,0.1930799832191498,0
5,0.15,8,6,30,inverted_hammer,1521,0.0681804185852196,0.0750985563472962,1.0,-0.0096047555078706,0.1771922704042361,0
5,0.15,8,6,30,morning_star,51,-0.0179075664654329,-0.2056451639134444,1.0,-0.582869953717777,0.7953784230130283,0
5,0.15,8,6,30,piercing_line,183,-0.0178736020720866,0.0092181831015731,1.0,-0.1765016817215861,0.3814280730413676,0
5,0.15,8,6,30,shooting_star,1596,-0.0751105216744397,0.0071867883980945,1.0,-0.0758282031038474,0.1727197817011247,0
5,0.15,8,6,30,three_black_crows,20,0.0031715341407667,-0.0776850076352092,1.0,,,0
5,0.15,8,6,30,three_white_soldiers,23,0.3813775666542367,0.3373356176980588,1.0,,,0
5,0.15,8,6,30,tweezer_bottom,3085,0.1247520023848374,0.0715367784412315,0.053994600539946,0.0281415385234916,0.0923747099528507,0
5,0.15,8,6,30,tweezer_top,3341,-0.1006078779291057,-0.0038437752251215,1.0,-0.0510094211235008,0.1014774682469326,0
5,0.15,8,11,30,bearish_engulfing,1574,-0.1185712507919597,-0.0027815425851303,1.0,-0.0688126453537002,0.1379434801895447,0
5,0.15,8,11,30,bearish_harami,646,-0.1881400167160213,-0.013119263527218,1.0,-0.1194189379695949,0.2258064447625438,0
5,0.15,8,11,30,bearish_kicker,170,-0.0646039628770861,0.1542124410045846,1.0,-0.0693593180927696,0.4419860491785914,0
5,0.15,8,11,30,bullish_engulfing,1437,0.2603043587705582,0.189423862482035,0.0083991600839916,0.1178225454872461,0.149683059438422,1
5,0.15,8,11,30,bullish_harami,574,0.1123312450524532,0.0006894727716529,1.0,-0.1370843522430637,0.2883264893259214,0
5,0.15,8,11,30,bullish_kicker,235,0.0373873148401133,0.0087026896218234,1.0,-0.2020378241250399,0.4266600873499877,0
5,0.15,8,11,30,dark_cloud_cover,205,-0.1400234419013007,-0.1487322490535381,1.0,-0.3284535794173506,0.3807144781597013,0
5,0.15,8,11,30,dragonfly_doji,482,0.1458697626136294,0.0181626872534967,1.0,-0.1248646034728183,0.2986945171082009,0
5,0.15,8,11,30,evening_star,49,-0.1086395988924434,-0.0637576194431876,1.0,-0.4773601302678373,0.8640446660725158,0
5,0.15,8,11,30,gravestone_doji,519,-0.090060878958841,-0.0245543784377567,1.0,-0.176722398077738,0.3129905237955218,0
5,0.15,8,11,30,hammer,1446,0.127379311386768,0.0549235362430256,1.0,-0.0282650015744188,0.1713873627602627,0
5,0.15,8,11,30,hanging_man,1693,-0.0829030508065053,0.0374518915193028,1.0,-0.0538994991898901,0.1905060222519468,0
5,0.15,8,11,30,inverted_hammer,1521,0.0681804185852196,0.0942937818571639,0.7289271072892711,0.0128344465165862,0.1721077808623274,0
5,0.15,8,11,30,morning_star,51,-0.0179075664654329,-0.1191250358765957,1.0,-0.5788689157913353,0.9320311254206344,0
5,0.15,8,11,30,piercing_line,183,-0.0178736020720866,-0.0332402403932356,1.0,-0.2482463248125098,0.4453460320276458,0
5,0.15,8,11,30,shooting_star,1596,-0.0751105216744397,0.0345012296408046,1.0,-0.0415120151186208,0.1545539874343779,0
5,0.15,8,11,30,three_black_crows,20,0.0031715341407667,-0.051518453862427,1.0,,,0
5,0.15,8,11,30,three_white_soldiers,23,0.3813775666542367,0.3266424071184151,1.0,,,0
5,0.15,8,11,30,tweezer_bottom,3085,0.1247520023848374,0.0587140834271882,0.5799420057994201,0.0067100220611641,0.1055323739203178,0
5,0.15,8,11,30,tweezer_top,3341,-0.1006078779291057,0.0055061284173534,1.0,-0.0402433843293167,0.0945707480974614,0
5,0.15,9,1,5,bearish_engulfing,1603,-0.1405858032508662,-0.0031489828263307,1.0,-0.0452855790303823,0.0906143167908449,0
5,0.15,9,1,5,bearish_harami,689,-0.1075669870757549,0.0097841549316712,1.0,-0.0748376543602908,0.1745186966590298,0
5,0.15,9,1,5,bearish_kicker,190,-0.1809097545783153,-0.0618546079483436,1.0,-0.2044808108094938,0.301340917186467,0
5,0.15,9,1,5,bullish_engulfing,1432,0.3160050522368375,0.151408456280857,0.0083991600839916,0.1054210368691346,0.0977569675486533,1
5,0.15,9,1,5,bullish_harami,577,-0.0018466037067291,-0.0479561145025427,1.0,-0.1543137937742814,0.2244844597565891,0
5,0.15,9,1,5,bullish_kicker,194,0.0240726755755349,-0.0250399636740911,1.0,-0.1640123353498295,0.3006525296445435,0
5,0.15,9,1,5,dark_cloud_cover,219,-0.0233524832852248,0.0553286039566102,1.0,-0.0767891878535808,0.2698232074385356,0
5,0.15,9,1,5,dragonfly_doji,434,0.2091255225457752,0.084856832606918,1.0,-0.0404322236887559,0.2597183197681105,0
5,0.15,9,1,5,evening_star,54,-0.2317453908927252,-0.0789803723863613,1.0,-0.3830314452367046,0.6291387324448598,0
5,0.15,9,1,5,gravestone_doji,470,-0.055916328579617,0.0448935094480724,1.0,-0.0765983933875954,0.2556750580931949,0
5,0.15,9,1,5,hammer,1430,0.1081234245622568,0.0296864623246616,1.0,-0.0374405920661099,0.1392699292412972,0
5,0.15,9,1,5,hanging_man,1754,-0.1341041110363921,-0.026367827462462,1.0,-0.0972636046853708,0.1475016628921439,0
5,0.15,9,1,5,inverted_hammer,1597,0.0736006204331051,-0.0512091117126888,1.0,-0.1296465190627179,0.1648689891226586,0
5,0.15,9,1,5,morning_star,57,0.2172400697688083,0.0409809394482786,1.0,-0.1511503346635325,0.4084989107691719,0
5,0.15,9,1,5,piercing_line,153,-0.084221259055696,-0.1149282273870305,1.0,-0.2909957706643654,0.3663646622489173,0
5,0.15,9,1,5,shooting_star,1607,-0.1387670589975631,-0.0064115208758629,1.0,-0.0618542748488083,0.1156052452932463,0
5,0.15,9,1,5,three_black_crows,20,0.1763437360737783,-0.0529718222098972,1.0,,,0
5,0.15,9,1,5,three_white_soldiers,29,0.0856141412650601,-0.0129971311455461,1.0,,,0
5,0.15,9,1,5,tweezer_bottom,3021,0.0918453919821614,-0.0107135233741861,1.0,-0.0445212767439988,0.0708706223527248,0
5,0.15,9,1,5,tweezer_top,3326,-0.1083478865827052,-0.0062018198402928,1.0,-0.0363377487034966,0.0635815748673815,0
5,0.15,9,1,15,bearish_engulfing,1603,-0.1405858032508662,-0.0148648196413542,1.0,-0.0679101136577377,0.1103213181174515,0
5,0.15,9,1,15,bearish_harami,689,-0.1075669870757549,0.0063340820817344,1.0,-0.0852954799888563,0.188918992265539,0
5,0.15,9,1,15,bearish_kicker,190,-0.1809097545783153,0.0130819514142533,1.0,-0.1668362755555202,0.3774100857341857,0
5,0.15,9,1,15,bullish_engulfing,1432,0.3160050522368375,0.2175382764105231,0.0083991600839916,0.1555785693851303,0.1280223587072429,1
5,0.15,9,1,15,bullish_harami,577,-0.0018466037067291,0.0501670017782407,1.0,-0.060345622487833,0.2342913779598242,0
5,0.15,9,1,15,bullish_kicker,194,0.0240726755755349,0.0858941642905728,1.0,-0.0710848033609411,0.3313841786256932,0
5,0.15,9,1,15,dark_cloud_cover,219,-0.0233524832852248,0.095950495291567,1.0,-0.0731440448240041,0.3442183632662005,0
5,0.15,9,1,15,dragonfly_doji,434,0.2091255225457752,0.0280632361280925,1.0,-0.1180789830836407,0.3056110592464746,0
5,0.15,9,1,15,evening_star,54,-0.2317453908927252,-0.1281978880527092,1.0,-0.4530704398199114,0.6702329939492164,0
5,0.15,9,1,15,gravestone_doji,470,-0.055916328579617,0.0862830720230148,1.0,-0.0648199272145364,0.3176522311013544,0
5,0.15,9,1,15,hammer,1430,0.1081234245622568,-0.011421648779674,1.0,-0.0840219671699364,0.1515330928452209,0
5,0.15,9,1,15,hanging_man,1754,-0.1341041110363921,-0.0085367889657212,1.0,-0.0870274734689936,0.1634493798398075,0
5,0.15,9,1,15,inverted_hammer,1597,0.0736006204331051,-0.0261775449343498,1.0,-0.1127746232020147,0.1808946917557633,0
5,0.15,9,1,15,morning_star,57,0.2172400697688083,0.0398632907208453,1.0,-0.2459457764182504,0.6239152483347093,0
5,0.15,9,1,15,piercing_line,153,-0.084221259055696,-0.0526870029910414,1.0,-0.253548248491888,0.4237408404640342,0
5,0.15,9,1,15,shooting_star,1607,-0.1387670589975631,-0.0194675567168167,1.0,-0.0842310675382323,0.1365433902052401,0
5,0.15,9,1,15,three_black_crows,20,0.1763437360737783,0.1349258278957227,1.0,,,0
5,0.15,9,1,15,three_white_soldiers,29,0.0856141412650601,0.0046117009933962,1.0,,,0
5,0.15,9,1,15,tweezer_bottom,3021,0.0918453919821614,0.0184681577427992,1.0,-0.0253838327933616,0.0917980620601207,0
5,0.15,9,1,15,tweezer_top,3326,-0.1083478865827052,0.021648645839211,1.0,-0.020999639286503,0.0891762846402244,0
5,0.15,9,1,30,bearish_engulfing,1603,-0.1405858032508662,-0.0401828873238489,1.0,-0.0948050092936961,0.1145408399810727,0
5,0.15,9,1,30,bearish_harami,689,-0.1075669870757549,0.0163227031421487,1.0,-0.0905469589469636,0.2254511964215021,0
5,0.15,9,1,30,bearish_kicker,190,-0.1809097545783153,-0.0475601470487949,1.0,-0.2583026114060576,0.4417682143342806,0
5,0.15,9,1,30,bullish_engulfing,1432,0.3160050522368375,0.2122751056465109,0.0083991600839916,0.1448368300941003,0.1385854217781343,1
5,0.15,9,1,30,bullish_harami,577,-0.0018466037067291,-0.0640658020453588,1.0,-0.1734172278020208,0.2285106101159291,0
5,0.15,9,1,30,bullish_kicker,194,0.0240726755755349,-0.0777256059458766,1.0,-0.2590385800347845,0.3817250948199054,0
5,0.15,9,1,30,dark_cloud_cover,219,-0.0233524832852248,0.013495878443123,1.0,-0.1829817530667647,0.4103419979440857,0
5,0.15,9,1,30,dragonfly_doji,434,0.2091255225457752,0.0778573321504976,1.0,-0.0670334603660756,0.3021786988756993,0
5,0.15,9,1,30,evening_star,54,-0.2317453908927252,-0.1944357069449536,1.0,-0.5337612898874221,0.6949512650652947,0
5,0.15,9,1,30,gravestone_doji,470,-0.055916328579617,0.0821560873659082,1.0,-0.0767087410499125,0.3289414295106011,0
5,0.15,9,1,30,hammer,1430,0.1081234245622568,0.0669730335440685,1.0,-0.0130860036997523,0.1739394371463317,0
5,0.15,9,1,30,hanging_man,1754,-0.1341041110363921,-0.0611413615008812,1.0,-0.1308992756478285,0.1423112919928274,0
5,0.15,9,1,30,inverted_hammer,1597,0.0736006204331051,0.0716698585928391,1.0,-0.0148386442106707,0.1798685961200849,0
5,0.15,9,1,30,morning_star,57,0.2172400697688083,-0.1207655845837723,1.0,-0.4808441285454848,0.7881624207029653,0
5,0.15,9,1,30,piercing_line,153,-0.084221259055696,-0.154132682808926,1.0,-0.3957576752831057,0.5073756337668136,0
5,0.15,9,1,30,shooting_star,1607,-0.1387670589975631,-0.0334784184227632,1.0,-0.096971724293685,0.1344745808621862,0
5,0.15,9,1,30,three_black_crows,20,0.1763437360737783,0.0340296799210771,1.0,,,0
5,0.15,9,1,30,three_white_soldiers,29,0.0856141412650601,0.0284790665455929,1.0,,,0
5,0.15,9,1,30,tweezer_bottom,3021,0.0918453919821614,0.0214895264801627,1.0,-0.0286031803537878,0.1041600094046644,0
5,0.15,9,1,30,tweezer_top,3326,-0.1083478865827052,0.0258898237836903,1.0,-0.0182613942774772,0.091251776323187,0
5,0.15,9,6,30,bearish_engulfing,1603,-0.1405858032508662,-0.0505314365828902,1.0,-0.1088922912073623,0.1215738703689252,0
5,0.15,9,6,30,bearish_harami,689,-0.1075669870757549,0.055130564598435,1.0,-0.0594004482083277,0.2417756517382911,0
5,0.15,9,6,30,bearish_kicker,190,-0.1809097545783153,-0.1310037855489029,1.0,-0.3639370485465446,0.4726577808834006,0
5,0.15,9,6,30,bullish_engulfing,1432,0.3160050522368375,0.2382278108777015,0.0083991600839916,0.1657992089878952,0.1476512647676056,1
5,0.15,9,6,30,bullish_harami,577,-0.0018466037067291,-0.0498321425741932,1.0,-0.1748320431735935,0.257913131626256,0
5,0.15,9,6,30,bullish_kicker,194,0.0240726755755349,0.0140755414188825,1.0,-0.1936978643544462,0.4343091163882403,0
5,0.15,9,6,30,dark_cloud_cover,219,-0.0233524832852248,0.1187400565338287,1.0,-0.0825479055396582,0.4234742340526767,0
5,0.15,9,6,30,dragonfly_doji,434,0.2091255225457752,0.1532982386064513,1.0,-0.0144921021361082,0.3564148367449151,0
5,0.15,9,6,30,evening_star,54,-0.2317453908927252,-0.235390886575163,1.0,-0.5748514430701335,0.6998604337169421,0
5,0.15,9,6,30,gravestone_doji,470,-0.055916328579617,0.1705697674080727,0.7499250074992501,0.0145214572120381,0.3189717114930048,0
5,0.15,9,6,30,hammer,1430,0.1081234245622568,0.0388356501337302,1.0,-0.0449198806636246,0.1810110644762885,0
5,0.15,9,6,30,hanging_man,1754,-0.1341041110363921,-0.0362555840422662,1.0,-0.117464854316103,0.168711826866033,0
5,0.15,9,6,30,inverted_hammer,1597,0.0736006204331051,0.0700130412061885,1.0,-0.0240629905641397,0.1977008893712439,0
5,0.15,9,6,30,morning_star,57,0.2172400697688083,0.0978739774050526,1.0,-0.2241157877872264,0.7124336213311663,0
5,0.15,9,6,30,piercing_line,153,-0.084221259055696,-0.2142088791748861,1.0,-0.4828753147541618,0.5633736443563345,0
5,0.15,9,6,30,shooting_star,1607,-0.1387670589975631,-0.049869761013016,1.0,-0.1240099795657222,0.1559543592745018,0
5,0.15,9,6,30,three_black_crows,20,0.1763437360737783,0.2069354746546858,1.0,,,0
5,0.15,9,6,30,three_white_soldiers,29,0.0856141412650601,0.0594247228634262,1.0,,,0
5,0.15,9,6,30,tweezer_bottom,3021,0.0918453919821614,0.0131074424772371,1.0,-0.0333549701777036,0.0977449253981833,0
5,0.15,9,6,30,tweezer_top,3326,-0.1083478865827052,0.0178666828492278,1.0,-0.0273449460758452,0.0944192674764651,0
5,0.15,9,11,30,bearish_engulfing,1603,-0.1405858032508662,-0.0180420942202848,1.0,-0.0792554760751646,0.1258801304973172,0
5,0.15,9,11,30,bearish_harami,689,-0.1075669870757549,-0.0482372223581732,1.0,-0.1664838835988659,0.2499585259738694,0
5,0.15,9,11,30,bearish_kicker,190,-0.1809097545783153,-0.0530430934799493,1.0,-0.3012353757875023,0.4975603298797058,0
5,0.15,9,11,30,bullish_engulfing,1432,0.3160050522368375,0.2371631577043208,0.0083991600839916,0.1596637450100459,0.1630293144969904,1
5,0.15,9,11,30,bullish_harami,577,-0.0018466037067291,-0.002326647164264,1.0,-0.1325806836996787,0.2743160610428338,0
5,0.15,9,11,30,bullish_kicker,194,0.0240726755755349,-0.0039742883873198,1.0,-0.2254205939754697,0.4688452664304907,0
5,0.15,9,11,30,dark_cloud_cover,219,-0.0233524832852248,0.1504748711792738,1.0,-0.0827728414970387,0.4864247950254083,0
5,0.15,9,11,30,dragonfly_doji,434,0.2091255225457752,0.1629242413910049,1.0,-0.0147149236000552,0.3687278630091006,0
5,0.15,9,11,30,evening_star,54,-0.2317453908927252,-0.2716121781103014,1.0,-0.6082862852172438,0.7123883779230119,0
5,0.15,9,11,30,gravestone_doji,470,-0.055916328579617,0.1277111115536001,1.0,-0.0310902742126569,0.3378473674565952,0
5,0.15,9,11,30,hammer,1430,0.1081234245622568,0.0379569360978592,1.0,-0.0496967154351404,0.1883976831141801,0
5,0.15,9,11,30,hanging_man,1754,-0.1341041110363921,-0.0101890370431304,1.0,-0.0842718900728968,0.1520264588348324,0
5,0.15,9,11,30,inverted_hammer,1597,0.0736006204331051,0.0545911377249209,1.0,-0.0380270995887688,0.1989004215584884,0
5,0.15,9,11,30,morning_star,57,0.2172400697688083,0.29721893995856,1.0,-0.0246513720009504,0.7038268345980581,0
5,0.15,9,11,30,piercing_line,153,-0.084221259055696,-0.218376707227229,1.0,-0.4772794573203432,0.5521226743152997,0
5,0.15,9,11,30,shooting_star,1607,-0.1387670589975631,0.0340061243837027,1.0,-0.0385779154554662,0.1532738215735424,0
5,0.15,9,11,30,three_black_crows,20,0.1763437360737783,0.1058576778219669,1.0,,,0
5,0.15,9,11,30,three_white_soldiers,29,0.0856141412650601,0.0610059316529861,1.0,,,0
5,0.15,9,11,30,tweezer_bottom,3021,0.0918453919821614,0.0288800815176392,1.0,-0.0157681201158952,0.0947595433904287,0
5,0.15,9,11,30,tweezer_top,3326,-0.1083478865827052,0.0201140148349658,1.0,-0.026574828185959,0.0973797858912358,0
5,0.15,10,1,5,bearish_engulfing,1536,-0.1429906613928984,-0.0410400216985206,1.0,-0.0873147230837183,0.098080333142774,0
5,0.15,10,1,5,bearish_harami,613,-0.097616644576317,0.0391097643654226,1.0,-0.0532389076343684,0.1887771151553999,0
5,0.15,10,1,5,bearish_kicker,180,-0.176299247257479,0.0192503698088297,1.0,-0.1443320041205018,0.3370655656931822,0
5,0.15,10,1,5,bullish_engulfing,1349,0.2729256925048147,0.1270602727510033,0.0083991600839916,0.070332911460176,0.118361788707514,1
5,0.15,10,1,5,bullish_harami,549,0.0101435898161888,-0.0439926590854763,1.0,-0.1596162917151892,0.2306475007289627,0
5,0.15,10,1,5,bullish_kicker,168,0.0327164175756191,0.0668863552237173,1.0,-0.1121131955924822,0.3756935374815076,0
5,0.15,10,1,5,dark_cloud_cover,253,-0.1398314939111929,-0.0048822565821282,1.0,-0.1326319669928108,0.2609776134971051,0
5,0.15,10,1,5,dragonfly_doji,462,0.0524732666565604,0.0164907689465739,1.0,-0.0848608518590697,0.2107666176558799,0
5,0.15,10,1,5,evening_star,38,-0.1364973439248359,-0.1133093965564646,1.0,-0.390854523351716,0.6111558585089728,0
5,0.15,10,1,5,gravestone_doji,495,-0.0911243965567916,0.0096590410229916,1.0,-0.0953925299663946,0.2139456138081278,0
5,0.15,10,1,5,hammer,1498,0.0925571436868281,0.0376665195125989,1.0,-0.0253582561509895,0.1321849918640042,0
5,0.15,10,1,5,hanging_man,1713,-0.0523485627826293,-0.0149930412000444,1.0,-0.0895901746018811,0.1531895193674935,0
5,0.15,10,1,5,inverted_hammer,1542,0.0744426999960181,-0.0032396201559739,1.0,-0.0795680382096587,0.1567594437980209,0
5,0.15,10,1,5,morning_star,60,0.2958666250593282,0.1086119417216292,1.0,-0.146814147456881,0.5330188251229584,0
5,0.15,10,1,5,piercing_line,224,0.0624657665234142,0.016828744877542,1.0,-0.1057477181654239,0.2649896501720233,0
5,0.15,10,1,5,shooting_star,1661,-0.1062529834833111,-0.021095492150462,1.0,-0.0821676958084543,0.1261370210709103,0
5,0.15,10,1,5,three_black_crows,26,-0.1634721481758845,-0.0352586222239337,1.0,,,0
5,0.15,10,1,5,three_white_soldiers,26,-0.062741403078453,-0.0640832415983884,1.0,,,0
5,0.15,10,1,5,tweezer_bottom,3091,0.0928195758115401,0.0010432932354141,1.0,-0.0374814516237058,0.0799997076958029,0
5,0.15,10,1,5,tweezer_top,3333,-0.0769181333311192,0.025765424060955,1.0,-0.0056972364160027,0.0663566559609948,0
5,0.15,10,1,15,bearish_engulfing,1536,-0.1429906613928984,-0.0753801730760954,1.0,-0.1326557048216078,0.1218042698323687,0
5,0.15,10,1,15,bearish_harami,613,-0.097616644576317,0.0183684441328335,1.0,-0.0853360516723725,0.2151889063537264,0
5,0.15,10,1,15,bearish_kicker,180,-0.176299247257479,0.0181878220984241,1.0,-0.164447074832053,0.3746837126467494,0
5,0.15,10,1,15,bullish_engulfing,1349,0.2729256925048147,0.2313719412681544,0.0083991600839916,0.1654311158008105,0.1383630010620735,1
5,0.15,10,1,15,bullish_harami,549,0.0101435898161888,-0.123182429523958,1.0,-0.2510444087791486,0.2623116662495387,0
5,0.15,10,1,15,bullish_kicker,168,0.0327164175756191,-0.0044639633929292,1.0,-0.2031653110946122,0.4328699215112975,0
5,0.15,10,1,15,dark_cloud_cover,253,-0.1398314939111929,-0.0595775318125298,1.0,-0.2171840683278328,0.3218719795748591,0
5,0.15,10,1,15,dragonfly_doji,462,0.0524732666565604,0.0801314305870078,1.0,-0.0598940956483892,0.2936100982442282,0
5,0.15,10,1,15,evening_star,38,-0.1364973439248359,-0.2704701608641837,1.0,-0.6089530811086601,0.6893195465973452,0
5,0.15,10,1,15,gravestone_doji,495,-0.0911243965567916,0.0302408947509321,1.0,-0.0969812911350177,0.2713012525866666,0
5,0.15,10,1,15,hammer,1498,0.0925571436868281,0.0393927349726076,1.0,-0.0346017842907725,0.1505682254403402,0
5,0.15,10,1,15,hanging_man,1713,-0.0523485627826293,0.0200367107095357,1.0,-0.0608031359614017,0.166683332495347,0
5,0.15,10,1,15,inverted_hammer,1542,0.0744426999960181,0.0101710308024534,1.0,-0.0817170493233143,0.1862556138304087,0
5,0.15,10,1,15,morning_star,60,0.2958666250593282,0.2621568492069566,1.0,-0.0268955514055073,0.612627602796386,0
5,0.15,10,1,15,piercing_line,224,0.0624657665234142,-0.0923257438210878,1.0,-0.2689718029941989,0.3650697305108709,0
5,0.15,10,1,15,shooting_star,1661,-0.1062529834833111,-0.029430951177611,1.0,-0.0930288200516327,0.1349113859301117,0
5,0.15,10,1,15,three_black_crows,26,-0.1634721481758845,-0.2206910480256029,1.0,,,0
5,0.15,10,1,15,three_white_soldiers,26,-0.062741403078453,0.0305791995996649,1.0,,,0
5,0.15,10,1,15,tweezer_bottom,3091,0.0928195758115401,0.0218726438191904,1.0,-0.0221338567891946,0.0914500946066401,0
5,0.15,10,1,15,tweezer_top,3333,-0.0769181333311192,0.0068881813589495,1.0,-0.0297290860990428,0.0757757885645605,0
5,0.15,10,1,30,bearish_engulfing,1536,-0.1429906613928984,-0.1061706640155503,1.0,-0.1719465259375935,0.1379426421738435,0
5,0.15,10,1,30,bearish_harami,613,-0.097616644576317,-0.0027178371042993,1.0,-0.1240138798692595,0.2441720450519081,0
5,0.15,10,1,30,bearish_kicker,180,-0.176299247257479,0.0149821694523668,1.0,-0.1921043476376858,0.4230533051094811,0
5,0.15,10,1,30,bullish_engulfing,1349,0.2729256925048147,0.2264916347271096,0.0083991600839916,0.1523299285090162,0.1531365274434716,1
5,0.15,10,1,30,bullish_harami,549,0.0101435898161888,-0.0860758416057304,1.0,-0.2172190352635969,0.2687644078053403,0
5,0.15,10,1,30,bullish_kicker,168,0.0327164175756191,-0.1651001766618507,1.0,-0.4041697973190597,0.495351313527016,0
5,0.15,10,1,30,dark_cloud_cover,253,-0.1398314939111929,-0.0140553536184727,1.0,-0.1786385235965684,0.3501738562889691,0
5,0.15,10,1,30,dragonfly_doji,462,0.0524732666565604,0.0391094122721454,1.0,-0.131175448650819,0.3544996254664237,0
5,0.15,10,1,30,evening_star,38,-0.1364973439248359,-0.0218752577913284,1.0,-0.4293945289839648,0.8785969529443143,0
5,0.15,10,1,30,gravestone_doji,495,-0.0911243965567916,0.0298871893849298,1.0,-0.1083598674253285,0.2900184599275905,0
5,0.15,10,1,30,hammer,1498,0.0925571436868281,0.0047099810882316,1.0,-0.0769207163024659,0.1748048468191176,0
5,0.15,10,1,30,hanging_man,1713,-0.0523485627826293,-0.0029808908438035,1.0,-0.0841591656068959,0.167729894167121,0
5,0.15,10,1,30,inverted_hammer,1542,0.0744426999960181,-0.0104791113690676,1.0,-0.103582802557709,0.1943308158456707,0
5,0.15,10,1,30,morning_star,60,0.2958666250593282,0.2864471447978139,1.0,-0.021455564961035,0.6479483986785329,0
5,0.15,10,1,30,piercing_line,224,0.0624657665234142,0.1361406889478832,1.0,-0.0284487567652964,0.3476395047755707,0
5,0.15,10,1,30,shooting_star,1661,-0.1062529834833111,-0.0248626702828872,1.0,-0.0945550298425094,0.1443666882703973,0
5,0.15,10,1,30,three_black_crows,26,-0.1634721481758845,0.0916967785628161,1.0,,,0
5,0.15,10,1,30,three_white_soldiers,26,-0.062741403078453,-0.1339844185161874,1.0,,,0
5,0.15,10,1,30,tweezer_bottom,3091,0.0928195758115401,0.0428372868863324,1.0,-0.0106050765537189,0.1090548671056593,0
5,0.15,10,1,30,tweezer_top,3333,-0.0769181333311192,0.0042212514017845,1.0,-0.0402681437727471,0.0928784120217094,0
5,0.15,10,6,30,bearish_engulfing,1536,-0.1429906613928984,-0.1127851346298429,1.0,-0.1828065063854144,0.1441441921526836,0
5,0.15,10,6,30,bearish_harami,613,-0.097616644576317,-0.0216092268862776,1.0,-0.146514454853983,0.2520005676530482,0
5,0.15,10,6,30,bearish_kicker,180,-0.176299247257479,-0.0242935791214702,1.0,-0.238001165426985,0.4390645010504278,0
5,0.15,10,6,30,bullish_engulfing,1349,0.2729256925048147,0.2576987044424921,0.0083991600839916,0.1755532697430336,0.1686220306767039,1
5,0.15,10,6,30,bullish_harami,549,0.0101435898161888,-0.0597495986413254,1.0,-0.1854037586183559,0.2601357642927557,0
5,0.15,10,6,30,bullish_kicker,168,0.0327164175756191,-0.1386770215550185,1.0,-0.4031245470550035,0.5505102370173577,0
5,0.15,10,6,30,dark_cloud_cover,253,-0.1398314939111929,-0.0300092354075912,1.0,-0.2090796326707533,0.3782019033917551,0
5,0.15,10,6,30,dragonfly_doji,462,0.0524732666565604,0.1212820793201039,1.0,-0.0488901786657527,0.3483498811832461,0
5,0.15,10,6,30,evening_star,38,-0.1364973439248359,0.039829219194601,1.0,-0.3941025689615662,0.9283230707366712,0
5,0.15,10,6,30,gravestone_doji,495,-0.0911243965567916,-0.0517061901125459,1.0,-0.179583121802085,0.2687236288658832,0
5,0.15,10,6,30,hammer,1498,0.0925571436868281,0.0569717137263816,1.0,-0.0253515534405329,0.1692515451082503,0
5,0.15,10,6,30,hanging_man,1713,-0.0523485627826293,0.065559925080697,1.0,-0.0356846177470476,0.2047819588601416,0
5,0.15,10,6,30,inverted_hammer,1542,0.0744426999960181,0.0163664482798872,1.0,-0.0765769637779668,0.1929352308340238,0
5,0.15,10,6,30,morning_star,60,0.2958666250593282,0.2648560573722238,1.0,-0.0093209879947596,0.5938278041439986,0
5,0.15,10,6,30,piercing_line,224,0.0624657665234142,0.0314272000164048,1.0,-0.1392101237588989,0.3544386375748898,0
5,0.15,10,6,30,shooting_star,1661,-0.1062529834833111,0.0063187336030338,1.0,-0.073146335803275,0.1615892401339965,0
5,0.15,10,6,30,three_black_crows,26,-0.1634721481758845,0.1822756448823767,1.0,,,0
5,0.15,10,6,30,three_white_soldiers,26,-0.062741403078453,-0.1794307896509642,1.0,,,0
5,0.15,10,6,30,tweezer_bottom,3091,0.0928195758115401,0.0434510632380352,1.0,-0.0119506039784755,0.113958638379528,0
5,0.15,10,6,30,tweezer_top,3333,-0.0769181333311192,0.0089715593928603,1.0,-0.035561110067827,0.092598282592455,0
5,0.15,10,11,30,bearish_engulfing,1536,-0.1429906613928984,-0.1059218643411988,1.0,-0.1798891632230216,0.1543460409874506,0
5,0.15,10,11,30,bearish_harami,613,-0.097616644576317,-0.0277018684955082,1.0,-0.1460120103467505,0.2445364935983058,0
5,0.15,10,11,30,bearish_kicker,180,-0.176299247257479,0.0142725103459239,1.0,-0.2225422772007181,0.4792122893613054,0
5,0.15,10,11,30,bullish_engulfing,1349,0.2729256925048147,0.273733417752171,0.0083991600839916,0.1922754589559643,0.169295065330674,1
5,0.15,10,11,30,bullish_harami,549,0.0101435898161888,-0.0135036852779559,1.0,-0.1429088275364574,0.2700982857413197,0
5,0.15,10,11,30,bullish_kicker,168,0.0327164175756191,-0.057954055478297,1.0,-0.3258757802447711,0.5790637740241696,0
5,0.15,10,11,30,dark_cloud_cover,253,-0.1398314939111929,-0.0264988469840396,1.0,-0.2156571745745089,0.4020172972237645,0
5,0.15,10,11,30,dragonfly_doji,462,0.0524732666565604,0.0801472470830068,1.0,-0.0900423344789636,0.3535107473006003,0
5,0.15,10,11,30,evening_star,38,-0.1364973439248359,0.140905059011157,1.0,-0.3389935028634557,1.0086538602002926,0
5,0.15,10,11,30,gravestone_doji,495,-0.0911243965567916,-0.0224240128702665,1.0,-0.1608409973398334,0.2970887460405375,0
5,0.15,10,11,30,hammer,1498,0.0925571436868281,0.0652546408243768,1.0,-0.0227626204636981,0.1807120793347034,0
5,0.15,10,11,30,hanging_man,1713,-0.0523485627826293,0.0392107786499503,1.0,-0.0533454271258961,0.1926624656962404,0
5,0.15,10,11,30,inverted_hammer,1542,0.0744426999960181,-0.0119724965315567,1.0,-0.1048659973572731,0.1944321174193238,0
5,0.15,10,11,30,morning_star,60,0.2958666250593282,0.1736273980907155,1.0,-0.1565459349162185,0.7003874720751875,0
5,0.15,10,11,30,piercing_line,224,0.0624657665234142,0.0278330159209701,1.0,-0.1647769587938335,0.4056660605861333,0
5,0.15,10,11,30,shooting_star,1661,-0.1062529834833111,0.0109368765016537,1.0,-0.0706477738957635,0.1705279141076411,0
5,0.15,10,11,30,three_black_crows,26,-0.1634721481758845,0.1667568725548215,1.0,,,0
5,0.15,10,11,30,three_white_soldiers,26,-0.062741403078453,-0.1669020326144973,1.0,,,0
5,0.15,10,11,30,tweezer_bottom,3091,0.0928195758115401,0.0334435072162297,1.0,-0.0214863290722381,0.1136704097891528,0
5,0.15,10,11,30,tweezer_top,3333,-0.0769181333311192,0.0069645317764884,1.0,-0.0365606022750889,0.0905800451326273,0
5,0.15,11,1,5,bearish_engulfing,1600,-0.1216905611319869,0.0225574587692955,1.0,-0.0203588538897187,0.0896702743032872,0
5,0.15,11,1,5,bearish_harami,702,-0.0772134978873079,0.0362447822535025,1.0,-0.0441758061776089,0.1716888046318495,0
5,0.15,11,1,5,bearish_kicker,186,-0.1461471393850632,-0.0167490149113152,1.0,-0.1846729989255001,0.3397124591252519,0
5,0.15,11,1,5,bullish_engulfing,1506,0.2645538220059173,0.0841277734321885,0.215978402159784,0.0273424280068034,0.1195997566170809,0
5,0.15,11,1,5,bullish_harami,596,0.1774997465627859,-0.020100397029047,1.0,-0.1058322781746192,0.182202832647097,0
5,0.15,11,1,5,bullish_kicker,208,0.192110876327576,0.1409826498954371,1.0,-0.0048807334996796,0.2980428900365981,0
5,0.15,11,1,5,dark_cloud_cover,184,-0.1061297172125361,-0.0491130300223068,1.0,-0.2032675130464019,0.3200066462188577,0
5,0.15,11,1,5,dragonfly_doji,496,0.1199134480245735,0.0323841534997751,1.0,-0.1005267744548333,0.2820407972185444,0
5,0.15,11,1,5,evening_star,54,0.0728090045024245,0.0810658144642874,1.0,-0.1710534441323268,0.5275881423499112,0
5,0.15,11,1,5,gravestone_doji,550,-0.1409697394020018,0.0192986269131128,1.0,-0.0916445214786183,0.2301638186032736,0
5,0.15,11,1,5,hammer,1396,0.1191523050004762,-0.0067081351445933,1.0,-0.0720451017184928,0.1350440637751611,0
5,0.15,11,1,5,hanging_man,1671,-0.0756119527434984,0.068229939804566,1.0,0.0021718931605363,0.1385804809917122,0
5,0.15,11,1,5,inverted_hammer,1454,0.1332874843687511,0.0603292899133139,1.0,-0.0176523025786327,0.1643087953198482,0
5,0.15,11,1,5,morning_star,44,0.1515645270875787,0.1081603872103828,1.0,-0.1691959554435354,0.5594938029019096,0
5,0.15,11,1,5,piercing_line,178,0.0993789023111587,-0.0212107715259385,1.0,-0.1691123767517743,0.3024000029103149,0
5,0.15,11,1,5,shooting_star,1568,-0.1123074582713506,-0.0005027533513842,1.0,-0.0613379414650607,0.1256018755761808,0
5,0.15,11,1,5,three_black_crows,16,-0.3151138256337447,-0.0171254839608102,1.0,,,0
5,0.15,11,1,5,three_white_soldiers,26,0.1864225311039235,0.1100079920302982,1.0,,,0
5,0.15,11,1,5,tweezer_bottom,2966,0.15260843157429,0.0223559284762232,1.0,-0.0126523602725294,0.0740967625029062,0
5,0.15,11,1,5,tweezer_top,3249,-0.1008097309651897,-0.0052135337098378,1.0,-0.0419543615767174,0.077113394885534,0
5,0.15,11,1,15,bearish_engulfing,1600,-0.1216905611319869,0.0535817833736022,1.0,0.0036602193527692,0.1051158602045556,0
5,0.15,11,1,15,bearish_harami,702,-0.0772134978873079,0.0247415595627469,1.0,-0.0827289939812514,0.2217194748254637,0
5,0.15,11,1,15,bearish_kicker,186,-0.1461471393850632,0.1297595163782807,1.0,-0.0547433029691699,0.3794974199872835,0
5,0.15,11,1,15,bullish_engulfing,1506,0.2645538220059173,0.1979285017228394,0.0083991600839916,0.1408850066611069,0.1215036181617679,1
5,0.15,11,1,15,bullish_harami,596,0.1774997465627859,0.0669047154029104,1.0,-0.0513193606484575,0.2458207701596545,0
5,0.15,11,1,15,bullish_kicker,208,0.192110876327576,0.1140635846853471,1.0,-0.056833244746375,0.3515725348152178,0
5,0.15,11,1,15,dark_cloud_cover,184,-0.1061297172125361,-0.0633357846936213,1.0,-0.2710871710285602,0.4245130900042595,0
5,0.15,11,1,15,dragonfly_doji,496,0.1199134480245735,0.0739077689932444,1.0,-0.0782504339082631,0.3235867441586893,0
5,0.15,11,1,15,evening_star,54,0.0728090045024245,0.20255052041618,1.0,-0.1482073164531048,0.7236840946182483,0
5,0.15,11,1,15,gravestone_doji,550,-0.1409697394020018,-0.0069090546699129,1.0,-0.1586060260593228,0.3142295144690277,0
5,0.15,11,1,15,hammer,1396,0.1191523050004762,0.0983673403116007,0.137986201379862,0.0267746691303967,0.1479833768246447,0
5,0.15,11,1,15,hanging_man,1671,-0.0756119527434984,0.0169008029005359,1.0,-0.07251641010002,0.1878813074448262,0
5,0.15,11,1,15,inverted_hammer,1454,0.1332874843687511,0.0572352829687922,1.0,-0.0215371324270569,0.1678918832602134,0
5,0.15,11,1,15,morning_star,44,0.1515645270875787,0.2628010451812952,1.0,-0.0099631755508063,0.6009575411161998,0
5,0.15,11,1,15,piercing_line,178,0.0993789023111587,0.1825188428326994,1.0,-0.0121918628407086,0.4033621024188584,0
5,0.15,11,1,15,shooting_star,1568,-0.1123074582713506,0.0213538907948759,1.0,-0.0406217899069612,0.1319707940569231,0
5,0.15,11,1,15,three_black_crows,16,-0.3151138256337447,-0.0997575957158794,1.0,,,0
5,0.15,11,1,15,three_white_soldiers,26,0.1864225311039235,0.1152962624453827,1.0,,,0
5,0.15,11,1,15,tweezer_bottom,2966,0.15260843157429,0.0488607418476636,1.0,0.0017454045859191,0.0994154853542706,0
5,0.15,11,1,15,tweezer_top,3249,-0.1008097309651897,0.0374116520104914,1.0,-0.0059126469538508,0.0903642543980294,0
5,0.15,11,1,30,bearish_engulfing,1600,-0.1216905611319869,0.0313091273930436,1.0,-0.0269787444806384,0.1205861095277939,0
5,0.15,11,1,30,bearish_harami,702,-0.0772134978873079,0.0066566167787794,1.0,-0.0856284379690717,0.1917890271855233,0
5,0.15,11,1,30,bearish_kicker,186,-0.1461471393850632,-0.004366243864684,1.0,-0.2085531937797092,0.4224930509571535,0
5,0.15,11,1,30,bullish_engulfing,1506,0.2645538220059173,0.1662983855310693,0.0083991600839916,0.1017246165167112,0.1344956779986697,1
5,0.15,11,1,30,bullish_harami,596,0.1774997465627859,0.18685753991904,0.14998500149985,0.0577301294212941,0.2739312577206161,0
5,0.15,11,1,30,bullish_kicker,208,0.192110876327576,0.1329623987192439,1.0,-0.0461520229252251,0.3757304992964672,0
5,0.15,11,1,30,dark_cloud_cover,184,-0.1061297172125361,-0.0387571143521673,1.0,-0.2357654924287999,0.4064140551440779,0
5,0.15,11,1,30,dragonfly_doji,496,0.1199134480245735,-0.0368698977631688,1.0,-0.1640089197326328,0.260945622746671,0
5,0.15,11,1,30,evening_star,54,0.0728090045024245,0.3454512178266515,1.0,-0.0324437593190124,0.7833157365157821,0
5,0.15,11,1,30,gravestone_doji,550,-0.1409697394020018,-0.0588350170700331,1.0,-0.234250567251896,0.3536882998597089,0
5,0.15,11,1,30,hammer,1396,0.1191523050004762,0.0588613830095851,1.0,-0.0305804393011391,0.183200911639925,0
5,0.15,11,1,30,hanging_man,1671,-0.0756119527434984,0.0569370109511865,1.0,-0.042530002550665,0.2038465138559461,0
5,0.15,11,1,30,inverted_hammer,1454,0.1332874843687511,0.0285895324634889,1.0,-0.0641273162710325,0.1967877073209804,0
5,0.15,11,1,30,morning_star,44,0.1515645270875787,0.1717449251680215,1.0,-0.2125224621312923,0.7949449399353148,0
5,0.15,11,1,30,piercing_line,178,0.0993789023111587,0.1487398879243626,1.0,-0.0454915271349023,0.4091624665809587,0
5,0.15,11,1,30,shooting_star,1568,-0.1123074582713506,-0.0252274145443874,1.0,-0.1016171966293868,0.1556013402155404,0
5,0.15,11,1,30,three_black_crows,16,-0.3151138256337447,-0.1143058857485607,1.0,,,0
5,0.15,11,1,30,three_white_soldiers,26,0.1864225311039235,0.2294122522051275,1.0,,,0
5,0.15,11,1,30,tweezer_bottom,2966,0.15260843157429,0.0467224030270594,1.0,-0.000967970315128,0.0985916693742586,0
5,0.15,11,1,30,tweezer_top,3249,-0.1008097309651897,-0.0046119037936717,1.0,-0.0535693668668455,0.1018389644893768,0
5,0.15,11,6,30,bearish_engulfing,1600,-0.1216905611319869,0.0203277356280226,1.0,-0.0390851105087561,0.1239796473540665,0
5,0.15,11,6,30,bearish_harami,702,-0.0772134978873079,-0.0233126001046124,1.0,-0.1282435843418373,0.2207564982806977,0
5,0.15,11,6,30,bearish_kicker,186,-0.1461471393850632,0.021358818453729,1.0,-0.1867950614721399,0.4377624857629463,0
5,0.15,11,6,30,bullish_engulfing,1506,0.2645538220059173,0.168580788240873,0.0083991600839916,0.0984379627203532,0.1490164410255066,1
5,0.15,11,6,30,bullish_harami,596,0.1774997465627859,0.1971393738336125,0.3073692630736926,0.048042659528187,0.3103721391070566,0
5,0.15,11,6,30,bullish_kicker,208,0.192110876327576,0.1769321124089969,1.0,-0.0211326919604123,0.4111415041093945,0
5,0.15,11,6,30,dark_cloud_cover,184,-0.1061297172125361,0.0157930487174605,1.0,-0.2090302246950167,0.4659934005041108,0
5,0.15,11,6,30,dragonfly_doji,496,0.1199134480245735,0.0845672795333915,1.0,-0.0557399876560729,0.2986856696569975,0
5,0.15,11,6,30,evening_star,54,0.0728090045024245,0.2317606222313966,1.0,-0.15815202975563,0.8127518182650495,0
5,0.15,11,6,30,gravestone_doji,550,-0.1409697394020018,-0.0110934796071124,1.0,-0.1661493340686712,0.3187858809174431,0
5,0.15,11,6,30,hammer,1396,0.1191523050004762,0.059223368795305,1.0,-0.0323268865799236,0.1892816021502222,0
5,0.15,11,6,30,hanging_man,1671,-0.0756119527434984,0.0658583254081372,1.0,-0.0300129290517209,0.1981773967841996,0
5,0.15,11,6,30,inverted_hammer,1454,0.1332874843687511,0.1054541371392117,1.0,0.003480920427454,0.2164271135148916,0
5,0.15,11,6,30,morning_star,44,0.1515645270875787,0.3600853381069028,0.935906409359064,0.0280703166842924,0.6977095791482574,0
5,0.15,11,6,30,piercing_line,178,0.0993789023111587,0.1611921925635105,1.0,-0.0432653736876315,0.4276219751906219,0
5,0.15,11,6,30,shooting_star,1568,-0.1123074582713506,0.0393759684821197,1.0,-0.0406370460180509,0.1687507928719477,0
5,0.15,11,6,30,three_black_crows,16,-0.3151138256337447,-0.2258539623372689,1.0,,,0
5,0.15,11,6,30,three_white_soldiers,26,0.1864225311039235,0.2152814917178496,1.0,,,0
5,0.15,11,6,30,tweezer_bottom,2966,0.15260843157429,0.0724468995327564,0.4423557644235577,0.0139285280280254,0.1215974172065042,0
5,0.15,11,6,30,tweezer_top,3249,-0.1008097309651897,0.0197257735084604,1.0,-0.0223300480742055,0.0883533314596931,0
5,0.15,11,11,30,bearish_engulfing,1600,-0.1216905611319869,0.0432167885882413,1.0,-0.0215090389018686,0.131384457627233,0
5,0.15,11,11,30,bearish_harami,702,-0.0772134978873079,0.0229942924561573,1.0,-0.0927292937381515,0.2433013480908591,0
5,0.15,11,11,30,bearish_kicker,186,-0.1461471393850632,-0.0100018420371097,1.0,-0.227638134656332,0.458494403191184,0
5,0.15,11,11,30,bullish_engulfing,1506,0.2645538220059173,0.1929099607053591,0.0083991600839916,0.109290728359572,0.1792494078854652,1
5,0.15,11,11,30,bullish_harami,596,0.1774997465627859,0.1907728648978106,0.3527647235276472,0.0449130877620385,0.3049963494673114,0
5,0.15,11,11,30,bullish_kicker,208,0.192110876327576,0.1723387083733272,1.0,-0.0536720091888054,0.4731336920366636,0
5,0.15,11,11,30,dark_cloud_cover,184,-0.1061297172125361,0.0540481403698604,1.0,-0.1559994936096208,0.4334082495037751,0
5,0.15,11,11,30,dragonfly_doji,496,0.1199134480245735,0.0521937294351786,1.0,-0.098831640410663,0.3299745784661282,0
5,0.15,11,11,30,evening_star,54,0.0728090045024245,0.2597652572301605,1.0,-0.1210669298568755,0.7885201718553386,0
5,0.15,11,11,30,gravestone_doji,550,-0.1409697394020018,-0.0228124130717865,1.0,-0.1782462370827681,0.3188893056953965,0
5,0.15,11,11,30,hammer,1396,0.1191523050004762,0.1134058509121124,0.4211578842115788,0.0202427959958134,0.1926069182990593,0
5,0.15,11,11,30,hanging_man,1671,-0.0756119527434984,0.0175609925512839,1.0,-0.0800275635592058,0.2059332803343491,0
5,0.15,11,11,30,inverted_hammer,1454,0.1332874843687511,0.0893509732392062,1.0,-0.0092074162105463,0.2066425794391831,0
5,0.15,11,11,30,morning_star,44,0.1515645270875787,0.349417119463023,1.0,-0.0367731419844981,0.7882207564702379,0
5,0.15,11,11,30,piercing_line,178,0.0993789023111587,0.0073042868896551,1.0,-0.1774750539948341,0.3979944621286209,0
5,0.15,11,11,30,shooting_star,1568,-0.1123074582713506,-0.0204388705806412,1.0,-0.1057306220630703,0.1772065717038504,0
5,0.15,11,11,30,three_black_crows,16,-0.3151138256337447,-0.1972941446974886,1.0,,,0
5,0.15,11,11,30,three_white_soldiers,26,0.1864225311039235,0.2444782470434703,1.0,,,0
5,0.15,11,11,30,tweezer_bottom,2966,0.15260843157429,0.0848782120610605,0.2087791220877912,0.0226335520668855,0.1277738784796759,0
5,0.15,11,11,30,tweezer_top,3249,-0.1008097309651897,0.0223538117069246,1.0,-0.0258044421164499,0.0993922238173461,0
5,0.15,12,1,5,bearish_engulfing,1575,-0.1086709274978054,0.0303537214419555,1.0,-0.0098774278612697,0.0847611644713629,0
5,0.15,12,1,5,bearish_harami,750,-0.0498219436269194,0.094068707602941,0.4691530846915309,0.0115774128615202,0.1689685603602241,0
5,0.15,12,1,5,bearish_kicker,162,-0.0882310046682781,-0.086507701850693,1.0,-0.2656073682904312,0.3695032776277438,0
5,0.15,12,1,5,bullish_engulfing,1424,0.2364875585072211,0.1428466586371002,0.0083991600839916,0.0882401986555696,0.1126061666083579,1
5,0.15,12,1,5,bullish_harami,642,0.0934337720037515,-0.0003894509579298,1.0,-0.1119165316059075,0.2308154852399077,0
5,0.15,12,1,5,bullish_kicker,204,-0.1023359297476776,-0.1425795647911929,1.0,-0.2837126498621229,0.288826204101538,0
5,0.15,12,1,5,dark_cloud_cover,195,-0.1018466903488998,-0.0274595969116765,1.0,-0.1806530592653729,0.3181058977569453,0
5,0.15,12,1,5,dragonfly_doji,737,0.0708611751151569,0.0446343130688022,1.0,-0.0438287504215849,0.1854073406218653,0
5,0.15,12,1,5,evening_star,69,-0.2966858281451595,-0.0380872003883881,1.0,-0.1757258428086495,0.2930409304469808,0
5,0.15,12,1,5,gravestone_doji,809,-0.1321489446529574,-0.0617838751227707,1.0,-0.1408636509195049,0.1687553808127343,0
5,0.15,12,1,5,hammer,1582,0.1037183773701773,0.0555224392124314,0.8599140085991401,0.0031792582387845,0.1113755612222535,0
5,0.15,12,1,5,hanging_man,1863,-0.0297749250883498,0.103537199479241,0.0727927207279272,0.0415111370248256,0.1309852979471709,0
5,0.15,12,1,5,inverted_hammer,1798,0.0785267871349528,0.0616617941297952,1.0,-0.0139763382591953,0.1551793720451743,0
5,0.15,12,1,5,morning_star,43,-0.076802735371478,-0.140613149277642,1.0,-0.4547440966749673,0.6304599474479051,0
5,0.15,12,1,5,piercing_line,196,0.1705053320257911,0.080075904714874,1.0,-0.0355743825669745,0.2391712719707036,0
5,0.15,12,1,5,shooting_star,1772,-0.0775705579830401,0.030473357021058,1.0,-0.0260136478958203,0.119789008779451,0
5,0.15,12,1,5,three_black_crows,26,0.0002343601509673,0.0287404775305064,1.0,,,0
5,0.15,12,1,5,three_white_soldiers,26,-0.0850619995517134,0.0643341462841304,1.0,,,0
5,0.15,12,1,5,tweezer_bottom,2791,0.1311580763874244,0.0572607702515237,0.234976502349765,0.0145043897842663,0.0894370538427541,0
5,0.15,12,1,5,tweezer_top,3050,-0.0474460523793445,0.0659802934629192,0.0173982601739826,0.0250090162792633,0.0838449439764174,1
5,0.15,12,1,15,bearish_engulfing,1575,-0.1086709274978054,0.0352176594678009,1.0,-0.0198416036277222,0.1129449984904217,0
5,0.15,12,1,15,bearish_harami,750,-0.0498219436269194,0.0998273355352536,1.0,-0.0016632642166124,0.2119641003553052,0
5,0.15,12,1,15,bearish_kicker,162,-0.0882310046682781,0.0389831444009446,1.0,-0.1489099735189296,0.401098150264057,0
5,0.15,12,1,15,bullish_engulfing,1424,0.2364875585072211,0.1747145723287134,0.0083991600839916,0.1127908652265017,0.1313211991716625,1
5,0.15,12,1,15,bullish_harami,642,0.0934337720037515,0.0060938397006241,1.0,-0.1061175056955031,0.2345096422290842,0
5,0.15,12,1,15,bullish_kicker,204,-0.1023359297476776,-0.1362226934907694,1.0,-0.3134355061914379,0.3590705690382321,0
5,0.15,12,1,15,dark_cloud_cover,195,-0.1018466903488998,-0.0330708795471934,1.0,-0.1935823709870408,0.3391307315959199,0
5,0.15,12,1,15,dragonfly_doji,737,0.0708611751151569,0.0418921072503208,1.0,-0.0620490203157694,0.2173398799864388,0
5,0.15,12,1,15,evening_star,69,-0.2966858281451595,-0.2300275000721584,1.0,-0.4818300877990714,0.5171306094523831,0
5,0.15,12,1,15,gravestone_doji,809,-0.1321489446529574,-0.018189194282176,1.0,-0.1234646229923666,0.2242970900282101,0
5,0.15,12,1,15,hammer,1582,0.1037183773701773,0.0602919607420017,1.0,-0.0155955459960049,0.1540885976539111,0
5,0.15,12,1,15,hanging_man,1863,-0.0297749250883498,0.1260057805040909,0.051994800519948,0.0455600524347444,0.1724669579398947,0
5,0.15,12,1,15,inverted_hammer,1798,0.0785267871349528,0.1391428565360785,0.0377962203779622,0.059352440838863,0.1668508592634665,1
5,0.15,12,1,15,morning_star,43,-0.076802735371478,-0.175051483331155,1.0,-0.6342978821928645,0.9074703512416176,0
5,0.15,12,1,15,piercing_line,196,0.1705053320257911,0.1139437751213131,1.0,-0.0495926353661217,0.3333991992853272,0
5,0.15,12,1,15,shooting_star,1772,-0.0775705579830401,-0.0063363510837244,1.0,-0.0804175903058932,0.1610699728666045,0
5,0.15,12,1,15,three_black_crows,26,0.0002343601509673,0.0399138120920603,1.0,,,0
5,0.15,12,1,15,three_white_soldiers,26,-0.0850619995517134,0.0619529043493372,1.0,,,0
5,0.15,12,1,15,tweezer_bottom,2791,0.1311580763874244,0.0631868784041817,0.2495750424957504,0.0163180645529126,0.0975227327019966,0
5,0.15,12,1,15,tweezer_top,3050,-0.0474460523793445,0.1008941830289404,0.0231976802319768,0.0529773868095657,0.1007223141599065,1
5,0.15,12,1,30,bearish_engulfing,1575,-0.1086709274978054,0.0350793795919158,1.0,-0.0238861442474588,0.1216414271662036,0
5,0.15,12,1,30,bearish_harami,750,-0.0498219436269194,0.1370911669898286,0.5587441255874412,0.0200363703298749,0.2497347777716268,0
5,0.15,12,1,30,bearish_kicker,162,-0.0882310046682781,0.0058274829750314,1.0,-0.2009376998182068,0.4158645719804841,0
5,0.15,12,1,30,bullish_engulfing,1424,0.2364875585072211,0.1839881143116167,0.0083991600839916,0.1118135730891438,0.1549287364872757,1
5,0.15,12,1,30,bullish_harami,642,0.0934337720037515,0.0693542563991845,1.0,-0.0544484599026337,0.2538408555076265,0
5,0.15,12,1,30,bullish_kicker,204,-0.1023359297476776,-0.176855685427222,1.0,-0.3553267055387568,0.3682846024180707,0
5,0.15,12,1,30,dark_cloud_cover,195,-0.1018466903488998,-0.0284432121757493,1.0,-0.2218190141631711,0.4004521127361869,0
5,0.15,12,1,30,dragonfly_doji,737,0.0708611751151569,0.087180465348793,1.0,-0.04010555221585,0.2585079830010614,0
5,0.15,12,1,30,evening_star,69,-0.2966858281451595,-0.3304852458904056,1.0,-0.6256350315031377,0.6177682814355523,0
5,0.15,12,1,30,gravestone_doji,809,-0.1321489446529574,0.0205311684893531,1.0,-0.0773989016706533,0.2101860598189581,0
5,0.15,12,1,30,hammer,1582,0.1037183773701773,0.0342117120355366,1.0,-0.0409800304219329,0.1537618280832363,0
5,0.15,12,1,30,hanging_man,1863,-0.0297749250883498,0.142487388896301,0.0391960803919608,0.056804958774575,0.1804677850565692,1
5,0.15,12,1,30,inverted_hammer,1798,0.0785267871349528,0.1368323737214354,0.0987901209879012,0.042437219034309,0.1940130500737909,0
5,0.15,12,1,30,morning_star,43,-0.076802735371478,-0.015189941379291,1.0,-0.4565415560244831,0.880921524191286,0
5,0.15,12,1,30,piercing_line,196,0.1705053320257911,0.1896295779594461,1.0,-0.0151609052872473,0.4254538717553259,0
5,0.15,12,1,30,shooting_star,1772,-0.0775705579830401,0.029346027415891,1.0,-0.0473786243005174,0.1631058483497169,0
5,0.15,12,1,30,three_black_crows,26,0.0002343601509673,0.0417124609306075,1.0,,,0
5,0.15,12,1,30,three_white_soldiers,26,-0.0850619995517134,-0.2804801269816259,1.0,,,0
5,0.15,12,1,30,tweezer_bottom,2791,0.1311580763874244,0.041774400428303,1.0,-0.0146286136994876,0.116377315826478,0
5,0.15,12,1,30,tweezer_top,3050,-0.0474460523793445,0.0698519768751824,0.0999900009999,0.0211179486903762,0.099344262930576,0
5,0.15,12,6,30,bearish_engulfing,1575,-0.1086709274978054,0.0139837887509789,1.0,-0.0469362463827112,0.1257374839322358,0
5,0.15,12,6,30,bearish_harami,750,-0.0498219436269194,0.1637222722243332,0.167983201679832,0.0448021246711204,0.248845096765312,0
5,0.15,12,6,30,bearish_kicker,162,-0.0882310046682781,-0.0726815046605776,1.0,-0.3276943783895591,0.5248863392744263,0
5,0.15,12,6,30,bullish_engulfing,1424,0.2364875585072211,0.1937314791717535,0.0083991600839916,0.1201377994906476,0.1559410703227205,1
5,0.15,12,6,30,bullish_harami,642,0.0934337720037515,0.0273197935306521,1.0,-0.0847877184772356,0.2313341785047342,0
5,0.15,12,6,30,bullish_kicker,204,-0.1023359297476776,-0.1885240938670732,1.0,-0.412092862051743,0.4506946914770528,0
5,0.15,12,6,30,dark_cloud_cover,195,-0.1018466903488998,0.010198462536998,1.0,-0.2003568113762184,0.442154082136753,0
5,0.15,12,6,30,dragonfly_doji,737,0.0708611751151569,0.0778026081452504,1.0,-0.0619084904983175,0.2916242767176454,0
5,0.15,12,6,30,evening_star,69,-0.2966858281451595,-0.4230828773563698,1.0,-0.7606738059066567,0.6991464295072882,0
5,0.15,12,6,30,gravestone_doji,809,-0.1321489446529574,-0.0089650746640928,1.0,-0.1110464171867975,0.217202628840126,0
5,0.15,12,6,30,hammer,1582,0.1037183773701773,0.0491573145783905,1.0,-0.0414756092621302,0.1873302699307664,0
5,0.15,12,6,30,hanging_man,1863,-0.0297749250883498,0.1279147886672453,0.1793820617938206,0.0287471912328332,0.2043899987458151,0
5,0.15,12,6,30,inverted_hammer,1798,0.0785267871349528,0.0956377512767403,0.3343665633436656,0.0154211486902156,0.1642249634644437,0
5,0.15,12,6,30,morning_star,43,-0.076802735371478,0.030354644430226,1.0,-0.4386605010059859,0.9516225916046438,0
5,0.15,12,6,30,piercing_line,196,0.1705053320257911,0.0970902447413219,1.0,-0.1255399811629954,0.4555220746476613,0
5,0.15,12,6,30,shooting_star,1772,-0.0775705579830401,0.0960892985796281,0.1143885611438856,0.0320373037501295,0.1362872100608875,0
5,0.15,12,6,30,three_black_crows,26,0.0002343601509673,-0.163680873656608,1.0,,,0
5,0.15,12,6,30,three_white_soldiers,26,-0.0850619995517134,-0.322492268166618,1.0,,,0
5,0.15,12,6,30,tweezer_bottom,2791,0.1311580763874244,0.0791601988103224,0.15998400159984,0.0232868470395156,0.116569718534103,0
5,0.15,12,6,30,tweezer_top,3050,-0.0474460523793445,0.0805712892172007,0.0701929807019298,0.02833800252989,0.1091866854569594,0
5,0.15,12,11,30,bearish_engulfing,1575,-0.1086709274978054,0.0420345364292255,1.0,-0.0270704634120534,0.1444071546376933,0
5,0.15,12,11,30,bearish_harami,750,-0.0498219436269194,0.1210003401192016,1.0,-0.0046247530542843,0.256668062962045,0
5,0.15,12,11,30,bearish_kicker,162,-0.0882310046682781,-0.0346845409519456,1.0,-0.3013762633205518,0.5582530854651769,0
5,0.15,12,11,30,bullish_engulfing,1424,0.2364875585072211,0.1843684869281465,0.0083991600839916,0.1133287731857052,0.1494522078634352,1
5,0.15,12,11,30,bullish_harami,642,0.0934337720037515,0.0224724058441323,1.0,-0.0946844266236914,0.2398088780108746,0
5,0.15,12,11,30,bullish_kicker,204,-0.1023359297476776,-0.2130125139984452,1.0,-0.4180337576755178,0.4209219562812122,0
5,0.15,12,11,30,dark_cloud_cover,195,-0.1018466903488998,0.0316869855213253,1.0,-0.1890858408309553,0.4479341874096567,0
5,0.15,12,11,30,dragonfly_doji,737,0.0708611751151569,0.0499918261328951,1.0,-0.0993547769830944,0.3196443701158832,0
5,0.15,12,11,30,evening_star,69,-0.2966858281451595,-0.2962344145132795,1.0,-0.6239380162314921,0.707207167390037,0
5,0.15,12,11,30,gravestone_doji,809,-0.1321489446529574,-0.0097144302285869,1.0,-0.1158496882425426,0.2163555933011382,0
5,0.15,12,11,30,hammer,1582,0.1037183773701773,0.0561042008038697,1.0,-0.0329670505931355,0.1852777157599772,0
5,0.15,12,11,30,hanging_man,1863,-0.0297749250883498,0.0911754112646228,1.0,-0.0011895856614868,0.1921393966995967,0
5,0.15,12,11,30,inverted_hammer,1798,0.0785267871349528,0.1015198702983155,0.43995600439956,0.0157278423984459,0.1742000434693194,0
5,0.15,12,11,30,morning_star,43,-0.076802735371478,0.032122519107154,1.0,-0.3955351490109346,0.8910368902755064,0
5,0.15,12,11,30,piercing_line,196,0.1705053320257911,0.0512757329734847,1.0,-0.1797362171832635,0.4722443298592559,0
5,0.15,12,11,30,shooting_star,1772,-0.0775705579830401,0.0557457303275725,1.0,-0.0175958788104665,0.1579306163519213,0
5,0.15,12,11,30,three_black_crows,26,0.0002343601509673,-0.1491982220816712,1.0,,,0
5,0.15,12,11,30,three_white_soldiers,26,-0.0850619995517134,-0.2197126188195106,1.0,,,0
5,0.15,12,11,30,tweezer_bottom,2791,0.1311580763874244,0.099291342720776,0.0571942805719428,0.0441319609994843,0.1209867897605682,0
5,0.15,12,11,30,tweezer_top,3050,-0.0474460523793445,0.1076553655040322,0.0083991600839916,0.0625203531499871,0.0945996517543769,1
5,0.15,13,1,5,bearish_engulfing,1636,-0.06888841681671,0.0417816931855421,1.0,-0.0006821676720918,0.0905190295004954,0
5,0.15,13,1,5,bearish_harami,730,-0.0510538298325076,-0.0211058824754774,1.0,-0.1105029999644537,0.1855381159376797,0
5,0.15,13,1,5,bearish_kicker,188,-0.2212591204364346,0.046351474211003,1.0,-0.0642782771138921,0.2341570903322035,0
5,0.15,13,1,5,bullish_engulfing,1532,0.2800992735168419,0.1140946517974487,0.0083991600839916,0.0673067639072581,0.0966001081420607,1
5,0.15,13,1,5,bullish_harami,578,0.0155589533347875,0.0221937998536642,1.0,-0.0693303778833505,0.1959386134798611,0
5,0.15,13,1,5,bullish_kicker,196,0.0215350431652184,-0.0127066823534188,1.0,-0.1694156957155515,0.3228596973053562,0
5,0.15,13,1,5,dark_cloud_cover,225,-0.1205624311245972,-0.0681123618602601,1.0,-0.2041878542434139,0.2778249268353094,0
5,0.15,13,1,5,dragonfly_doji,444,0.1066854498248607,0.0123638835092329,1.0,-0.1132902367985553,0.2653825226722946,0
5,0.15,13,1,5,evening_star,52,-0.0672084408733544,0.1354279290249068,1.0,-0.0812848622467997,0.441241683252607,0
5,0.15,13,1,5,gravestone_doji,476,-0.0483692715785008,0.0109389490630757,1.0,-0.0892222711078448,0.2077210247847904,0
5,0.15,13,1,5,hammer,1437,0.1209104255044628,-0.0199856093701596,1.0,-0.0828685963244399,0.1317933299039898,0
5,0.15,13,1,5,hanging_man,1738,-0.0963390639239285,0.0075322392483991,1.0,-0.0683172137264967,0.1576356021239649,0
5,0.15,13,1,5,inverted_hammer,1501,0.0649191851744297,-0.0200919575218561,1.0,-0.1082751668837811,0.1840748035014249,0
5,0.15,13,1,5,morning_star,35,-0.0254885026976293,-0.2811261948685662,1.0,-0.5635761968594412,0.5975581037744766,0
5,0.15,13,1,5,piercing_line,168,0.1153040558528075,-0.0274267947376598,1.0,-0.18500833261055,0.3287800381529229,0
5,0.15,13,1,5,shooting_star,1597,-0.0923072900917794,0.0445998421793616,1.0,-0.0115686147697443,0.1200462334899058,0
5,0.15,13,1,5,three_black_crows,25,-0.4999698186820713,-0.2160611945852618,1.0,,,0
5,0.15,13,1,5,three_white_soldiers,25,-0.1663262009118258,-0.0870989413776202,1.0,,,0
5,0.15,13,1,5,tweezer_bottom,2956,0.1357228621813264,0.0170970184151049,1.0,-0.0186270719963376,0.075699757179952,0
5,0.15,13,1,5,tweezer_top,3340,-0.101705314482626,0.0052039120751329,1.0,-0.0290807380788132,0.070689195598649,0
5,0.15,13,1,15,bearish_engulfing,1636,-0.06888841681671,0.0356862189130154,1.0,-0.024583542738583,0.1292093813301482,0
5,0.15,13,1,15,bearish_harami,730,-0.0510538298325076,0.0538508698575977,1.0,-0.0553710509080532,0.2217757433823055,0
5,0.15,13,1,15,bearish_kicker,188,-0.2212591204364346,-0.0399851008874288,1.0,-0.198361140622974,0.3384449122277059,0
5,0.15,13,1,15,bullish_engulfing,1532,0.2800992735168419,0.2079920326472651,0.0083991600839916,0.1543070924247946,0.1122964539519335,1
5,0.15,13,1,15,bullish_harami,578,0.0155589533347875,-0.0752143244898724,1.0,-0.1849349278150034,0.2360057919505818,0
5,0.15,13,1,15,bullish_kicker,196,0.0215350431652184,0.0784802029953278,1.0,-0.1087925605542592,0.3992385512840529,0
5,0.15,13,1,15,dark_cloud_cover,225,-0.1205624311245972,-0.035634206508221,1.0,-0.2099398297665936,0.3665459789517924,0
5,0.15,13,1,15,dragonfly_doji,444,0.1066854498248607,0.0399182611832229,1.0,-0.0990302179119254,0.2878553793811916,0
5,0.15,13,1,15,evening_star,52,-0.0672084408733544,0.2181677478154061,1.0,-0.0796134342060422,0.6150090374229553,0
5,0.15,13,1,15,gravestone_doji,476,-0.0483692715785008,0.0880590390568519,1.0,-0.0526365466850309,0.2921265273439111,0
5,0.15,13,1,15,hammer,1437,0.1209104255044628,0.0450425911614487,1.0,-0.0352520646825304,0.1644833283446596,0
5,0.15,13,1,15,hanging_man,1738,-0.0963390639239285,0.0330297290748944,1.0,-0.0421725564268032,0.1555502921961967,0
5,0.15,13,1,15,inverted_hammer,1501,0.0649191851744297,0.0305991351380388,1.0,-0.0689733148950865,0.2041609356773288,0
5,0.15,13,1,15,morning_star,35,-0.0254885026976293,-0.1632162060938775,1.0,-0.5760002178859239,0.9054384496009464,0
5,0.15,13,1,15,piercing_line,168,0.1153040558528075,0.0308947629808457,1.0,-0.1689917713041198,0.4117454312523083,0
5,0.15,13,1,15,shooting_star,1597,-0.0923072900917794,0.087420439551773,0.6641335866413358,0.0099099341852696,0.1615541640007673,0
5,0.15,13,1,15,three_black_crows,25,-0.4999698186820713,0.0153966457658217,1.0,,,0
5,0.15,13,1,15,three_white_soldiers,25,-0.1663262009118258,-0.0408538715608845,1.0,,,0
5,0.15,13,1,15,tweezer_bottom,2956,0.1357228621813264,0.081696906567014,0.0083991600839916,0.0369679641958028,0.0924298304137162,1
5,0.15,13,1,15,tweezer_top,3340,-0.101705314482626,0.0195338603600936,1.0,-0.0154208830772401,0.0730956875393444,0
5,0.15,13,1,30,bearish_engulfing,1636,-0.06888841681671,0.0420672125102004,1.0,-0.0193331919797625,0.1296076715512821,0
5,0.15,13,1,30,bearish_harami,730,-0.0510538298325076,-0.0283139208200237,1.0,-0.1362844207594967,0.223556725578978,0
5,0.15,13,1,30,bearish_kicker,188,-0.2212591204364346,-0.1042026506819596,1.0,-0.3032600685842426,0.4271560052383456,0
5,0.15,13,1,30,bullish_engulfing,1532,0.2800992735168419,0.1854934413640003,0.0083991600839916,0.116486271908153,0.1419135122757532,1
5,0.15,13,1,30,bullish_harami,578,0.0155589533347875,-0.0789306325629529,1.0,-0.1979946191636158,0.2534278154881975,0
5,0.15,13,1,30,bullish_kicker,196,0.0215350431652184,0.090628154739079,1.0,-0.1365514723191074,0.4788692176669532,0
5,0.15,13,1,30,dark_cloud_cover,225,-0.1205624311245972,0.0453897717067703,1.0,-0.1263826372272422,0.3609841502008046,0
5,0.15,13,1,30,dragonfly_doji,444,0.1066854498248607,0.043062349395593,1.0,-0.1029746678882279,0.3003787504761208,0
5,0.15,13,1,30,evening_star,52,-0.0672084408733544,0.2246189911828773,1.0,-0.1334062794785361,0.7411766973329919,0
5,0.15,13,1,30,gravestone_doji,476,-0.0483692715785008,0.0514234402896538,1.0,-0.0890246096525278,0.2905056120182026,0
5,0.15,13,1,30,hammer,1437,0.1209104255044628,0.0780152523630068,1.0,-0.0094701873952481,0.185508903321786,0
5,0.15,13,1,30,hanging_man,1738,-0.0963390639239285,-0.0346837936103328,1.0,-0.1180825065600811,0.1748147389977814,0
5,0.15,13,1,30,inverted_hammer,1501,0.0649191851744297,-0.0225901945559123,1.0,-0.1342930238086024,0.233051941174517,0
5,0.15,13,1,30,morning_star,35,-0.0254885026976293,-0.0038114988890427,1.0,-0.544997582316655,1.1108215423913914,0
5,0.15,13,1,30,piercing_line,168,0.1153040558528075,0.0565257733925317,1.0,-0.1381527607263486,0.4070836960298276,0
5,0.15,13,1,30,shooting_star,1597,-0.0923072900917794,0.0294484388042981,1.0,-0.0506994539590112,0.1698168485574451,0
5,0.15,13,1,30,three_black_crows,25,-0.4999698186820713,-0.1525045479515882,1.0,,,0
5,0.15,13,1,30,three_white_soldiers,25,-0.1663262009118258,-0.1222947666165981,1.0,,,0
5,0.15,13,1,30,tweezer_bottom,2956,0.1357228621813264,0.0881062761083625,0.023997600239976,0.0365777767982453,0.1045074362589729,1
5,0.15,13,1,30,tweezer_top,3340,-0.101705314482626,0.0112706744841275,1.0,-0.0335147075014174,0.0916503296738525,0
5,0.15,13,6,30,bearish_engulfing,1636,-0.06888841681671,0.0501737095904798,1.0,-0.0168534903869138,0.1394871788057377,0
5,0.15,13,6,30,bearish_harami,730,-0.0510538298325076,0.0012944760397055,1.0,-0.1072098093086006,0.2277135418068894,0
5,0.15,13,6,30,bearish_kicker,188,-0.2212591204364346,-0.1176620969870202,1.0,-0.3118735703091043,0.4044609359085636,0
5,0.15,13,6,30,bullish_engulfing,1532,0.2800992735168419,0.1898205805216033,0.0083991600839916,0.1200058677540826,0.1441508500187266,1
5,0.15,13,6,30,bullish_harami,578,0.0155589533347875,-0.1247558995284087,1.0,-0.2685971239405556,0.3017360776046359,0
5,0.15,13,6,30,bullish_kicker,196,0.0215350431652184,-0.0988805321016735,1.0,-0.3238942106358979,0.4726589987964027,0
5,0.15,13,6,30,dark_cloud_cover,225,-0.1205624311245972,0.0239045629536799,1.0,-0.1565096466620786,0.3882806230773931,0
5,0.15,13,6,30,dragonfly_doji,444,0.1066854498248607,-0.0080898342309213,1.0,-0.1773974747269878,0.3539754768200963,0
5,0.15,13,6,30,evening_star,52,-0.0672084408733544,0.0414008550557666,1.0,-0.328232620052387,0.7680009152418398,0
5,0.15,13,6,30,gravestone_doji,476,-0.0483692715785008,0.11592332337301,1.0,-0.0432462778262015,0.3254884605354539,0
5,0.15,13,6,30,hammer,1437,0.1209104255044628,0.0599076364254578,1.0,-0.0302018540017968,0.1880693516915374,0
5,0.15,13,6,30,hanging_man,1738,-0.0963390639239285,0.0009523619167047,1.0,-0.0795719835002805,0.1677337351174747,0
5,0.15,13,6,30,inverted_hammer,1501,0.0649191851744297,0.0079020451821653,1.0,-0.1037164775596738,0.2309012346806575,0
5,0.15,13,6,30,morning_star,35,-0.0254885026976293,-0.0867561984730866,1.0,-0.6545347980888259,1.2167016598658251,0
5,0.15,13,6,30,piercing_line,168,0.1153040558528075,0.1595242220931719,1.0,-0.0265819154466295,0.393292209981938,0
5,0.15,13,6,30,shooting_star,1597,-0.0923072900917794,0.0394374068820566,1.0,-0.0374223982268825,0.1603129555299437,0
5,0.15,13,6,30,three_black_crows,25,-0.4999698186820713,-0.4456753278025112,1.0,,,0
5,0.15,13,6,30,three_white_soldiers,25,-0.1663262009118258,-0.1101184245058613,1.0,,,0
5,0.15,13,6,30,tweezer_bottom,2956,0.1357228621813264,0.0914121808990036,0.011998800119988,0.0431926853216197,0.1008959707021114,1
5,0.15,13,6,30,tweezer_top,3340,-0.101705314482626,0.0202023827498123,1.0,-0.0263350069245408,0.0970307479455742,0
5,0.15,13,11,30,bearish_engulfing,1636,-0.06888841681671,0.0304064116182902,1.0,-0.0362270812654551,0.140166104568866,0
5,0.15,13,11,30,bearish_harami,730,-0.0510538298325076,-0.0364201076589128,1.0,-0.1517345267820216,0.2448384839875948,0
5,0.15,13,11,30,bearish_kicker,188,-0.2212591204364346,-0.1550230692257602,1.0,-0.3570491831138633,0.4190094932546914,0
5,0.15,13,11,30,bullish_engulfing,1532,0.2800992735168419,0.2060953801322446,0.0083991600839916,0.1359343466097738,0.1484792455285171,1
5,0.15,13,11,30,bullish_harami,578,0.0155589533347875,-0.0639510393956268,1.0,-0.2121330118973126,0.3088698051224553,0
5,0.15,13,11,30,bullish_kicker,196,0.0215350431652184,-0.1005261006838757,1.0,-0.3454828846798295,0.524842160797737,0
5,0.15,13,11,30,dark_cloud_cover,225,-0.1205624311245972,0.0880540326934117,1.0,-0.1011070877336507,0.4004799569845053,0
5,0.15,13,11,30,dragonfly_doji,444,0.1066854498248607,0.0206435182952441,1.0,-0.1487833464537601,0.3540827043589827,0
5,0.15,13,11,30,evening_star,52,-0.0672084408733544,0.0462718955180619,1.0,-0.36770309093151,0.8501430663863355,0
5,0.15,13,11,30,gravestone_doji,476,-0.0483692715785008,0.0835122345387626,1.0,-0.0709052540678711,0.3253379752502866,0
5,0.15,13,11,30,hammer,1437,0.1209104255044628,0.0175034404417294,1.0,-0.073788135627098,0.1868165125752257,0
5,0.15,13,11,30,hanging_man,1738,-0.0963390639239285,-0.0104348005985868,1.0,-0.0901094143183612,0.169002161901178,0
5,0.15,13,11,30,inverted_hammer,1501,0.0649191851744297,0.0294859162487605,1.0,-0.0789847548197623,0.2221378603696842,0
5,0.15,13,11,30,morning_star,35,-0.0254885026976293,-0.045761094163738,1.0,-0.6151502063806575,1.1796689284755832,0
5,0.15,13,11,30,piercing_line,168,0.1153040558528075,0.0741239950982174,1.0,-0.1309322079964535,0.4384517497469201,0
5,0.15,13,11,30,shooting_star,1597,-0.0923072900917794,0.0674733404473821,1.0,-0.0161021974281653,0.1719376652588749,0
5,0.15,13,11,30,three_black_crows,25,-0.4999698186820713,-0.4310173145474973,1.0,,,0
5,0.15,13,11,30,three_white_soldiers,25,-0.1663262009118258,-0.2608750759274113,1.0,,,0
5,0.15,13,11,30,tweezer_bottom,2956,0.1357228621813264,0.0837636261665904,0.0083991600839916,0.0388319323535605,0.0946847172513576,1
5,0.15,13,11,30,tweezer_top,3340,-0.101705314482626,0.0306207988213984,1.0,-0.0127838925154463,0.0913131062816814,0
5,0.15,14,1,5,bearish_engulfing,1539,-0.129070469576154,-0.0038413762752051,1.0,-0.0455348631279312,0.0860093302619125,0
5,0.15,14,1,5,bearish_harami,704,-0.1066654580061634,-0.0983238905694848,1.0,-0.178690277904019,0.1678548485028484,0
5,0.15,14,1,5,bearish_kicker,170,-0.255966194638034,-0.1350136102866641,1.0,-0.2919834907307009,0.3284232664142709,0
5,0.15,14,1,5,bullish_engulfing,1456,0.2630660552833653,0.0893531327768306,0.0247975202479752,0.0412836158453769,0.102322639423251,1
5,0.15,14,1,5,bullish_harami,555,0.1424355465296474,-0.0447368038591348,1.0,-0.1377622770180407,0.1919463627622394,0
5,0.15,14,1,5,bullish_kicker,185,-0.0243185025590479,0.0126393999450728,1.0,-0.1448329886972249,0.3198213435069399,0
5,0.15,14,1,5,dark_cloud_cover,236,-0.1404611550960363,0.0078002716751682,1.0,-0.121385207376266,0.2822659749459029,0
5,0.15,14,1,5,dragonfly_doji,432,0.1626367642635426,0.0479520532637051,1.0,-0.0771557744355234,0.2669900949937984,0
5,0.15,14,1,5,evening_star,55,0.0029906136607209,-0.0317607881742539,1.0,-0.2952113349964488,0.5369330853735469,0
5,0.15,14,1,5,gravestone_doji,477,0.0314445401161143,0.1076932051139111,1.0,-0.0143112199849727,0.2519618264642384,0
5,0.15,14,1,5,hammer,1424,0.1316224837533348,0.0326921813574127,1.0,-0.0385360018269859,0.1476659514520195,0
5,0.15,14,1,5,hanging_man,1756,-0.0753859079925196,0.0033570473412199,1.0,-0.0672610371462214,0.1501635599077818,0
5,0.15,14,1,5,inverted_hammer,1648,0.1201664294577584,-0.0101429859538603,1.0,-0.090596119122406,0.1700177361716395,0
5,0.15,14,1,5,morning_star,60,-0.2867237120558469,0.0175329597335355,1.0,-0.2658509098956982,0.5899950077853335,0
5,0.15,14,1,5,piercing_line,204,0.1110333424850243,0.0130219620057913,1.0,-0.1279812537087351,0.3012367192303773,0
5,0.15,14,1,5,shooting_star,1643,-0.0228243220154791,-0.0197019658182484,1.0,-0.0734356631850951,0.1137356776182887,0
5,0.15,14,1,5,three_black_crows,21,0.0803716380731599,-0.0981229029383039,1.0,,,0
5,0.15,14,1,5,three_white_soldiers,25,0.3667901719423547,0.0094068078511661,1.0,,,0
5,0.15,14,1,5,tweezer_bottom,3082,0.108569039257308,0.0010788494668657,1.0,-0.0355304083158279,0.075458577766706,0
5,0.15,14,1,5,tweezer_top,3345,-0.0848533081417711,-0.0287035185439092,1.0,-0.0660244492947279,0.0802400233579732,0
5,0.15,14,1,15,bearish_engulfing,1539,-0.129070469576154,-0.006691023912065,1.0,-0.0581345756037479,0.1059469406970394,0
5,0.15,14,1,15,bearish_harami,704,-0.1066654580061634,-0.0647626380383294,1.0,-0.1731442701997892,0.2353984770876552,0
5,0.15,14,1,15,bearish_kicker,170,-0.255966194638034,-0.1557832080950379,1.0,-0.3434112898591124,0.4040119197580475,0
5,0.15,14,1,15,bullish_engulfing,1456,0.2630660552833653,0.1560511204609755,0.0083991600839916,0.092488965498307,0.1314332218435247,1
5,0.15,14,1,15,bullish_harami,555,0.1424355465296474,-0.0269995898359898,1.0,-0.1551900948282499,0.2637917087324926,0
5,0.15,14,1,15,bullish_kicker,185,-0.0243185025590479,-0.1032256841524515,1.0,-0.2848601081988026,0.3636737157221123,0
5,0.15,14,1,15,dark_cloud_cover,236,-0.1404611550960363,0.0664645718469545,1.0,-0.1115543640836178,0.3800470712396053,0
5,0.15,14,1,15,dragonfly_doji,432,0.1626367642635426,0.0944385138863979,1.0,-0.0533677350217978,0.3093272451245704,0
5,0.15,14,1,15,evening_star,55,0.0029906136607209,0.0708923911256215,1.0,-0.2415096974901815,0.6451122672271206,0
5,0.15,14,1,15,gravestone_doji,477,0.0314445401161143,0.1328849968320829,0.9499050094990502,0.0059074466046324,0.2642666902770906,0
5,0.15,14,1,15,hammer,1424,0.1316224837533348,0.0320684103859247,1.0,-0.0414479955025601,0.1529609438626173,0
5,0.15,14,1,15,hanging_man,1756,-0.0753859079925196,0.0075932005669322,1.0,-0.0713841817304071,0.1648191907804359,0
5,0.15,14,1,15,inverted_hammer,1648,0.1201664294577584,0.0380380303382881,1.0,-0.0419272644015395,0.1655923762358962,0
5,0.15,14,1,15,morning_star,60,-0.2867237120558469,-0.0917070887309303,1.0,-0.3684350996092062,0.6126897614320276,0
5,0.15,14,1,15,piercing_line,204,0.1110333424850243,-0.0140538763033277,1.0,-0.187132789470875,0.3760893776439631,0
5,0.15,14,1,15,shooting_star,1643,-0.0228243220154791,0.0503224987079375,1.0,-0.0213230864942757,0.1513797028470644,0
5,0.15,14,1,15,three_black_crows,21,0.0803716380731599,-0.0395880399924139,1.0,,,0
5,0.15,14,1,15,three_white_soldiers,25,0.3667901719423547,0.094013899202144,1.0,,,0
5,0.15,14,1,15,tweezer_bottom,3082,0.108569039257308,0.0100785074865451,1.0,-0.031989932469606,0.0881767957955449,0
5,0.15,14,1,15,tweezer_top,3345,-0.0848533081417711,0.0289975070532002,1.0,-0.01307845987032,0.0890267530149481,0
5,0.15,14,1,30,bearish_engulfing,1539,-0.129070469576154,-0.0053030414349053,1.0,-0.0649178383449323,0.1263490972912342,0
5,0.15,14,1,30,bearish_harami,704,-0.1066654580061634,0.0276479831116657,1.0,-0.0889227246988493,0.2499002942136076,0
5,0.15,14,1,30,bearish_kicker,170,-0.255966194638034,-0.1825646690911515,1.0,-0.4152097058245527,0.5057958239309573,0
5,0.15,14,1,30,bullish_engulfing,1456,0.2630660552833653,0.1721821929461642,0.0083991600839916,0.1060411189286936,0.1392355206137859,1
5,0.15,14,1,30,bullish_harami,555,0.1424355465296474,0.0778143995388054,1.0,-0.0524274842087471,0.2713042281870757,0
5,0.15,14,1,30,bullish_kicker,185,-0.0243185025590479,-0.2087288139128951,1.0,-0.426941041453146,0.458060632893756,0
5,0.15,14,1,30,dark_cloud_cover,236,-0.1404611550960363,0.0749891544744579,1.0,-0.107044169194367,0.3981675290645644,0
5,0.15,14,1,30,dragonfly_doji,432,0.1626367642635426,-0.0332053338086352,1.0,-0.2009860543254427,0.3536160994258438,0
5,0.15,14,1,30,evening_star,55,0.0029906136607209,-0.1424565178600217,1.0,-0.5286613574821276,0.7852145290229067,0
5,0.15,14,1,30,gravestone_doji,477,0.0314445401161143,0.1394900790123222,1.0,-0.0042968097914743,0.2988003763502442,0
5,0.15,14,1,30,hammer,1424,0.1316224837533348,0.038061655926207,1.0,-0.0452996176900753,0.1725346687261559,0
5,0.15,14,1,30,hanging_man,1756,-0.0753859079925196,0.0114856075479466,1.0,-0.072708094290864,0.1722413899101746,0
5,0.15,14,1,30,inverted_hammer,1648,0.1201664294577584,0.0215469935507586,1.0,-0.0634418855709133,0.1746117784144542,0
5,0.15,14,1,30,morning_star,60,-0.2867237120558469,-0.2163132124080617,1.0,-0.4784669080352232,0.5773803789275441,0
5,0.15,14,1,30,piercing_line,204,0.1110333424850243,0.0764281475268505,1.0,-0.1331647466659034,0.4404774772672976,0
5,0.15,14,1,30,shooting_star,1643,-0.0228243220154791,0.0678777121573628,1.0,-0.0031583236486352,0.1499947782047436,0
5,0.15,14,1,30,three_black_crows,21,0.0803716380731599,-0.2004467035569405,1.0,,,0
5,0.15,14,1,30,three_white_soldiers,25,0.3667901719423547,0.2111107947483543,1.0,,,0
5,0.15,14,1,30,tweezer_bottom,3082,0.108569039257308,0.0285676537591895,1.0,-0.0153095577021918,0.0918942221840445,0
5,0.15,14,1,30,tweezer_top,3345,-0.0848533081417711,0.0302352222338211,1.0,-0.0093340977573623,0.0824189258208272,0
5,0.15,14,6,30,bearish_engulfing,1539,-0.129070469576154,-0.0113914214562456,1.0,-0.0759265838446567,0.1374778707541404,0
5,0.15,14,6,30,bearish_harami,704,-0.1066654580061634,0.0013390095661318,1.0,-0.1233687169782579,0.2621786220553157,0
5,0.15,14,6,30,bearish_kicker,170,-0.255966194638034,-0.2584720826488606,1.0,-0.4848971819962153,0.4886731058508691,0
5,0.15,14,6,30,bullish_engulfing,1456,0.2630660552833653,0.1869408333487887,0.0083991600839916,0.1109104711041879,0.159738269217977,1
5,0.15,14,6,30,bullish_harami,555,0.1424355465296474,0.1174054726418343,1.0,-0.0257708412030874,0.2973557374005374,0
5,0.15,14,6,30,bullish_kicker,185,-0.0243185025590479,-0.1022740594525857,1.0,-0.2848969652547172,0.3817925186672515,0
5,0.15,14,6,30,dark_cloud_cover,236,-0.1404611550960363,0.0182747444850752,1.0,-0.1845540513272584,0.4331055536266696,0
5,0.15,14,6,30,dragonfly_doji,432,0.1626367642635426,0.0809987872731724,1.0,-0.1014933495833101,0.3804552622738053,0
5,0.15,14,6,30,evening_star,55,0.0029906136607209,-0.1400156023164112,1.0,-0.5635930403751542,0.8763327818491453,0
5,0.15,14,6,30,gravestone_doji,477,0.0314445401161143,0.1354863399713821,1.0,-0.0123445163985435,0.321942040837856,0
5,0.15,14,6,30,hammer,1424,0.1316224837533348,0.0517913384803986,1.0,-0.037784337046505,0.190328597843266,0
5,0.15,14,6,30,hanging_man,1756,-0.0753859079925196,0.0079904877594546,1.0,-0.0773393045996398,0.1763068996897923,0
5,0.15,14,6,30,inverted_hammer,1648,0.1201664294577584,0.0648632690317463,1.0,-0.0219258730172262,0.1795633052840366,0
5,0.15,14,6,30,morning_star,60,-0.2867237120558469,-0.1094609541523725,1.0,-0.4275445357392088,0.6574917503991425,0
5,0.15,14,6,30,piercing_line,204,0.1110333424850243,0.2058968066788787,1.0,-0.0010567364127805,0.4386296608180079,0
5,0.15,14,6,30,shooting_star,1643,-0.0228243220154791,0.0956201139132918,0.377962203779622,0.0198482238477925,0.1574970360499037,0
5,0.15,14,6,30,three_black_crows,21,0.0803716380731599,-0.2345051506681676,1.0,,,0
5,0.15,14,6,30,three_white_soldiers,25,0.3667901719423547,0.350473125692596,1.0,,,0
5,0.15,14,6,30,tweezer_bottom,3082,0.108569039257308,0.0555886585333533,0.6395360463953604,0.011797421771806,0.096030239934783,0
5,0.15,14,6,30,tweezer_top,3345,-0.0848533081417711,0.016560970048423,1.0,-0.0262306896116291,0.089915688741175,0
5,0.15,14,11,30,bearish_engulfing,1539,-0.129070469576154,-0.039869859878628,1.0,-0.1027982325987575,0.1315996604601903,0
5,0.15,14,11,30,bearish_harami,704,-0.1066654580061634,0.0256761057919615,1.0,-0.1059325601178326,0.2814555515130064,0
5,0.15,14,11,30,bearish_kicker,170,-0.255966194638034,-0.2978176044284999,1.0,-0.5569465842480303,0.5613332788512739,0
5,0.15,14,11,30,bullish_engulfing,1456,0.2630660552833653,0.2191619298113592,0.0083991600839916,0.1405493833884825,0.1654435852337776,1
5,0.15,14,11,30,bullish_harami,555,0.1424355465296474,0.1212267324647189,1.0,-0.0199132622043414,0.2975116340749133,0
5,0.15,14,11,30,bullish_kicker,185,-0.0243185025590479,-0.2557362311783958,1.0,-0.4697266959121872,0.4484269684871127,0
5,0.15,14,11,30,dark_cloud_cover,236,-0.1404611550960363,-0.0292214594137115,1.0,-0.2327400676378584,0.4249618082470955,0
5,0.15,14,11,30,dragonfly_doji,432,0.1626367642635426,0.1102899422128094,1.0,-0.0564822463586632,0.3567849627860835,0
5,0.15,14,11,30,evening_star,55,0.0029906136607209,-0.1461661803547321,1.0,-0.5082714891415876,0.7450952334479464,0
5,0.15,14,11,30,gravestone_doji,477,0.0314445401161143,0.1259555445452093,1.0,-0.02913608689759,0.325180548469988,0
5,0.15,14,11,30,hammer,1424,0.1316224837533348,0.1141785115398909,0.311968803119688,0.0305284323383612,0.1799683091868269,0
5,0.15,14,11,30,hanging_man,1756,-0.0753859079925196,0.0091671849266781,1.0,-0.0753840376457057,0.1807704680039579,0
5,0.15,14,11,30,inverted_hammer,1648,0.1201664294577584,0.0383754356880385,1.0,-0.0462439431842074,0.1778889290817329,0
5,0.15,14,11,30,morning_star,60,-0.2867237120558469,-0.2274273370539872,1.0,-0.6029022090930216,0.7724681620881256,0
5,0.15,14,11,30,piercing_line,204,0.1110333424850243,0.2360396477444082,0.9855014498550144,0.017094512873801,0.4718189897836601,0
5,0.15,14,11,30,shooting_star,1643,-0.0228243220154791,0.1231620320695231,0.0701929807019298,0.0414063080427421,0.1702219832933721,0
5,0.15,14,11,30,three_black_crows,21,0.0803716380731599,-0.1274348973638973,1.0,,,0
5,0.15,14,11,30,three_white_soldiers,25,0.3667901719423547,0.3913589833258465,1.0,,,0
5,0.15,14,11,30,tweezer_bottom,3082,0.108569039257308,0.0547777179024369,0.8785121487851215,0.0029832936622901,0.1070849733749886,0
5,0.15,14,11,30,tweezer_top,3345,-0.0848533081417711,0.0309535959240616,1.0,-0.0141266400951466,0.0949475634488264,0
5,0.15,15,1,5,bearish_engulfing,1561,-0.0959682257055156,0.0336916380529574,1.0,-0.0078088344616556,0.0872095793041625,0
5,0.15,15,1,5,bearish_harami,723,-0.0639731993632687,-0.0261420022103697,1.0,-0.1043308144754229,0.1659882401961429,0
5,0.15,15,1,5,bearish_kicker,190,-0.09039452962825,0.0245377963565647,1.0,-0.1160403121975126,0.3099616026205189,0
5,0.15,15,1,5,bullish_engulfing,1476,0.2757438618760527,0.1725725404077302,0.0083991600839916,0.1245289344599998,0.0984994420217274,1
5,0.15,15,1,5,bullish_harami,627,0.1159709516244273,0.0324457047811152,1.0,-0.0587270746440748,0.1901000853405485,0
5,0.15,15,1,5,bullish_kicker,192,0.1381640413825563,0.057255258414037,1.0,-0.0909635067248731,0.3088052788534822,0
5,0.15,15,1,5,dark_cloud_cover,228,0.034280744488824,0.060576002278916,1.0,-0.0675503298801758,0.2747785954559377,0
5,0.15,15,1,5,dragonfly_doji,500,0.0985193905395095,-0.0012398336148789,1.0,-0.1118250257956167,0.2272633853394621,0
5,0.15,15,1,5,evening_star,55,0.0184710724118888,0.1156594121707432,1.0,-0.1184027111020709,0.4898451095001436,0
5,0.15,15,1,5,gravestone_doji,539,-0.121305240617429,0.0699733857111208,1.0,-0.0193966677285433,0.1884439941732604,0
5,0.15,15,1,5,hammer,1438,0.1403557140691312,0.0070791203497503,1.0,-0.0498688986284921,0.1178855872373219,0
5,0.15,15,1,5,hanging_man,1724,-0.1517350435267896,-0.0865077167440775,1.0,-0.1648678919204716,0.164215129845701,0
5,0.15,15,1,5,inverted_hammer,1505,0.1019033164496055,-0.0223747408581358,1.0,-0.1019970520422164,0.1656033384269372,0
5,0.15,15,1,5,morning_star,30,0.0685659524688054,-0.0947823445152303,1.0,-0.4077663316982015,0.7187311868909299,0
5,0.15,15,1,5,piercing_line,201,-0.0212589831685267,-0.2169501393623746,1.0,-0.3337568579106834,0.2394549724035765,0
5,0.15,15,1,5,shooting_star,1616,-0.1164736498215398,0.0091987061005633,1.0,-0.0498107211299375,0.1214083981441611,0
5,0.15,15,1,5,three_black_crows,19,-0.2654423250942112,-0.0030552089050889,1.0,,,0
5,0.15,15,1,5,three_white_soldiers,30,0.2815038235170138,-0.0781015352146846,1.0,,,0
5,0.15,15,1,5,tweezer_bottom,3006,0.1265022195694475,0.0142467865833785,1.0,-0.0259405717130517,0.0846588735404581,0
5,0.15,15,1,5,tweezer_top,3316,-0.0870677781904363,0.0029169838040133,1.0,-0.0306279076766576,0.0698878381502557,0
5,0.15,15,1,15,bearish_engulfing,1561,-0.0959682257055156,0.017701549970759,1.0,-0.0380748534954035,0.1189278414517606,0
5,0.15,15,1,15,bearish_harami,723,-0.0639731993632687,-0.0226464137544933,1.0,-0.1309569696008444,0.2253524565614647,0
5,0.15,15,1,15,bearish_kicker,190,-0.09039452962825,0.0014288633122998,1.0,-0.1835220176409991,0.3985378195315882,0
5,0.15,15,1,15,bullish_engulfing,1476,0.2757438618760527,0.1524387193298228,0.0083991600839916,0.0893181397858754,0.1318726334220595,1
5,0.15,15,1,15,bullish_harami,627,0.1159709516244273,0.0312911131427508,1.0,-0.076435027502576,0.2230844976478781,0
5,0.15,15,1,15,bullish_kicker,192,0.1381640413825563,-0.0363361220926068,1.0,-0.2279329272624492,0.3939155865477577,0
5,0.15,15,1,15,dark_cloud_cover,228,0.034280744488824,0.0091456639196957,1.0,-0.1658619031571722,0.3667729889813104,0
5,0.15,15,1,15,dragonfly_doji,500,0.0985193905395095,-0.0156070393169723,1.0,-0.1433818001934177,0.2652287487634819,0
5,0.15,15,1,15,evening_star,55,0.0184710724118888,0.0453036298164396,1.0,-0.2414027470324267,0.6382371804425513,0
5,0.15,15,1,15,gravestone_doji,539,-0.121305240617429,-0.0302006535064647,1.0,-0.1515818435214059,0.2518046278133803,0
5,0.15,15,1,15,hammer,1438,0.1403557140691312,0.0334828452715342,1.0,-0.034843455469445,0.1473430687868587,0
5,0.15,15,1,15,hanging_man,1724,-0.1517350435267896,-0.1076177231171678,1.0,-0.1886290047637762,0.1678667879620634,0
5,0.15,15,1,15,inverted_hammer,1505,0.1019033164496055,0.0517189561328621,1.0,-0.0358973235246981,0.1783525343585109,0
5,0.15,15,1,15,morning_star,30,0.0685659524688054,0.105598028842006,1.0,-0.2390373598528095,0.7525565722558061,0
5,0.15,15,1,15,piercing_line,201,-0.0212589831685267,-0.1391106291927681,1.0,-0.3343864441784142,0.4058141762278178,0
5,0.15,15,1,15,shooting_star,1616,-0.1164736498215398,0.0007794731070133,1.0,-0.0752341201171354,0.1593411991422675,0
5,0.15,15,1,15,three_black_crows,19,-0.2654423250942112,0.1208720896532283,1.0,,,0
5,0.15,15,1,15,three_white_soldiers,30,0.2815038235170138,-0.0469591553665568,1.0,,,0
5,0.15,15,1,15,tweezer_bottom,3006,0.1265022195694475,0.0459967279263006,1.0,-0.0001228326281907,0.0959271796605292,0
5,0.15,15,1,15,tweezer_top,3316,-0.0870677781904363,0.0298326188487223,1.0,-0.012431579759926,0.0886803829047648,0
5,0.15,15,1,30,bearish_engulfing,1561,-0.0959682257055156,-0.0443529051160718,1.0,-0.1066523595250297,0.1283315861750851,0
5,0.15,15,1,30,bearish_harami,723,-0.0639731993632687,-0.0159239465851303,1.0,-0.1179585460085557,0.216491125258386,0
5,0.15,15,1,30,bearish_kicker,190,-0.09039452962825,0.0948378977870798,1.0,-0.1178527807248715,0.4409364130333098,0
5,0.15,15,1,30,bullish_engulfing,1476,0.2757438618760527,0.1786758754827567,0.0083991600839916,0.1027176911011336,0.1569332343115748,1
5,0.15,15,1,30,bullish_harami,627,0.1159709516244273,0.0425185096876462,1.0,-0.0653412418104742,0.223023448550547,0
5,0.15,15,1,30,bullish_kicker,192,0.1381640413825563,0.1258913523640652,1.0,-0.1081196655770565,0.4688944914749904,0
5,0.15,15,1,30,dark_cloud_cover,228,0.034280744488824,0.0606761841266899,1.0,-0.1031434084210505,0.3407052221933543,0
5,0.15,15,1,30,dragonfly_doji,500,0.0985193905395095,0.0378636404045122,1.0,-0.101172741457934,0.2846915828142576,0
5,0.15,15,1,30,evening_star,55,0.0184710724118888,-0.2144310411007385,1.0,-0.5331877205900011,0.6802665903313966,0
5,0.15,15,1,30,gravestone_doji,539,-0.121305240617429,0.0169351934262104,1.0,-0.1315391651249815,0.3042706076756396,0
5,0.15,15,1,30,hammer,1438,0.1403557140691312,0.1281827062267074,0.0255974402559744,0.0513212219964092,0.1593981503667903,1
5,0.15,15,1,30,hanging_man,1724,-0.1517350435267896,-0.0444238527587343,1.0,-0.1170300463474889,0.1519593887137447,0
5,0.15,15,1,30,inverted_hammer,1505,0.1019033164496055,0.0455494982670525,1.0,-0.0487590715820119,0.196273442306291,0
5,0.15,15,1,30,morning_star,30,0.0685659524688054,0.2250406032181828,1.0,-0.3013488268045586,1.1445523256740535,0
5,0.15,15,1,30,piercing_line,201,-0.0212589831685267,-0.1746891825718113,1.0,-0.3849545193352267,0.4285043667884555,0
5,0.15,15,1,30,shooting_star,1616,-0.1164736498215398,-0.015066164524803,1.0,-0.0943506669806739,0.1645300984241151,0
5,0.15,15,1,30,three_black_crows,19,-0.2654423250942112,-0.0147035092823143,1.0,,,0
5,0.15,15,1,30,three_white_soldiers,30,0.2815038235170138,-0.0181080415125696,1.0,,,0
5,0.15,15,1,30,tweezer_bottom,3006,0.1265022195694475,0.0604906963034924,0.8757124287571243,0.0046517124685955,0.1136710272335602,0
5,0.15,15,1,30,tweezer_top,3316,-0.0870677781904363,-0.0240387913669655,1.0,-0.0638336229375994,0.0826788526344596,0
5,0.15,15,6,30,bearish_engulfing,1561,-0.0959682257055156,-0.0158375099926605,1.0,-0.0800075842838764,0.1333996525727267,0
5,0.15,15,6,30,bearish_harami,723,-0.0639731993632687,0.0792855233069522,1.0,-0.0307053525907243,0.2328899602715283,0
5,0.15,15,6,30,bearish_kicker,190,-0.09039452962825,0.0569819792570428,1.0,-0.1497787162059294,0.4405600420443678,0
5,0.15,15,6,30,bullish_engulfing,1476,0.2757438618760527,0.2042576870471038,0.0083991600839916,0.1352149078742185,0.1458875538367465,1
5,0.15,15,6,30,bullish_harami,627,0.1159709516244273,0.0411891838433666,1.0,-0.070921309056496,0.2334828052972482,0
5,0.15,15,6,30,bullish_kicker,192,0.1381640413825563,0.1228261636643485,1.0,-0.118986912692756,0.4955922923346122,0
5,0.15,15,6,30,dark_cloud_cover,228,0.034280744488824,0.0246025340160386,1.0,-0.171237641141581,0.4182367227690085,0
5,0.15,15,6,30,dragonfly_doji,500,0.0985193905395095,-0.0034759090008093,1.0,-0.1604808707780884,0.3203334734541289,0
5,0.15,15,6,30,evening_star,55,0.0184710724118888,-0.0875886626087682,1.0,-0.3798973644217572,0.6416401585854931,0
5,0.15,15,6,30,gravestone_doji,539,-0.121305240617429,-0.032494496510511,1.0,-0.1666409405939016,0.2820541021176869,0
5,0.15,15,6,30,hammer,1438,0.1403557140691312,0.0826628077860894,1.0,-0.0023786782382664,0.1805998387932118,0
5,0.15,15,6,30,hanging_man,1724,-0.1517350435267896,-0.0091180565585787,1.0,-0.0937049167164053,0.1749218633513082,0
5,0.15,15,6,30,inverted_hammer,1505,0.1019033164496055,0.047698332164518,1.0,-0.0382291828316911,0.1805218583701443,0
5,0.15,15,6,30,morning_star,30,0.0685659524688054,0.3756803543643477,1.0,-0.0828556717271907,1.0134892575710417,0
5,0.15,15,6,30,piercing_line,201,-0.0212589831685267,-0.1659480673937751,1.0,-0.3808616046292972,0.4551817060999003,0
5,0.15,15,6,30,shooting_star,1616,-0.1164736498215398,0.0206126761621866,1.0,-0.0689180889106082,0.1849399763934092,0
5,0.15,15,6,30,three_black_crows,19,-0.2654423250942112,0.0366638800338275,1.0,,,0
5,0.15,15,6,30,three_white_soldiers,30,0.2815038235170138,0.0013835663374841,1.0,,,0
5,0.15,15,6,30,tweezer_bottom,3006,0.1265022195694475,0.0847569063918181,0.0433956604339566,0.0338248926000487,0.1049725435488053,1
5,0.15,15,6,30,tweezer_top,3316,-0.0870677781904363,0.0120254953522369,1.0,-0.0336889043738288,0.094705456524901,0
5,0.15,15,11,30,bearish_engulfing,1561,-0.0959682257055156,-0.0342240633529507,1.0,-0.1025486950699522,0.1435578209744844,0
5,0.15,15,11,30,bearish_harami,723,-0.0639731993632687,0.0065165736694109,1.0,-0.1152998135592685,0.256044969923875,0
5,0.15,15,11,30,bearish_kicker,190,-0.09039452962825,0.0654606805692949,1.0,-0.1494320187439183,0.453661603603039,0
5,0.15,15,11,30,bullish_engulfing,1476,0.2757438618760527,0.1854361948151165,0.0083991600839916,0.1105705480936422,0.1569193958690017,1
5,0.15,15,11,30,bullish_harami,627,0.1159709516244273,0.0250786395231357,1.0,-0.1139203430520517,0.2806260683846096,0
5,0.15,15,11,30,bullish_kicker,192,0.1381640413825563,0.1856905219000657,1.0,-0.0473623773495657,0.4715342970597698,0
5,0.15,15,11,30,dark_cloud_cover,228,0.034280744488824,0.0659823732387875,1.0,-0.1472365201096719,0.4460303694777732,0
5,0.15,15,11,30,dragonfly_doji,500,0.0985193905395095,-0.0116754653569675,1.0,-0.1774379208492016,0.3409541359835302,0
5,0.15,15,11,30,evening_star,55,0.0184710724118888,0.0322606736959302,1.0,-0.3363795868991303,0.7896011202869112,0
5,0.15,15,11,30,gravestone_doji,539,-0.121305240617429,-0.0413960401192599,1.0,-0.1831269040543032,0.294457466729862,0
5,0.15,15,11,30,hammer,1438,0.1403557140691312,0.1126524045033105,0.5393460653934606,0.0233900423384233,0.1898736248955917,0
5,0.15,15,11,30,hanging_man,1724,-0.1517350435267896,-0.0581503988963061,1.0,-0.1460204507311774,0.1839160384020699,0
5,0.15,15,11,30,inverted_hammer,1505,0.1019033164496055,0.0423231549289754,1.0,-0.0586928480073267,0.2102750478321105,0
5,0.15,15,11,30,morning_star,30,0.0685659524688054,0.4337205769941442,1.0,,,0
5,0.15,15,11,30,piercing_line,201,-0.0212589831685267,-0.0881576070595279,1.0,-0.3296093184757252,0.4978152022172589,0
5,0.15,15,11,30,shooting_star,1616,-0.1164736498215398,0.0202327922876326,1.0,-0.0638725945607173,0.1768897686532776,0
5,0.15,15,11,30,three_black_crows,19,-0.2654423250942112,-0.0810247771760694,1.0,,,0
5,0.15,15,11,30,three_white_soldiers,30,0.2815038235170138,-0.1125817966960657,1.0,,,0
5,0.15,15,11,30,tweezer_bottom,3006,0.1265022195694475,0.0763499883451315,0.1177882211778822,0.0238574853438719,0.1079834565349983,0
5,0.15,15,11,30,tweezer_top,3316,-0.0870677781904363,0.0188502685550507,1.0,-0.0282174322938875,0.0961485773032039,0
5,0.15,16,1,5,bearish_engulfing,1599,-0.0810854783530983,0.0151350915275755,1.0,-0.0263637575986536,0.0853356162311781,0
5,0.15,16,1,5,bearish_harami,713,-0.0717591631425565,-0.0409986260637372,1.0,-0.1386598939107339,0.2036229411014158,0
5,0.15,16,1,5,bearish_kicker,205,-0.1411809180461338,0.0478246295080851,1.0,-0.0835615206261552,0.2718678092199397,0
5,0.15,16,1,5,bullish_engulfing,1511,0.2420552273268504,0.1286408760438878,0.0083991600839916,0.0749043998449543,0.1106757695365256,1
5,0.15,16,1,5,bullish_harami,611,0.0710845863096118,0.0297595054278319,1.0,-0.0638374092611692,0.1922551893123561,0
5,0.15,16,1,5,bullish_kicker,199,0.0906603074755869,-0.0342389202983164,1.0,-0.1804432773248261,0.3080647473471659,0
5,0.15,16,1,5,dark_cloud_cover,174,0.0006662653853566,-0.071269985224003,1.0,-0.1874403076414702,0.2484613253919196,0
5,0.15,16,1,5,dragonfly_doji,565,0.0991333057438778,0.0697110617793452,1.0,-0.0222447107912412,0.1962724464365643,0
5,0.15,16,1,5,evening_star,46,-0.0680840243136183,-0.0073359952460265,1.0,-0.3091744121646924,0.6249567428886267,0
5,0.15,16,1,5,gravestone_doji,680,-0.1570502126131527,-0.0365468267438386,1.0,-0.1338550600871804,0.2073917411615711,0
5,0.15,16,1,5,hammer,1546,0.0890167497600426,-0.035072096248512,1.0,-0.0984915978966146,0.1295827975770819,0
5,0.15,16,1,5,hanging_man,1761,-0.0888571841480636,-0.0133763031655095,1.0,-0.0806468856590665,0.1425025193336315,0
5,0.15,16,1,5,inverted_hammer,1639,0.0162359746604247,-0.0105584282829384,1.0,-0.0895905441061611,0.16692413149478,0
5,0.15,16,1,5,morning_star,42,0.016848240693274,-0.0113235504064023,1.0,-0.1582417854729044,0.3229266468446978,0
5,0.15,16,1,5,piercing_line,184,0.0824128274568675,0.1163723574754301,1.0,-0.023912299479119,0.2833482301328945,0
5,0.15,16,1,5,shooting_star,1665,-0.1279124536492303,0.0161203540971249,1.0,-0.0431526679615187,0.1246882332246461,0
5,0.15,16,1,5,three_black_crows,19,-0.0702688431132171,0.0219012281137235,1.0,,,0
5,0.15,16,1,5,three_white_soldiers,22,-0.1475728876783294,0.0364596078312114,1.0,,,0
5,0.15,16,1,5,tweezer_bottom,2964,0.120806207406787,0.0393777618967547,1.0,-0.0013490563880213,0.0823790857731307,0
5,0.15,16,1,5,tweezer_top,3206,-0.0720203064187866,-0.0043479695877012,1.0,-0.0400734979412618,0.0741633082217122,0
5,0.15,16,1,15,bearish_engulfing,1599,-0.0810854783530983,0.0357828930719103,1.0,-0.0210614160160962,0.1155800079015524,0
5,0.15,16,1,15,bearish_harami,713,-0.0717591631425565,0.0148625416709136,1.0,-0.0963036460020376,0.2334627632004226,0
5,0.15,16,1,15,bearish_kicker,205,-0.1411809180461338,0.0078271094863115,1.0,-0.1541538568263546,0.3390776182994534,0
5,0.15,16,1,15,bullish_engulfing,1511,0.2420552273268504,0.1640181975063294,0.0083991600839916,0.1014345189083216,0.1325667100668031,1
5,0.15,16,1,15,bullish_harami,611,0.0710845863096118,0.0500232637807289,1.0,-0.0599501118138301,0.2249613901543527,0
5,0.15,16,1,15,bullish_kicker,199,0.0906603074755869,0.0068726534917386,1.0,-0.1890618476049951,0.4344929001219541,0
5,0.15,16,1,15,dark_cloud_cover,174,0.0006662653853566,0.0273470424631854,1.0,-0.1482728321760117,0.3806301303156341,0
5,0.15,16,1,15,dragonfly_doji,565,0.0991333057438778,0.026045526724778,1.0,-0.1010619555464173,0.2621013017205739,0
5,0.15,16,1,15,evening_star,46,-0.0680840243136183,-0.0077098073551531,1.0,-0.3589923205053464,0.7271528851875322,0
5,0.15,16,1,15,gravestone_doji,680,-0.1570502126131527,0.0248450348406551,1.0,-0.0969955725998561,0.2596528881296413,0
5,0.15,16,1,15,hammer,1546,0.0890167497600426,0.0394276569081641,1.0,-0.0261940009452818,0.1359901544989417,0
5,0.15,16,1,15,hanging_man,1761,-0.0888571841480636,0.0233280355048247,1.0,-0.0537742931571533,0.1595051918026969,0
5,0.15,16,1,15,inverted_hammer,1639,0.0162359746604247,-0.012293176251509,1.0,-0.0945371613855511,0.1729760745369087,0
5,0.15,16,1,15,morning_star,42,0.016848240693274,0.0719155474465788,1.0,-0.1779492041574794,0.508012616169709,0
5,0.15,16,1,15,piercing_line,184,0.0824128274568675,0.0935616076744457,1.0,-0.0924935851946624,0.3859699956227982,0
5,0.15,16,1,15,shooting_star,1665,-0.1279124536492303,0.0183851978161915,1.0,-0.0487730251724891,0.1407015919890754,0
5,0.15,16,1,15,three_black_crows,19,-0.0702688431132171,0.1609467380551948,1.0,,,0
5,0.15,16,1,15,three_white_soldiers,22,-0.1475728876783294,-0.0224561732906676,1.0,,,0
5,0.15,16,1,15,tweezer_bottom,2964,0.120806207406787,0.0468567408914648,0.863913608639136,0.0031208113849035,0.0892877657662043,0
5,0.15,16,1,15,tweezer_top,3206,-0.0720203064187866,0.0233413287022462,1.0,-0.0190025957892043,0.0884483117318949,0
5,0.15,16,1,30,bearish_engulfing,1599,-0.0810854783530983,0.0341576018673182,1.0,-0.0178415164728531,0.106802927768883,0
5,0.15,16,1,30,bearish_harami,713,-0.0717591631425565,0.0146683871357187,1.0,-0.1096805443252962,0.2654298074516773,0
5,0.15,16,1,30,bearish_kicker,205,-0.1411809180461338,0.0521512432742296,1.0,-0.1192285789975609,0.3529799584709048,0
5,0.15,16,1,30,bullish_engulfing,1511,0.2420552273268504,0.204741476655623,0.0083991600839916,0.1333949072872621,0.1476762188569113,1
5,0.15,16,1,30,bullish_harami,611,0.0710845863096118,0.0906856278706432,1.0,-0.0386395168569992,0.2664884206094808,0
5,0.15,16,1,30,bullish_kicker,199,0.0906603074755869,0.0372012854946975,1.0,-0.1623383844026373,0.4259178112932961,0
5,0.15,16,1,30,dark_cloud_cover,174,0.0006662653853566,0.0773003047845511,1.0,-0.1496484071727328,0.4762177585284551,0
5,0.15,16,1,30,dragonfly_doji,565,0.0991333057438778,0.0084914842057562,1.0,-0.1304092652476615,0.2846815684444505,0
5,0.15,16,1,30,evening_star,46,-0.0680840243136183,0.0292708067081,1.0,-0.3736956955818128,0.8579009125084756,0
5,0.15,16,1,30,gravestone_doji,680,-0.1570502126131527,0.0602352571709415,1.0,-0.0707328348651131,0.2836482424872505,0
5,0.15,16,1,30,hammer,1546,0.0890167497600426,0.0689473945469385,1.0,-0.0092810813604109,0.163246865884782,0
5,0.15,16,1,30,hanging_man,1761,-0.0888571841480636,0.0196717573278157,1.0,-0.0595683009238302,0.1704998310186032,0
5,0.15,16,1,30,inverted_hammer,1639,0.0162359746604247,-0.0049293233317871,1.0,-0.092651969770535,0.1821360776014765,0
5,0.15,16,1,30,morning_star,42,0.016848240693274,-0.0733724115911287,1.0,-0.4227217445103003,0.6980790741298779,0
5,0.15,16,1,30,piercing_line,184,0.0824128274568675,-0.048962701175618,1.0,-0.251717739964785,0.4162791872958644,0
5,0.15,16,1,30,shooting_star,1665,-0.1279124536492303,0.0202055691184101,1.0,-0.0484338474898162,0.1457863046369901,0
5,0.15,16,1,30,three_black_crows,19,-0.0702688431132171,0.1071681658761768,1.0,,,0
5,0.15,16,1,30,three_white_soldiers,22,-0.1475728876783294,-0.2320283568741636,1.0,,,0
5,0.15,16,1,30,tweezer_bottom,2964,0.120806207406787,0.079332062619524,0.02999700029997,0.0310426942863954,0.098579789729749,1
5,0.15,16,1,30,tweezer_top,3206,-0.0720203064187866,0.033544927567659,1.0,-0.012401231403117,0.094533271392594,0
5,0.15,16,6,30,bearish_engulfing,1599,-0.0810854783530983,0.039656253802386,1.0,-0.023221977296793,0.1299331810651895,0
5,0.15,16,6,30,bearish_harami,713,-0.0717591631425565,0.0248761106052126,1.0,-0.1081299491904929,0.2849246031979383,0
5,0.15,16,6,30,bearish_kicker,205,-0.1411809180461338,0.0732503964977229,1.0,-0.1149439342888328,0.3851745432354149,0
5,0.15,16,6,30,bullish_engulfing,1511,0.2420552273268504,0.2053014753624502,0.0083991600839916,0.1320039587339886,0.1510474964820677,1
5,0.15,16,6,30,bullish_harami,611,0.0710845863096118,0.0517702604824168,1.0,-0.1015014006100138,0.3113527904974084,0
5,0.15,16,6,30,bullish_kicker,199,0.0906603074755869,0.0055474622289986,1.0,-0.2200709431273567,0.4736486278287911,0
5,0.15,16,6,30,dark_cloud_cover,174,0.0006662653853566,0.0948959719207461,1.0,-0.1250282185725962,0.4614065879546999,0
5,0.15,16,6,30,dragonfly_doji,565,0.0991333057438778,0.0425688040974103,1.0,-0.0987065559149284,0.28914440855539,0
5,0.15,16,6,30,evening_star,46,-0.0680840243136183,-0.0851369620797996,1.0,-0.5508660052141847,0.9967162486375284,0
5,0.15,16,6,30,gravestone_doji,680,-0.1570502126131527,0.0421458840847801,1.0,-0.0814423808627192,0.2692614758645524,0
5,0.15,16,6,30,hammer,1546,0.0890167497600426,0.0325475339783626,1.0,-0.042894606660941,0.1548573729824868,0
5,0.15,16,6,30,hanging_man,1761,-0.0888571841480636,0.0088180114426215,1.0,-0.0737249562046132,0.1691580259522808,0
5,0.15,16,6,30,inverted_hammer,1639,0.0162359746604247,0.0004012863280234,1.0,-0.0892398865361343,0.1869246102304185,0
5,0.15,16,6,30,morning_star,42,0.016848240693274,-0.2979633112633466,1.0,-0.6791447145635663,0.7777501885124164,0
5,0.15,16,6,30,piercing_line,184,0.0824128274568675,0.0296315613993913,1.0,-0.199656267842752,0.4643019359444709,0
5,0.15,16,6,30,shooting_star,1665,-0.1279124536492303,0.013272618721059,1.0,-0.0483402169466299,0.1317352777654345,0
5,0.15,16,6,30,three_black_crows,19,-0.0702688431132171,0.1077663585798278,1.0,,,0
5,0.15,16,6,30,three_white_soldiers,22,-0.1475728876783294,-0.0994216940719804,1.0,,,0
5,0.15,16,6,30,tweezer_bottom,2964,0.120806207406787,0.0909630496323425,0.011998800119988,0.0419836625733209,0.1012672652106464,1
5,0.15,16,6,30,tweezer_top,3206,-0.0720203064187866,0.0566865229358359,0.6587341265873412,0.0072820647184009,0.1030906724504925,0
5,0.15,16,11,30,bearish_engulfing,1599,-0.0810854783530983,0.0159390310214287,1.0,-0.0454189679054192,0.1265151416991403,0
5,0.15,16,11,30,bearish_harami,713,-0.0717591631425565,-0.0023932877329142,1.0,-0.1297028685991538,0.2723046860325815,0
5,0.15,16,11,30,bearish_kicker,205,-0.1411809180461338,-0.0496928831979648,1.0,-0.2631641753156049,0.4395583629793252,0
5,0.15,16,11,30,bullish_engulfing,1511,0.2420552273268504,0.185299096552218,0.0083991600839916,0.1146822848077351,0.1456956173889894,1
5,0.15,16,11,30,bullish_harami,611,0.0710845863096118,0.0462333795086763,1.0,-0.1004280216209736,0.301242017092086,0
5,0.15,16,11,30,bullish_kicker,199,0.0906603074755869,0.1687296913391492,1.0,-0.0601565367494176,0.4848128872630287,0
5,0.15,16,11,30,dark_cloud_cover,174,0.0006662653853566,-0.0136377498439277,1.0,-0.2160538937711054,0.4310752684231154,0
5,0.15,16,11,30,dragonfly_doji,565,0.0991333057438778,0.0958590898334929,1.0,-0.0449078192492395,0.2962998637050169,0
5,0.15,16,11,30,evening_star,46,-0.0680840243136183,0.0515212880397223,1.0,-0.3838675491956038,0.943811772387186,0
5,0.15,16,11,30,gravestone_doji,680,-0.1570502126131527,0.0265250285556284,1.0,-0.0939249172791278,0.2601574400141628,0
5,0.15,16,11,30,hammer,1546,0.0890167497600426,0.0272333247850893,1.0,-0.053561780350525,0.1682522880378466,0
5,0.15,16,11,30,hanging_man,1761,-0.0888571841480636,0.0603523407357465,1.0,-0.0201851615163746,0.1704710857231256,0
5,0.15,16,11,30,inverted_hammer,1639,0.0162359746604247,-0.0608123606922017,1.0,-0.1467412979267349,0.1774660383271226,0
5,0.15,16,11,30,morning_star,42,0.016848240693274,-0.0959557747671831,1.0,-0.4682685142428053,0.7538389359784534,0
5,0.15,16,11,30,piercing_line,184,0.0824128274568675,0.101956162887931,1.0,-0.1238755386396067,0.4639832472745027,0
5,0.15,16,11,30,shooting_star,1665,-0.1279124536492303,-0.0026874468961664,1.0,-0.0802898261234338,0.1635009649660531,0
5,0.15,16,11,30,three_black_crows,19,-0.0702688431132171,0.1371309571770053,1.0,,,0
5,0.15,16,11,30,three_white_soldiers,22,-0.1475728876783294,-0.0357124652735093,1.0,,,0
5,0.15,16,11,30,tweezer_bottom,2964,0.120806207406787,0.0988069650571394,0.0083991600839916,0.0553929256551896,0.0908175138214526,1
5,0.15,16,11,30,tweezer_top,3206,-0.0720203064187866,0.0371385548921077,1.0,-0.0086667118605438,0.0955305790979661,0
