reward_multiple,max_hold_bars,pattern,interval,bias,kind,signals,trades,win_rate,expectancy_r,expectancy_r_gross,total_return_pct,profit_factor,sharpe_per_trade,max_drawdown_r,avg_bars_held,exit_mix,consistency,window_expectancy_r,stability,ci_low,ci_high,baseline_delta_r,verdict
1.0,5,random_long,1m,bull,control,14275,10442,0.40882972610610996,-0.24927386155316122,0.00235787482683708,-3.5756909317585817,0.47055610259222935,-0.3172709463118595,2603.6908663176655,2.9292281172189236,"{""session_end"": 0.006416395326565792, ""stop"": 0.237598161271787, ""target"": 0.2384600651216242, ""timeout"": 0.517525378280023}",0.13,"{""0"": -0.248564187065437, ""1"": -0.31029178343317426, ""2"": -0.24579947249096484, ""3"": -0.24042418519946387, ""4"": -0.19168291714861008, ""5"": -0.25992863999751814}",0.0,-0.2646387786750148,-0.23421778169298285,,NEGATIVE
1.0,5,random_short,1m,bear,control,14275,10399,0.3994614866814117,-0.2563155193572873,-0.00325538782605473,-3.632027847935247,0.4602156146693386,-0.3275552685598764,2667.201471570758,2.9147033368593136,"{""session_end"": 0.00634676411193384, ""stop"": 0.23492643523415713, ""target"": 0.24069622079046063, ""timeout"": 0.5180305798634484}",0.09,"{""0"": -0.242842177482197, ""1"": -0.29447445378781356, ""2"": -0.2734526105768058, ""3"": -0.24207818958630672, ""4"": -0.27388732660630466, ""5"": -0.21151591590367075}",0.0,-0.2719160933113186,-0.2415117529864686,,NEGATIVE
1.0,5,bullish_engulfing,1m,bull,pattern,3637,3195,0.39812206572769954,-0.17903721523331517,-0.005075312146675989,-1.0106125118318474,0.5068739941296034,-0.27659027328228025,573.4045713809005,3.5198748043818466,"{""session_end"": 0.006885758998435055, ""stop"": 0.13802816901408452, ""target"": 0.13333333333333333, ""timeout"": 0.7217527386541471}",0.21333333333333335,"{""0"": -0.19411554336735537, ""1"": -0.17816272088533158, ""2"": -0.21898623974247064, ""3"": -0.17213454019498886, ""4"": -0.14137762374974372, ""5"": -0.1746391816778513}",0.0,-0.2012884447587566,-0.15561736887715902,0.07023664631984605,NEGATIVE
1.0,5,bearish_engulfing,1m,bear,pattern,3558,3147,0.3952971083571655,-0.1632169699929127,0.013060776427604321,-0.8538608892151719,0.5328602778240845,-0.25590904639695355,514.2434631062148,3.526850969176994,"{""session_end"": 0.01334604385128694, ""stop"": 0.1261518906895456, ""target"": 0.14299332697807435, ""timeout"": 0.7175087384810931}",0.26421404682274247,"{""0"": -0.13544427475800433, ""1"": -0.16289984911601024, ""2"": -0.18776897714178245, ""3"": -0.2112968419618182, ""4"": -0.15511970869286668, ""5"": -0.12627998445578126}",0.0,-0.186080689580664,-0.1408618611026504,0.09309854936437459,NEGATIVE
1.0,5,bullish_harami,1m,bull,pattern,2376,2181,0.3878954607977992,-0.22937698011723515,-0.022359716313416295,-0.8309713990414715,0.4579108415396702,-0.32273005950891054,499.6878238874597,3.2471343420449337,"{""session_end"": 0.005502063273727648, ""stop"": 0.20082530949105915, ""target"": 0.1779000458505273, ""timeout"": 0.6157725813846859}",0.21843003412969283,"{""0"": -0.20866723336381215, ""1"": -0.285166558720368, ""2"": -0.20539888942606957, ""3"": -0.25763590227901867, ""4"": -0.14840881057121416, ""5"": -0.2786678394748971}",0.0,-0.26084245350577,-0.19950139971791664,0.019896881435926078,NEGATIVE
1.0,5,bearish_harami,1m,bear,pattern,2400,2201,0.3893684688777828,-0.2225005375616554,-0.0162347109828381,-0.8087679943628678,0.4786042519235945,-0.3101753262360157,490.6356213018641,3.2335302135393005,"{""session_end"": 0.00817810086324398, ""stop"": 0.19854611540208997, ""target"": 0.186278964107224, ""timeout"": 0.6069968196274421}",0.25,"{""0"": -0.28332195450578873, ""1"": -0.20765638182836782, ""2"": -0.27643153651694796, ""3"": -0.21698578675726146, ""4"": -0.14770761973527266, ""5"": -0.20289804541728645}",0.0,-0.2529064666307611,-0.1929051049167002,0.033814981795631915,NEGATIVE
1.0,5,piercing_line,1m,bull,pattern,407,401,0.34413965087281795,-0.26471813693062884,-0.07186194479250059,-0.18247303185201758,0.3779743612069568,-0.39685007491871227,108.68516605119504,3.4214463840399003,"{""session_end"": 0.0024937655860349127, ""stop"": 0.19950124688279303, ""target"": 0.1172069825436409, ""timeout"": 0.6807980049875312}",0.20833333333333334,"{""0"": -0.277604032448009, ""1"": -0.4085672077746984, ""2"": -0.26892384240770817, ""3"": -0.18687282886489676, ""4"": -0.23896648934487572, ""5"": -0.2174426201553245}",0.0,-0.3296534315912129,-0.1985571144457639,-0.01544427537746762,NEGATIVE
1.0,5,dark_cloud_cover,1m,bear,pattern,440,431,0.39443155452436196,-0.1748269706791167,0.0019957647628348813,-0.15423239095253105,0.5338838814685908,-0.2583127252037498,76.12438169732295,3.4037122969837585,"{""session_end"": 0.016241299303944315, ""stop"": 0.15777262180974477, ""target"": 0.17633410672853828, ""timeout"": 0.6496519721577726}",0.3269230769230769,"{""0"": -0.12327022062400979, ""1"": -0.29030878909445373, ""2"": -0.23135727327382288, ""3"": -0.09232686056639167, ""4"": -0.18301872871182653, ""5"": -0.15641171026788872}",0.0,-0.23679718078215026,-0.11123985652373257,0.0814885486781706,NEGATIVE
1.0,5,tweezer_bottom,1m,bull,pattern,12810,8785,0.39783722253841775,-0.19891868832016874,0.002993196210605599,-2.9303432263592404,0.49909022607225667,-0.28633199073189264,1746.3850804424542,3.338303927148549,"{""session_end"": 0.007626636311895276, ""stop"": 0.17165623221400114, ""target"": 0.17165623221400114, ""timeout"": 0.6490608992601025}",0.14333333333333334,"{""0"": -0.1968519339193595, ""1"": -0.24343373580772606, ""2"": -0.19411922185322053, ""3"": -0.1706263999858595, ""4"": -0.16287288073825973, ""5"": -0.22452207231514298}",0.0,-0.2138379461829732,-0.18426180960159508,0.05035517323299249,NEGATIVE
1.0,5,tweezer_top,1m,bear,pattern,12732,8765,0.3970336565887051,-0.19651595020745552,0.005308760310292633,-2.9127052714507715,0.49869157613840603,-0.28724157957131996,1725.447500349972,3.3498003422703935,"{""session_end"": 0.011180832857957786, ""stop"": 0.16349115801483172, ""target"": 0.17159155733029094, ""timeout"": 0.6537364517969195}",0.13333333333333333,"{""0"": -0.1833073957581882, ""1"": -0.21589537423326566, ""2"": -0.21377151167511724, ""3"": -0.19938291244507128, ""4"": -0.18641122361944948, ""5"": -0.1811626718196662}",0.0,-0.21126239753799386,-0.18172999555582886,0.05979956914983178,NEGATIVE
1.0,5,bullish_kicker,1m,bull,pattern,532,513,0.341130604288499,-0.21493305771910043,0.037235583148809544,-0.19240732942620362,0.3910896598215567,-0.37392141402831836,110.20404425093548,3.7777777777777777,"{""session_end"": 0.001949317738791423, ""stop"": 0.07407407407407407, ""target"": 0.09161793372319688, ""timeout"": 0.8323586744639376}",0.15584415584415584,"{""0"": -0.1577604433672728, ""1"": -0.300479190078309, ""2"": -0.2512346279415429, ""3"": -0.19534812325713613, ""4"": -0.09163643578808667, ""5"": -0.2351908914681666}",0.0,-0.2646681537040042,-0.16559220921042908,0.034340803834060796,NEGATIVE
1.0,5,bearish_kicker,1m,bear,pattern,571,553,0.30560578661844484,-0.26735576010780704,-0.015050960076600579,-0.2906209681598898,0.3029459239611214,-0.4777812002194065,147.73139212498808,3.755877034358047,"{""stop"": 0.0867992766726944, ""target"": 0.08860759493670886, ""timeout"": 0.8245931283905967}",0.17721518987341772,"{""0"": -0.29513946317448353, ""1"": -0.3223698100086537, ""2"": -0.23132029637033436, ""3"": -0.23722763108073058, ""4"": -0.3051182596072414, ""5"": -0.19862597462307785}",0.0,-0.3159260716820628,-0.22032997206697563,-0.011040240750519736,NEGATIVE
1.0,5,hammer,1m,bull,pattern,4306,3575,0.3972027972027972,-0.23250289922749776,-0.010460889763321697,-1.316487729651532,0.4727438102487931,-0.3159531125391442,832.6389437427102,3.1737062937062936,"{""session_end"": 0.009230769230769232, ""stop"": 0.2123076923076923, ""target"": 0.20195804195804196, ""timeout"": 0.5765034965034965}",0.17666666666666667,"{""0"": -0.2210934961621384, ""1"": -0.26617551265417666, ""2"": -0.22491151520425937, ""3"": -0.2807941077746007, ""4"": -0.17352628596083286, ""5"": -0.22735374132389394}",0.0,-0.25582596269631835,-0.20810087653557227,0.01677096232566347,NEGATIVE
1.0,5,hanging_man,1m,bear,pattern,4264,3628,0.39691289966923926,-0.31224519065579254,-0.02586024615520674,-1.3135193646491354,0.4228282899281093,-0.3719135117934698,1131.3994228263332,2.570286659316428,"{""session_end"": 0.006890848952590959, ""stop"": 0.29906284454244764, ""target"": 0.2803197353914002, ""timeout"": 0.4137265711135612}",0.13666666666666666,"{""0"": -0.33876488671857824, ""1"": -0.3284717217446713, ""2"": -0.3084117951257064, ""3"": -0.2591915449622035, ""4"": -0.3285325012221268, ""5"": -0.3031460566053792}",0.0,-0.3396142778014513,-0.2836423288864046,-0.055929671298505235,NEGATIVE
1.0,5,inverted_hammer,1m,bull,pattern,4127,3515,0.4139402560455192,-0.29491397216721055,-0.0016796141337884843,-1.2426535667586185,0.4501699948410934,-0.34536066855229536,1038.0809872597079,2.501280227596017,"{""session_end"": 0.005405405405405406, ""stop"": 0.30412517780938836, ""target"": 0.29701280227596016, ""timeout"": 0.39345661450924607}",0.1806020066889632,"{""0"": -0.24540606044634453, ""1"": -0.34176462074551994, ""2"": -0.26459867093847766, ""3"": -0.2951803832419734, ""4"": -0.25795497535914114, ""5"": -0.35854243802486263}",0.0,-0.3249297357377272,-0.26768203189096423,-0.04564011061404932,NEGATIVE
1.0,5,shooting_star,1m,bear,pattern,4020,3336,0.39388489208633093,-0.21907346275232617,0.005060254424877797,-1.072174505414946,0.48863889506750374,-0.2991083664726443,731.595645892881,3.178357314148681,"{""session_end"": 0.009292565947242206, ""stop"": 0.19394484412470023, ""target"": 0.20473621103117506, ""timeout"": 0.5920263788968825}",0.22742474916387959,"{""0"": -0.2524906097506955, ""1"": -0.23338319884825834, ""2"": -0.19310102653747843, ""3"": -0.18518391403624054, ""4"": -0.18728237624246802, ""5"": -0.26278349119650274}",0.0,-0.24213760073374035,-0.19349798740222615,0.03724205660496113,NEGATIVE
1.0,5,dragonfly_doji,1m,bull,pattern,1283,1196,0.41471571906354515,-0.2087019407601,0.03030480550391792,-0.3734048308347962,0.5028355807603038,-0.2869201179074913,251.14193062436607,3.2123745819397995,"{""session_end"": 0.008361204013377926, ""stop"": 0.19147157190635453, ""target"": 0.205685618729097, ""timeout"": 0.5944816053511706}",0.3094170403587444,"{""0"": -0.1987753222798253, ""1"": -0.1985980311744036, ""2"": -0.19817546029368746, ""3"": -0.27705687214042063, ""4"": -0.16660686531179608, ""5"": -0.2183653283604735}",0.0,-0.2512071464956263,-0.16955906358826028,0.04057192079306121,NEGATIVE
1.0,5,gravestone_doji,1m,bear,pattern,1208,1119,0.3726541554959786,-0.240198568697874,-0.013454741028602724,-0.39728070732364573,0.4565605682723683,-0.3306468068068573,268.9163998116461,3.214477211796247,"{""session_end"": 0.006255585344057194, ""stop"": 0.19213583556747096, ""target"": 0.20196604110813227, ""timeout"": 0.5996425379803396}",0.2688679245283019,"{""0"": -0.24598988900890054, ""1"": -0.2856257559413054, ""2"": -0.16172679588661232, ""3"": -0.20215279450239676, ""4"": -0.23035058187815124, ""5"": -0.3286097246354124}",0.0,-0.28107870338933,-0.19793560096182042,0.016116950659413293,NEGATIVE
1.0,5,morning_star,1m,bull,pattern,149,146,0.4383561643835616,-0.12785809176008706,0.03893396687429659,-0.03214175790242212,0.6117386557974737,-0.19618512962702075,20.859512810651616,3.547945205479452,"{""session_end"": 0.00684931506849315, ""stop"": 0.1232876712328767, ""target"": 0.1643835616438356, ""timeout"": 0.7054794520547946}",0.5,"{""1"": -0.1271342776217508}",,-0.2308188568280915,-0.01858384095223278,0.12141576979307417,NEGATIVE
1.0,5,evening_star,1m,bear,pattern,133,132,0.4166666666666667,-0.0978309816420568,0.06860249654556884,-0.01716954598833669,0.6455979976066929,-0.17831364663814406,16.730639957250794,3.772727272727273,"{""stop"": 0.045454545454545456, ""target"": 0.09848484848484848, ""timeout"": 0.8560606060606061}",0.25,{},,-0.1883555167101687,-0.004963342624621465,0.15848453771523052,NEGATIVE
1.0,5,three_white_soldiers,1m,bull,pattern,77,70,0.42857142857142855,-0.05853906361424737,0.05479276083310144,-0.018525618592264356,0.6614173532545289,-0.15727009868727126,5.090819193813899,3.942857142857143,"{""stop"": 0.014285714285714285, ""target"": 0.02857142857142857, ""timeout"": 0.9571428571428572}",,{},,-0.15030448508893549,0.026979871799193523,0.19073479793891385,NOISE
1.0,5,three_black_crows,1m,bear,pattern,92,88,0.3977272727272727,-0.12428642962356208,-0.014918615591538047,-0.0267460380357919,0.47808826967654555,-0.27369452206548023,11.18832634066957,3.8863636363636362,"{""session_end"": 0.011363636363636364, ""stop"": 0.03409090909090909, ""target"": 0.045454545454545456, ""timeout"": 0.9090909090909091}",0.0,{},,-0.21628641907151663,-0.030597549675067563,0.13202908973372524,NEGATIVE
1.0,20,random_long,1m,bull,control,14275,7822,0.4743032472513424,-0.2578091204845967,-0.005171658186455389,-2.8271556586775475,0.5673790776744951,-0.2638918985338979,2017.3561444100808,6.510611096906162,"{""session_end"": 0.012528765021733572, ""stop"": 0.44208642290974176, ""target"": 0.4350549731526464, ""timeout"": 0.11032983891587829}",0.17666666666666667,"{""0"": -0.25742127692264277, ""1"": -0.32516286617835477, ""2"": -0.24787734116561636, ""3"": -0.2566626472952144, ""4"": -0.18926993313711424, ""5"": -0.2671194960890342}",0.0,-0.2785890025498443,-0.23645831905683262,,NEGATIVE
1.0,20,random_short,1m,bear,control,14275,7761,0.46875402654297127,-0.2689103501614192,-0.014513354493021791,-2.930952039083907,0.5530995568815931,-0.27648898659297916,2086.6341608519633,6.597603401623502,"{""session_end"": 0.012240690632650432, ""stop"": 0.44233990465146245, ""target"": 0.43241850277026156, ""timeout"": 0.11300090194562556}",0.15,"{""0"": -0.2665867492808216, ""1"": -0.2746919376296823, ""2"": -0.2985159284645633, ""3"": -0.24671083390426934, ""4"": -0.2989736143689275, ""5"": -0.2288880287518459}",0.0,-0.2903559418985888,-0.24755388711824589,,NEGATIVE
1.0,20,bullish_engulfing,1m,bull,pattern,3637,2696,0.4684718100890208,-0.1751497936740367,-0.0028997851442360196,-0.8453577658183412,0.6575240667648239,-0.19352951387177647,472.88083811847747,10.032640949554896,"{""session_end"": 0.01669139465875371, ""stop"": 0.375, ""target"": 0.3694362017804154, ""timeout"": 0.23887240356083086}",0.28,"{""0"": -0.16988797049339574, ""1"": -0.22193574788955062, ""2"": -0.19129678946910686, ""3"": -0.16046707520311776, ""4"": -0.10571385487061767, ""5"": -0.20123736561651903}",0.0,-0.21061133677840316,-0.14325405888235157,0.08265932681055999,NEGATIVE
1.0,20,bearish_engulfing,1m,bear,pattern,3558,2652,0.472473604826546,-0.1617924124405906,0.012839778015064363,-0.7237015920361023,0.6758567927823915,-0.18032695248001324,432.2143479271332,10.116138763197586,"{""session_end"": 0.0222473604826546, ""stop"": 0.3627450980392157, ""target"": 0.37481146304675717, ""timeout"": 0.24019607843137256}",0.2976588628762542,"{""0"": -0.1474691582562441, ""1"": -0.14032396579247639, ""2"": -0.18024019957176288, ""3"": -0.16717360119337754, ""4"": -0.19673609887245017, ""5"": -0.13665652863952432}",0.0,-0.1953913818073724,-0.12673952444251377,0.10711793772082859,NEGATIVE
1.0,20,bullish_harami,1m,bull,pattern,2376,1962,0.46381243628950053,-0.23993950680278042,-0.03058134458133888,-0.8042554434737834,0.5780611678136306,-0.2553268962537383,472.92648889911476,8.276758409785932,"{""session_end"": 0.012232415902140673, ""stop"": 0.43119266055045874, ""target"": 0.3904179408766565, ""timeout"": 0.16615698267074414}",0.28719723183391005,"{""0"": -0.19723134542423368, ""1"": -0.29253823384246175, ""2"": -0.26711029502030537, ""3"": -0.24619948976739042, ""4"": -0.16671798736933996, ""5"": -0.2780157089466268}",0.0,-0.28266124852146524,-0.1982077634264918,0.017869613681816277,NEGATIVE
1.0,20,bearish_harami,1m,bear,pattern,2400,1998,0.45795795795795796,-0.23997985779956055,-0.033963035587946645,-0.8005893549699677,0.5828952415192634,-0.2542662032817843,482.0394235513214,8.04904904904905,"{""session_end"": 0.018518518518518517, ""stop"": 0.43493493493493496, ""target"": 0.4034034034034034, ""timeout"": 0.14314314314314314}",0.27335640138408307,"{""0"": -0.3082016327608166, ""1"": -0.21612578853312847, ""2"": -0.2737069317348917, ""3"": -0.2017615641066288, ""4"": -0.23218931334081006, ""5"": -0.20303787754586902}",0.0,-0.2802463396635047,-0.1994147189648767,0.02893049236185863,NEGATIVE
1.0,20,piercing_line,1m,bull,pattern,407,385,0.44935064935064933,-0.243846501507065,-0.05095079886086041,-0.1653415167831618,0.5537707986501041,-0.27050169835369126,98.06692758443982,9.503896103896103,"{""session_end"": 0.015584415584415584, ""stop"": 0.4103896103896104, ""target"": 0.35064935064935066, ""timeout"": 0.22337662337662337}",0.35555555555555557,"{""0"": -0.28239098210173946, ""1"": -0.3270829977684565, ""2"": -0.33589729922861133, ""3"": -0.1812662596176137, ""4"": -0.12518471892840347, ""5"": -0.19947359734703868}",0.0,-0.33280533516977323,-0.15442697097973057,0.013962618977531704,NEGATIVE
1.0,20,dark_cloud_cover,1m,bear,pattern,440,423,0.475177304964539,-0.16241801788863783,0.015000349961011399,-0.12953316183095456,0.6852695013709346,-0.17623604007546959,70.22169214426319,9.049645390070921,"{""session_end"": 0.026004728132387706, ""stop"": 0.3806146572104019, ""target"": 0.40189125295508277, ""timeout"": 0.19148936170212766}",0.38,"{""0"": -0.04836324098769038, ""1"": -0.28870482121518043, ""2"": -0.18395301886760754, ""3"": -0.04562111260040322, ""4"": -0.2324965679310022, ""5"": -0.2031167887450047}",0.0,-0.2525997935095017,-0.07386802356612501,0.10649233227278135,NEGATIVE
1.0,20,tweezer_bottom,1m,bull,pattern,12810,6044,0.4753474520185308,-0.18995390408028012,0.009385990634932107,-2.0297758190326367,0.6432747509984956,-0.20459679239559614,1148.6990924143943,8.63368630046327,"{""session_end"": 0.018034414295168763, ""stop"": 0.3939444076770351, ""target"": 0.40254798146922566, ""timeout"": 0.18547319655857047}",0.23666666666666666,"{""0"": -0.1936179751345518, ""1"": -0.2596676432546867, ""2"": -0.18161256870625814, ""3"": -0.16524060862094425, ""4"": -0.10232743468700552, ""5"": -0.2293625408235663}",0.0,-0.21269921500072755,-0.164586667271647,0.06785521640431658,NEGATIVE
1.0,20,tweezer_top,1m,bear,pattern,12732,5931,0.4700725004215141,-0.19496658300908382,0.002923219956446097,-2.026344318315171,0.6343793603929685,-0.21136779781968523,1160.0506447785824,8.70257966616085,"{""session_end"": 0.02259315461136402, ""stop"": 0.39200809307030854, ""target"": 0.3979092901702917, ""timeout"": 0.18748946214803575}",0.22,"{""0"": -0.1969702863261453, ""1"": -0.20495649235692842, ""2"": -0.2270314062067744, ""3"": -0.18170632235669665, ""4"": -0.18410585558616108, ""5"": -0.1763937219387263}",0.0,-0.21793809798826846,-0.17212964495629612,0.07394376715233536,NEGATIVE
1.0,20,bullish_kicker,1m,bull,pattern,532,470,0.44893617021276594,-0.21676725414846013,0.033698523967130266,-0.1758602460923891,0.5644416901881968,-0.2546770796284789,104.6140274569004,12.248936170212765,"{""session_end"": 0.006382978723404255, ""stop"": 0.2978723404255319, ""target"": 0.33617021276595743, ""timeout"": 0.3595744680851064}",0.2191780821917808,"{""0"": -0.05867842995692995, ""1"": -0.30879166609253217, ""2"": -0.26581072638815073, ""3"": -0.2973726153203028, ""4"": -0.09765425624835064, ""5"": -0.24608455310285682}",0.0,-0.2899958237619669,-0.1398082295374873,0.04104186633613657,NEGATIVE
1.0,20,bearish_kicker,1m,bear,pattern,571,496,0.40725806451612906,-0.2886804426273707,-0.040858441602036305,-0.28701530942088693,0.46816738915598666,-0.34101064264927644,147.03057190204197,12.294354838709678,"{""session_end"": 0.008064516129032258, ""stop"": 0.32056451612903225, ""target"": 0.3024193548387097, ""timeout"": 0.3689516129032258}",0.2702702702702703,"{""0"": -0.3405159564911292, ""1"": -0.36528412781212016, ""2"": -0.3063741653250706, ""3"": -0.2077956196838872, ""4"": -0.22985056629796743, ""5"": -0.2422508415714976}",0.0,-0.36241417658820974,-0.21475697283200354,-0.019770092465951516,NEGATIVE
1.0,20,hammer,1m,bull,pattern,4306,3124,0.469910371318822,-0.236060387933642,-0.014011945147700398,-1.187461373378704,0.5879342330843937,-0.2491487114483577,738.0684458497584,7.675096030729834,"{""session_end"": 0.013764404609475032, ""stop"": 0.4292573623559539, ""target"": 0.4142125480153649, ""timeout"": 0.14276568501920614}",0.25666666666666665,"{""0"": -0.24422373002585201, ""1"": -0.2679670541593354, ""2"": -0.22078567263694504, ""3"": -0.2933455074719653, ""4"": -0.1743856044871788, ""5"": -0.21554537685131828}",0.0,-0.2694978739892921,-0.2040990168166104,0.02174873255095469,NEGATIVE
1.0,20,hanging_man,1m,bear,pattern,4264,3271,0.4671354325894222,-0.3191854524588046,-0.029507416172756363,-1.2250588191661371,0.5034435279984605,-0.32026156198204914,1042.629486119867,5.280648119841027,"{""session_end"": 0.011311525527361662, ""stop"": 0.4735554876184653, ""target"": 0.44420666462855396, ""timeout"": 0.07092632222561908}",0.20333333333333334,"{""0"": -0.36628340700744016, ""1"": -0.35124541728708314, ""2"": -0.3017626301784517, ""3"": -0.23193601097741276, ""4"": -0.34878966461084393, ""5"": -0.3020266128147991}",0.0,-0.3532099354757303,-0.2846402811217532,-0.05027510229738541,NEGATIVE
1.0,20,inverted_hammer,1m,bull,pattern,4127,3216,0.47885572139303484,-0.3026059178972183,-0.00769240906148156,-1.1674892561922203,0.5248583444603762,-0.30111915279382784,975.3854357629052,5.089241293532338,"{""session_end"": 0.007151741293532339, ""stop"": 0.46828358208955223, ""target"": 0.46050995024875624, ""timeout"": 0.0640547263681592}",0.18394648829431437,"{""0"": -0.23103449738395845, ""1"": -0.36672061652250487, ""2"": -0.25028518189358745, ""3"": -0.3044771189439772, ""4"": -0.24041360167502743, ""5"": -0.4081626070741484}",0.0,-0.33612978566815355,-0.26904590637168263,-0.0447967974126216,NEGATIVE
1.0,20,shooting_star,1m,bear,pattern,4020,2912,0.47115384615384615,-0.22847441171456925,-0.00559217852447785,-0.9882344501601528,0.599791146946505,-0.23967120884233006,666.0840610639445,7.7764423076923075,"{""session_end"": 0.016140109890109892, ""stop"": 0.4217032967032967, ""target"": 0.4254807692307692, ""timeout"": 0.13667582417582416}",0.26262626262626265,"{""0"": -0.3104982139958057, ""1"": -0.20596910464933477, ""2"": -0.2037066993726036, ""3"": -0.17298563957698104, ""4"": -0.2214321580163201, ""5"": -0.25645796900248496}",0.0,-0.26356228286976596,-0.19474694999357206,0.04043593844684992,NEGATIVE
1.0,20,dragonfly_doji,1m,bull,pattern,1283,1131,0.493368700265252,-0.20772401174757993,0.0331620009963953,-0.36793868767852617,0.6235557964977214,-0.21934572013871462,237.18804102243107,7.99027409372237,"{""session_end"": 0.010610079575596816, ""stop"": 0.40671971706454463, ""target"": 0.4305923961096375, ""timeout"": 0.15207780725022105}",0.35185185185185186,"{""0"": -0.21492137159682073, ""1"": -0.19081129297927213, ""2"": -0.17309044984420163, ""3"": -0.30418267827520923, ""4"": -0.1914042110578835, ""5"": -0.18493407640498438}",0.0,-0.26190289882025075,-0.1541370867211616,0.05008510873701677,NEGATIVE
1.0,20,gravestone_doji,1m,bear,pattern,1208,1056,0.4725378787878788,-0.23389758318816303,-0.008209790518568962,-0.369546978337414,0.5887817080342092,-0.2470807195585674,247.77132059378332,8.110795454545455,"{""session_end"": 0.01231060606060606, ""stop"": 0.42140151515151514, ""target"": 0.41382575757575757, ""timeout"": 0.15246212121212122}",0.3155339805825243,"{""0"": -0.3096766548196348, ""1"": -0.31432429212002955, ""2"": -0.1189707309775103, ""3"": -0.13202075285870743, ""4"": -0.24740652529365106, ""5"": -0.2949409548136597}",0.0,-0.28805658930103417,-0.17791911571826208,0.03501276697325614,NEGATIVE
1.0,20,morning_star,1m,bull,pattern,149,146,0.4931506849315068,-0.08895145360423523,0.07483527345006959,-0.018504964152965875,0.8051591808300013,-0.09912243286772193,18.147414079844943,10.863013698630137,"{""session_end"": 0.00684931506849315, ""stop"": 0.3150684931506849, ""target"": 0.3767123287671233, ""timeout"": 0.3013698630136986}",0.25,"{""1"": -0.04971908099351526}",,-0.2361575463647338,0.0550994482317753,0.16885766688036147,NOISE
1.0,20,evening_star,1m,bear,pattern,133,131,0.42748091603053434,-0.196498053134347,-0.029639393425789667,-0.059138556053715596,0.6088304764077282,-0.2244566955895159,27.109283558111233,11.893129770992367,"{""session_end"": 0.007633587786259542, ""stop"": 0.33587786259541985, ""target"": 0.3053435114503817, ""timeout"": 0.3511450381679389}",0.5,{},,-0.34747095729237115,-0.03984515239974979,0.07241229702707216,NEGATIVE
1.0,20,three_white_soldiers,1m,bull,pattern,77,70,0.5142857142857142,0.0256934395632257,0.1391691410173812,0.0020284334387785036,1.0903342303387646,0.03663469439892979,4.376341575355301,16.085714285714285,"{""session_end"": 0.014285714285714285, ""stop"": 0.12857142857142856, ""target"": 0.22857142857142856, ""timeout"": 0.6285714285714286}",,{},,-0.13586494646210232,0.1942571064402808,0.28350256004782237,NOISE
1.0,20,three_black_crows,1m,bear,pattern,92,88,0.3409090909090909,-0.22883115515322697,-0.11790560745997122,-0.0683786841656394,0.4657116731906169,-0.32496210545954635,20.855909748846244,15.136363636363637,"{""session_end"": 0.022727272727272728, ""stop"": 0.20454545454545456, ""target"": 0.19318181818181818, ""timeout"": 0.5795454545454546}",0.0,{},,-0.37334251263650453,-0.07661585894459513,0.04007919500819221,NEGATIVE
1.0,60,random_long,1m,bull,control,14275,7193,0.4899207562908383,-0.25708212144604076,-0.0036158559635030307,-2.579529939218072,0.5886267642234413,-0.25248297369284833,1849.964903540938,7.766578618100931,"{""session_end"": 0.014458501320728486, ""stop"": 0.4890866119838732, ""target"": 0.48547198665369107, ""timeout"": 0.010982900041707216}",0.19,"{""0"": -0.25639730887654333, ""1"": -0.3245382494094014, ""2"": -0.24548696522071828, ""3"": -0.2653132048475244, ""4"": -0.17661324937501507, ""5"": -0.269361604009383}",0.0,-0.28115016878384863,-0.2339049943918187,,NEGATIVE
1.0,60,random_short,1m,bear,control,14275,7192,0.48484427141268077,-0.27109554332826313,-0.015107356151757,-2.769233206876485,0.5712958686407476,-0.26718543000046013,1949.2894068294258,7.760567296996663,"{""session_end"": 0.013904338153503892, ""stop"": 0.4955506117908788, ""target"": 0.4809510567296997, ""timeout"": 0.009593993325917686}",0.15666666666666668,"{""0"": -0.27727040525652286, ""1"": -0.2683452024664467, ""2"": -0.2936489302005763, ""3"": -0.2421390950211805, ""4"": -0.30554995778250377, ""5"": -0.23937269799248462}",0.0,-0.29335929937262784,-0.24719396134319901,,NEGATIVE
1.0,60,bullish_engulfing,1m,bull,pattern,3637,2465,0.4872210953346856,-0.1862280746327707,-0.01328231274724997,-0.8449788293375623,0.6784352690346609,-0.18781961486814086,459.88607427200833,13.769168356997971,"{""session_end"": 0.02150101419878296, ""stop"": 0.48032454361054766, ""target"": 0.4665314401622718, ""timeout"": 0.031643002028397565}",0.29,"{""0"": -0.16789460542380033, ""1"": -0.2363390473529759, ""2"": -0.23830814947186696, ""3"": -0.16293836496751177, ""4"": -0.11425648240014877, ""5"": -0.20155174485687763}",0.0,-0.22546724529190407,-0.14753438169154132,0.07085404681327007,NEGATIVE
1.0,60,bearish_engulfing,1m,bear,pattern,3558,2423,0.4985555096987206,-0.15792586328675323,0.015670953534630057,-0.6518707105524538,0.7181115683666297,-0.15998844203171034,386.8255173884758,13.66240198101527,"{""session_end"": 0.02765167148163434, ""stop"": 0.46264960792406107, ""target"": 0.4803962030540652, ""timeout"": 0.029302517540239374}",0.32550335570469796,"{""0"": -0.15565484114483297, ""1"": -0.09921239812471179, ""2"": -0.1658946005226213, ""3"": -0.16226066190073377, ""4"": -0.2128006194197798, ""5"": -0.14611553294526516}",0.0,-0.1965563050569456,-0.11820784815400139,0.1131696800415099,NEGATIVE
1.0,60,bullish_harami,1m,bull,pattern,2376,1887,0.48171701112877585,-0.23657433447287235,-0.02642644926938863,-0.7636044116771717,0.6123675482660912,-0.23684208308289179,449.6298194624366,10.573396926338102,"{""session_end"": 0.01483836777954425, ""stop"": 0.4965553789083201, ""target"": 0.46793852676205616, ""timeout"": 0.02066772655007949}",0.3194444444444444,"{""0"": -0.21151478037870775, ""1"": -0.2677451089228332, ""2"": -0.26957215919715183, ""3"": -0.2368882784541, ""4"": -0.16198541375077355, ""5"": -0.27991977107966676}",0.0,-0.28266815640330206,-0.19111518299720048,0.020507786973168407,NEGATIVE
1.0,60,bearish_harami,1m,bear,pattern,2400,1931,0.4754013464526152,-0.2464515848936621,-0.04096748826092673,-0.7987427452680971,0.6001876873192983,-0.24727130067666525,478.49305082411865,10.044536509580528,"{""session_end"": 0.02019678922837908, ""stop"": 0.5033661315380632, ""target"": 0.4640082858622475, ""timeout"": 0.012428793371310202}",0.2847222222222222,"{""0"": -0.2992363211525667, ""1"": -0.22735952212519184, ""2"": -0.28501939767169443, ""3"": -0.21521900914531272, ""4"": -0.23289726268930092, ""5"": -0.21528813871484648}",0.0,-0.2901909118887126,-0.2027250546250417,0.024643958434601043,NEGATIVE
1.0,60,piercing_line,1m,bull,pattern,407,379,0.47229551451187335,-0.24211991516762416,-0.050003942601286884,-0.16190808184114472,0.5999380161907476,-0.24615065194178667,97.27123425306762,13.430079155672823,"{""session_end"": 0.018469656992084433, ""stop"": 0.49604221635883905, ""target"": 0.44591029023746703, ""timeout"": 0.0395778364116095}",0.325,"{""0"": -0.29568492023326554, ""1"": -0.2596984911811729, ""2"": -0.3404923353320028, ""3"": -0.1627005702275634, ""4"": -0.1951059198443405, ""5"": -0.18706138942247783}",0.0,-0.34205068093433444,-0.14625513446302232,0.014962206278416601,NEGATIVE
1.0,60,dark_cloud_cover,1m,bear,pattern,440,417,0.5107913669064749,-0.14027067951388195,0.03680016061487554,-0.10882580426367452,0.7464515087847109,-0.14114605297358088,61.40548094782657,11.832134292565947,"{""session_end"": 0.02877697841726619, ""stop"": 0.4556354916067146, ""target"": 0.49640287769784175, ""timeout"": 0.019184652278177457}",0.4,"{""0"": -0.029959496232496267, ""1"": -0.31185353177383823, ""2"": -0.2519043287742773, ""3"": -0.0329721871311611, ""4"": -0.17354499547961205, ""5"": -0.0658628191192034}",0.0,-0.23390991439075248,-0.04476323653727358,0.1308248638143812,NEGATIVE
1.0,60,tweezer_bottom,1m,bull,pattern,12810,5301,0.49613280513110736,-0.19214878614364345,0.007149442122632928,-1.8545930298043973,0.6702866177986616,-0.19274634063272714,1020.171162535532,11.154121863799283,"{""session_end"": 0.020939445387662705, ""stop"": 0.4744387851348802, ""target"": 0.4816072439162422, ""timeout"": 0.023014525561214864}",0.27,"{""0"": -0.18983243013231962, ""1"": -0.25597502726145066, ""2"": -0.19545723319339314, ""3"": -0.17126958135379425, ""4"": -0.0958927235486101, ""5"": -0.23648445800740353}",0.0,-0.21838171568331094,-0.16384957537468872,0.06493333530239731,NEGATIVE
1.0,60,tweezer_top,1m,bear,pattern,12732,5250,0.49714285714285716,-0.18667783965850948,0.009578724294576142,-1.7530379647913077,0.6767931880392515,-0.18809093813114383,983.8643167270274,11.119809523809524,"{""session_end"": 0.02666666666666667, ""stop"": 0.4704761904761905, ""target"": 0.4819047619047619, ""timeout"": 0.02095238095238095}",0.25333333333333335,"{""0"": -0.1948013414920336, ""1"": -0.20466273143649202, ""2"": -0.22130092419461395, ""3"": -0.15821838022052792, ""4"": -0.17726148306799164, ""5"": -0.16542249539022164}",0.0,-0.21171591733688935,-0.15890737988167175,0.08441770366975365,NEGATIVE
1.0,60,bullish_kicker,1m,bull,pattern,532,436,0.5068807339449541,-0.19593143155143927,0.05341521863338244,-0.1481888333479243,0.6550170116282109,-0.19978187488650326,95.48763284641862,18.65137614678899,"{""session_end"": 0.011467889908256881, ""stop"": 0.43577981651376146, ""target"": 0.481651376146789, ""timeout"": 0.07110091743119266}",0.34285714285714286,"{""0"": 0.06199230531881737, ""1"": -0.2776886592769296, ""2"": -0.26464875558526085, ""3"": -0.34495937603356636, ""4"": -0.09967896590590083, ""5"": -0.2551559143648855}",0.16666666666666666,-0.28559109549068973,-0.1035041971140497,0.061150689894601484,NEGATIVE
1.0,60,bearish_kicker,1m,bear,pattern,571,466,0.47639484978540775,-0.26716931052653353,-0.01998662999907912,-0.2594446111798781,0.5675315423565327,-0.2710090796478,127.05606796659761,18.21244635193133,"{""session_end"": 0.01072961373390558, ""stop"": 0.48068669527896996, ""target"": 0.4656652360515021, ""timeout"": 0.04291845493562232}",0.25757575757575757,"{""0"": -0.29035681800805835, ""1"": -0.3915744142095458, ""2"": -0.16249316125802007, ""3"": -0.2099642211607747, ""4"": -0.282282053147724, ""5"": -0.20917285479972084}",0.0,-0.3530344685313835,-0.1771065501802026,0.003926232801729601,NEGATIVE
1.0,60,hammer,1m,bull,pattern,4306,2965,0.4893760539629005,-0.2314893830416715,-0.009429590648852475,-1.1179955347663555,0.6181428296474204,-0.23170482647430432,686.9818146636167,9.504553119730186,"{""session_end"": 0.01517706576728499, ""stop"": 0.48903878583473864, ""target"": 0.47858347386172007, ""timeout"": 0.017200674536256323}",0.27,"{""0"": -0.23329668393241318, ""1"": -0.27147933210433145, ""2"": -0.22699699325186587, ""3"": -0.2661567309496159, ""4"": -0.1741532973421283, ""5"": -0.2168883821693086}",0.0,-0.26813807189644656,-0.19690541816704596,0.025592738404369264,NEGATIVE
1.0,60,hanging_man,1m,bear,pattern,4264,3193,0.47886000626370184,-0.31871811354149243,-0.027677464865127198,-1.1992320432489074,0.5183936269021187,-0.31146549099973586,1016.2408076651012,6.0469777638584405,"{""session_end"": 0.012214218603194488, ""stop"": 0.5042279987472597, ""target"": 0.47760726589414343, ""timeout"": 0.005950516755402443}",0.22,"{""0"": -0.355149785475297, ""1"": -0.3416798687984728, ""2"": -0.2992214247154506, ""3"": -0.22916443590712915, ""4"": -0.35950539313202945, ""5"": -0.3120838681670572}",0.0,-0.35589396915218147,-0.2821763538700678,-0.0476225702132293,NEGATIVE
1.0,60,inverted_hammer,1m,bull,pattern,4127,3149,0.48745633534455385,-0.30672783390346964,-0.010577228811423494,-1.1663035921946958,0.5321896910107893,-0.2984635230436993,968.0907527674769,5.695458875833598,"{""session_end"": 0.00825658939345824, ""stop"": 0.49857097491267066, ""target"": 0.4880914576055891, ""timeout"": 0.0050809780882819944}",0.21476510067114093,"{""0"": -0.23302783740713878, ""1"": -0.36567357294817143, ""2"": -0.26968410547472393, ""3"": -0.303318831151976, ""4"": -0.2391451312380458, ""5"": -0.4141710622841284}",0.0,-0.3407698746498977,-0.27259919126608073,-0.04964571245742888,NEGATIVE
1.0,60,shooting_star,1m,bear,pattern,4020,2785,0.4951526032315978,-0.22466066017444883,-0.0007152075408929917,-0.9525797521315105,0.6276843469014567,-0.22396000947385225,626.4465127369585,9.548294434470376,"{""session_end"": 0.01867145421903052, ""stop"": 0.48402154398563735, ""target"": 0.48509874326750446, ""timeout"": 0.012208258527827648}",0.2727272727272727,"{""0"": -0.29577960706353806, ""1"": -0.2063343925813175, ""2"": -0.22876997572326474, ""3"": -0.17032211988929633, ""4"": -0.2169560297403154, ""5"": -0.23267985396863988}",0.0,-0.2614607391581744,-0.18780754036189556,0.046434883153814305,NEGATIVE
1.0,60,dragonfly_doji,1m,bull,pattern,1283,1109,0.5130748422001803,-0.2097982153539667,0.03172629855918626,-0.36589686911533714,0.6446288866494669,-0.20970570568454647,234.91840456346728,10.218214607754733,"{""session_end"": 0.011722272317403066, ""stop"": 0.47069431920649235, ""target"": 0.5004508566275925, ""timeout"": 0.017132551848512173}",0.33490566037735847,"{""0"": -0.21249428133366788, ""1"": -0.2162251055527104, ""2"": -0.16290764897946283, ""3"": -0.2878868320880413, ""4"": -0.1938530684250554, ""5"": -0.19202364232243335}",0.0,-0.27061053288109405,-0.15008695913477305,0.04728390609207406,NEGATIVE
1.0,60,gravestone_doji,1m,bear,pattern,1208,1024,0.4921875,-0.23476140945704638,-0.00853130331120016,-0.3666189823645473,0.6135865708497176,-0.23468405699914222,241.1711560310987,10.4375,"{""session_end"": 0.013671875, ""stop"": 0.4873046875, ""target"": 0.48046875, ""timeout"": 0.0185546875}",0.32338308457711445,"{""0"": -0.2715514956957385, ""1"": -0.32013288235815035, ""2"": -0.13855455909949752, ""3"": -0.12756404384270845, ""4"": -0.2532139737589851, ""5"": -0.30961365971858235}",0.0,-0.29697166809107783,-0.17040956047949016,0.036334133871216756,NEGATIVE
1.0,60,morning_star,1m,bull,pattern,149,146,0.547945205479452,-0.05803663578923073,0.10549263469167207,-0.008635186512072745,0.8840925641309534,-0.05883218959563191,19.08446746935887,16.575342465753426,"{""session_end"": 0.0273972602739726, ""stop"": 0.410958904109589, ""target"": 0.5068493150684932, ""timeout"": 0.0547945205479452}",0.25,"{""1"": -0.06801780991719604}",,-0.21307625863612428,0.10044654261495971,0.19904548565681002,NOISE
1.0,60,evening_star,1m,bear,pattern,133,130,0.5,-0.15721533515335465,0.00982648394797036,-0.048726039966360164,0.7255446736462038,-0.15576816562368442,23.34989875219269,18.346153846153847,"{""session_end"": 0.007692307692307693, ""stop"": 0.45384615384615384, ""target"": 0.47692307692307695, ""timeout"": 0.06153846153846154}",0.75,{},,-0.32415633098573243,0.014425559213662507,0.11388020817490849,NOISE
1.0,60,three_white_soldiers,1m,bull,pattern,77,69,0.5217391304347826,-0.09372787664810704,0.020993800421910725,-0.02463120601420164,0.8073610890995498,-0.09949203785403982,9.960146656755143,30.44927536231884,"{""session_end"": 0.028985507246376812, ""stop"": 0.4057971014492754, ""target"": 0.4057971014492754, ""timeout"": 0.15942028985507245}",,{},,-0.31384238887787785,0.1260461543228611,0.1633542447979337,NOISE
1.0,60,three_black_crows,1m,bear,pattern,92,87,0.3793103448275862,-0.3301109655776574,-0.21801448229640513,-0.10474146810468113,0.4611615261495497,-0.3693942613465848,35.06822019677989,28.379310344827587,"{""session_end"": 0.04597701149425287, ""stop"": 0.4942528735632184, ""target"": 0.3103448275862069, ""timeout"": 0.14942528735632185}",0.0,{},,-0.5089759253542442,-0.14422351202315845,-0.05901542224939427,NEGATIVE
2.0,5,random_long,1m,bull,control,14275,10057,0.37168141592920356,-0.2392912303346194,0.01305082887332284,-3.2646620492113465,0.5187057459626538,-0.26759817679854736,2408.324746645525,3.3341950879984092,"{""session_end"": 0.007556925524510291, ""stop"": 0.24917967584766829, ""target"": 0.0631401014218952, ""timeout"": 0.6801232972059262}",0.16,"{""0"": -0.24182285255509878, ""1"": -0.3115612159532137, ""2"": -0.24026378739200835, ""3"": -0.22707308903450213, ""4"": -0.1663317885599383, ""5"": -0.250324476066654}",0.0,-0.25649180751892314,-0.22187966320841276,,NEGATIVE
2.0,5,random_short,1m,bear,control,14275,10001,0.3604639536046395,-0.24681774123390815,0.007334694005830341,-3.3280636340150216,0.508204049885295,-0.27590057366138104,2475.289416399013,3.330866913308669,"{""session_end"": 0.007999200079992, ""stop"": 0.24637536246375363, ""target"": 0.0653934606539346, ""timeout"": 0.6802319768023197}",0.12333333333333334,"{""0"": -0.24183169452145856, ""1"": -0.2655495850981828, ""2"": -0.26080052955142347, ""3"": -0.24471671742858364, ""4"": -0.2665191301689183, ""5"": -0.20094414963262974}",0.0,-0.2637711597051588,-0.23013265035194053,,NEGATIVE
2.0,5,bullish_engulfing,1m,bull,pattern,3637,3182,0.3871778755499686,-0.16817557109377015,0.005923331995717686,-0.921979208893448,0.5428535570547267,-0.2398919784288278,537.0502700453511,3.7347580138277814,"{""session_end"": 0.00785669390320553, ""stop"": 0.13984915147705845, ""target"": 0.02011313639220616, ""timeout"": 0.8321810182275299}",0.24333333333333335,"{""0"": -0.19140764495692822, ""1"": -0.16294112316157539, ""2"": -0.2210231910704582, ""3"": -0.1620771061990923, ""4"": -0.1157150607156385, ""5"": -0.16318286606765628}",0.0,-0.1917627654563044,-0.14474638798988787,0.07111565924084925,NEGATIVE
2.0,5,bearish_engulfing,1m,bear,pattern,3558,3134,0.3809827696234844,-0.166379175481892,0.010055848288433296,-0.8863457631886171,0.5340926999426823,-0.24550579992240645,524.9426067720484,3.749840459476707,"{""session_end"": 0.014358647096362476, ""stop"": 0.12858966177409062, ""target"": 0.01723037651563497, ""timeout"": 0.839821314613912}",0.2508361204013378,"{""0"": -0.13076339807152346, ""1"": -0.17602202257311847, ""2"": -0.17500304352008267, ""3"": -0.22054870806527987, ""4"": -0.15466627922513315, ""5"": -0.14239343949261987}",0.0,-0.19017240564216673,-0.14312571354827633,0.08043856575201616,NEGATIVE
2.0,5,bullish_harami,1m,bull,pattern,2376,2176,0.3694852941176471,-0.22341079934419153,-0.016566601081334585,-0.8143233594731764,0.48696305835462894,-0.28679383353241106,485.6239273632055,3.528033088235294,"{""session_end"": 0.0055147058823529415, ""stop"": 0.20588235294117646, ""target"": 0.03308823529411765, ""timeout"": 0.7555147058823529}",0.2354948805460751,"{""0"": -0.20443186555258697, ""1"": -0.2711958886302474, ""2"": -0.1842577095313332, ""3"": -0.28223252151883793, ""4"": -0.139221340960492, ""5"": -0.2650770084364504}",0.0,-0.2558878334985449,-0.19074849268798452,0.01588043099042788,NEGATIVE
2.0,5,bearish_harami,1m,bear,pattern,2400,2198,0.3685168334849864,-0.22222938253208424,-0.016065564279953516,-0.8144635830114708,0.4923722095806505,-0.286279703762226,488.24413229547076,3.5391264786169243,"{""session_end"": 0.01091901728844404, ""stop"": 0.2024567788898999, ""target"": 0.029572338489535943, ""timeout"": 0.7570518653321201}",0.2568493150684932,"{""0"": -0.26799126388445965, ""1"": -0.24449920874121459, ""2"": -0.25739524797308766, ""3"": -0.22578704683372472, ""4"": -0.14429484547440524, ""5"": -0.1977602710796059}",0.0,-0.25449601859401033,-0.18991482611578425,0.02458835870182391,NEGATIVE
2.0,5,piercing_line,1m,bull,pattern,407,401,0.33665835411471323,-0.24096479260278353,-0.04810270905580787,-0.16333413189553928,0.4364547702986886,-0.3296090215140426,100.26614129723366,3.5885286783042396,"{""session_end"": 0.004987531172069825, ""stop"": 0.19950124688279303, ""target"": 0.029925187032418952, ""timeout"": 0.7655860349127181}",0.22916666666666666,"{""0"": -0.23245644885693945, ""1"": -0.418305512771604, ""2"": -0.22515727369761027, ""3"": -0.1609326269466984, ""4"": -0.22365747676069303, ""5"": -0.20229869816265578}",0.0,-0.3155892122345381,-0.16478166826200413,-0.0016735622681641193,NEGATIVE
2.0,5,dark_cloud_cover,1m,bear,pattern,440,431,0.382830626450116,-0.1635933716377249,0.013171341557697905,-0.1468752677228772,0.5675907176739309,-0.22193297035848422,72.03756915810563,3.6658932714617167,"{""session_end"": 0.016241299303944315, ""stop"": 0.15777262180974477, ""target"": 0.02320185614849188, ""timeout"": 0.802784222737819}",0.36538461538461536,"{""0"": -0.1366910931429086, ""1"": -0.3004780233914368, ""2"": -0.22784543696031617, ""3"": -0.07224633709278303, ""4"": -0.16029298875553608, ""5"": -0.11130115244871744}",0.0,-0.23665205247756832,-0.08919545600358872,0.08322436959618326,NEGATIVE
2.0,5,tweezer_bottom,1m,bull,pattern,12810,8633,0.3773890883817908,-0.19761397716830886,0.004559519391221637,-2.836178390042194,0.5190516752859463,-0.2603719769406895,1704.9162441784274,3.6074365805629562,"{""session_end"": 0.008919263292018998, ""stop"": 0.17687941619367542, ""target"": 0.029190316228425807, ""timeout"": 0.7850110042858798}",0.16666666666666666,"{""0"": -0.1894562834172633, ""1"": -0.24160243235664178, ""2"": -0.18479820490391027, ""3"": -0.17854125431348347, ""4"": -0.16132415215951484, ""5"": -0.22812534928080802}",0.0,-0.21343345442434858,-0.18218943705127713,0.041677253166310546,NEGATIVE
2.0,5,tweezer_top,1m,bear,pattern,12732,8626,0.37978205425457917,-0.19047564991399085,0.011888851432133609,-2.726149795135748,0.5243205856001474,-0.2558646478526795,1650.3216758215808,3.6284488754926967,"{""session_end"": 0.012056573150939021, ""stop"": 0.16519823788546256, ""target"": 0.029909575701367958, ""timeout"": 0.7928356132622305}",0.15,"{""0"": -0.16788166470562843, ""1"": -0.21339953398727482, ""2"": -0.2015660638753285, ""3"": -0.19606415582342376, ""4"": -0.18365500221902364, ""5"": -0.18129963712994782}",0.0,-0.20653813408156724,-0.17493284017499544,0.0563420913199173,NEGATIVE
2.0,5,bullish_kicker,1m,bull,pattern,532,511,0.3287671232876712,-0.2187871988107123,0.03349282761198955,-0.1891316422253034,0.3864165833297524,-0.37034941209083677,111.92417419149221,3.8747553816046967,"{""session_end"": 0.0019569471624266144, ""stop"": 0.07436399217221135, ""target"": 0.007827788649706457, ""timeout"": 0.9158512720156555}",0.15584415584415584,"{""0"": -0.13140353253002984, ""1"": -0.2783379555346521, ""2"": -0.27619901589508694, ""3"": -0.22668382583649485, ""4"": -0.10227251156416943, ""5"": -0.25983888322171655}",0.0,-0.26830461088179264,-0.16839343309435645,0.020504031523907118,NEGATIVE
2.0,5,bearish_kicker,1m,bear,pattern,571,553,0.29294755877034356,-0.27095603237381755,-0.01923872348906089,-0.2927916889575899,0.3049318201559483,-0.46444560120212,149.72461399829893,3.8734177215189876,"{""stop"": 0.08860759493670886, ""target"": 0.009041591320072333, ""timeout"": 0.9023508137432188}",0.16455696202531644,"{""0"": -0.2831656419924325, ""1"": -0.3145442496409487, ""2"": -0.2418346271319739, ""3"": -0.26048397642841564, ""4"": -0.3022988495023123, ""5"": -0.21367936316545574}",0.0,-0.3206470247269278,-0.2231623473858831,-0.024138291139909396,NEGATIVE
2.0,5,hammer,1m,bull,pattern,4306,3557,0.373067191453472,-0.23155392498330876,-0.010012272429364576,-1.30969337445392,0.49371749795042424,-0.28719388872668816,829.0301537544744,3.5111048636491424,"{""session_end"": 0.009558616811920157, ""stop"": 0.2184425077312342, ""target"": 0.03317402305313467, ""timeout"": 0.738824852403711}",0.19333333333333333,"{""0"": -0.2110984284875008, ""1"": -0.2770665865645466, ""2"": -0.20342269395865087, ""3"": -0.3046729813496698, ""4"": -0.16634798246352123, ""5"": -0.22415037665195922}",0.0,-0.25730389798272085,-0.20462663411072937,0.007737305351310647,NEGATIVE
2.0,5,hanging_man,1m,bear,pattern,4264,3541,0.3436882236656312,-0.3112922720397588,-0.024641516967862175,-1.257884630492099,0.4669537116640789,-0.3214603617670374,1104.3418179062971,3.0674950578932503,"{""session_end"": 0.0076249646992375035, ""stop"": 0.32024851736797516, ""target"": 0.08246258119175374, ""timeout"": 0.5896639367410336}",0.17666666666666667,"{""0"": -0.3540057695013892, ""1"": -0.3275172104859845, ""2"": -0.2863722770041934, ""3"": -0.2807610057455189, ""4"": -0.3442898566696025, ""5"": -0.26890770069141295}",0.0,-0.34281396582947876,-0.2814057793138068,-0.06447453080585064,NEGATIVE
2.0,5,inverted_hammer,1m,bull,pattern,4127,3428,0.3570595099183197,-0.27827246279059387,0.014271713744764701,-1.1583667900832755,0.5220582003895254,-0.27556909302104426,954.3765701691838,3.0032088681446907,"{""session_end"": 0.007001166861143524, ""stop"": 0.3281796966161027, ""target"": 0.09830805134189032, ""timeout"": 0.5665110851808635}",0.22408026755852842,"{""0"": -0.23951338759170201, ""1"": -0.31556518076756873, ""2"": -0.21987968990124426, ""3"": -0.3110721532596119, ""4"": -0.2219790191861181, ""5"": -0.3552460349681946}",0.0,-0.3125771214697787,-0.24424436899004917,-0.03898123245597446,NEGATIVE
2.0,5,shooting_star,1m,bear,pattern,4020,3319,0.36547152756854473,-0.22287282336085837,0.0009892460495262258,-1.0873117968110544,0.4995698648439746,-0.2787711156881553,742.2180589797084,3.5357035251581803,"{""session_end"": 0.009641458270563423, ""stop"": 0.200060259114191, ""target"": 0.03675805965652305, ""timeout"": 0.7535402229587225}",0.23076923076923078,"{""0"": -0.27362420389700376, ""1"": -0.22140581150925528, ""2"": -0.1905518743388641, ""3"": -0.17877155516664434, ""4"": -0.19220114165671462, ""5"": -0.28070444255304006}",0.0,-0.24953981729167338,-0.1954827086746964,0.02394491787304978,NEGATIVE
2.0,5,dragonfly_doji,1m,bull,pattern,1283,1196,0.38127090301003347,-0.2144859421948332,0.024459618770246345,-0.391983705356058,0.5143293310911061,-0.269137665302591,259.65806405650125,3.5635451505016724,"{""session_end"": 0.008361204013377926, ""stop"": 0.19816053511705686, ""target"": 0.034280936454849496, ""timeout"": 0.7591973244147158}",0.28699551569506726,"{""0"": -0.20742174858288237, ""1"": -0.2295668159938715, ""2"": -0.2038570785780008, ""3"": -0.2850309118519698, ""4"": -0.14067350235287326, ""5"": -0.22470515684336356}",0.0,-0.25808838477312984,-0.17080888367660618,0.02480528813978622,NEGATIVE
2.0,5,gravestone_doji,1m,bear,pattern,1208,1117,0.3446732318710833,-0.2553954834272758,-0.02861726665570771,-0.44233303768392024,0.4499051568295175,-0.3258088217990952,286.41114905805784,3.5658012533572068,"{""session_end"": 0.006266786034019696, ""stop"": 0.20322291853178157, ""target"": 0.03222918531781558, ""timeout"": 0.7582811101163832}",0.2688679245283019,"{""0"": -0.27091552789061224, ""1"": -0.26916526892927534, ""2"": -0.13989316916671093, ""3"": -0.2116842083480518, ""4"": -0.27517403380477823, ""5"": -0.38265431580048664}",0.0,-0.30006698512834507,-0.20755392285068575,-0.008577742193367655,NEGATIVE
2.0,5,morning_star,1m,bull,pattern,149,146,0.4383561643835616,-0.08424598603767741,0.08255453523929518,-0.013176845490591366,0.7441737215660004,-0.11380077353903743,17.541927919380747,3.808219178082192,"{""session_end"": 0.00684931506849315, ""stop"": 0.1232876712328767, ""target"": 0.02054794520547945, ""timeout"": 0.8493150684931506}",0.5,"{""1"": -0.06761202392927582}",,-0.19824295103161874,0.031952005470297376,0.155045244296942,NOISE
2.0,5,evening_star,1m,bear,pattern,133,132,0.4166666666666667,-0.10358076267644542,0.0628557120878102,-0.017657433624862058,0.624768870905644,-0.1852547193929965,17.061241861469053,3.909090909090909,"{""session_end"": 0.007575757575757576, ""stop"": 0.045454545454545456, ""target"": 0.007575757575757576, ""timeout"": 0.9393939393939394}",0.25,{},,-0.2044692592794941,-0.008169942720779973,0.14323697855746273,NEGATIVE
2.0,5,three_white_soldiers,1m,bull,pattern,77,70,0.42857142857142855,-0.0615854534912466,0.05174745682118566,-0.019263973168483543,0.6437974139543385,-0.1656343749403298,5.183498638881297,4.0,"{""stop"": 0.014285714285714285, ""timeout"": 0.9857142857142858}",,{},,-0.14708359610829796,0.02287308443263956,0.1777057768433728,NOISE
2.0,5,three_black_crows,1m,bear,pattern,92,88,0.3977272727272727,-0.12528624354963264,-0.015917977957525628,-0.027030325770458222,0.4738897854354467,-0.2764504132840886,11.182821128288497,3.9545454545454546,"{""session_end"": 0.011363636363636364, ""stop"": 0.03409090909090909, ""timeout"": 0.9545454545454546}",0.0,{},,-0.2231673506918834,-0.03614911673949186,0.12153149768427551,NEGATIVE
2.0,20,random_long,1m,bull,control,14275,6485,0.3702390131071704,-0.25028434605137995,0.004451279011336506,-2.21045913542721,0.6464969989664867,-0.20059517684151137,1625.2890219516266,9.459676175790285,"{""session_end"": 0.02143407864302236, ""stop"": 0.5165767154973014, ""target"": 0.20678488820354665, ""timeout"": 0.25520431765612955}",0.24666666666666667,"{""0"": -0.23820780050167592, ""1"": -0.3213176662305262, ""2"": -0.20633562503966615, ""3"": -0.25274587144220173, ""4"": -0.1873975091303351, ""5"": -0.28655252538164927}",0.0,-0.28100214641808663,-0.2215850650417819,,NEGATIVE
2.0,20,random_short,1m,bear,control,14275,6447,0.36497595780983405,-0.2469024810655887,0.007670890534576642,-2.222184212855699,0.6505573811929797,-0.19793984630111244,1602.5017570069135,9.447650069799908,"{""session_end"": 0.020939972080037228, ""stop"": 0.512486427795874, ""target"": 0.21188149526911743, ""timeout"": 0.2546921048549713}",0.21666666666666667,"{""0"": -0.23282374506734574, ""1"": -0.2155938657735797, ""2"": -0.28905947869145554, ""3"": -0.22395442368734206, ""4"": -0.305156312875556, ""5"": -0.21528533601945193}",0.0,-0.27810870217838063,-0.2161608230860938,,NEGATIVE
2.0,20,bullish_engulfing,1m,bull,pattern,3637,2606,0.39600920951650037,-0.1680972768370031,0.00452308102302092,-0.7831397606980387,0.7029402094952631,-0.15473775199467424,441.18624736400625,13.001151189562547,"{""session_end"": 0.02417498081350729, ""stop"": 0.40713737528779737, ""target"": 0.12432847275518036, ""timeout"": 0.444359171143515}",0.33666666666666667,"{""0"": -0.14003578185881438, ""1"": -0.20571468814637692, ""2"": -0.15410422777694113, ""3"": -0.15008627678583344, ""4"": -0.10015095136307021, ""5"": -0.24886270134876645}",0.0,-0.20966961384439992,-0.12979609549560525,0.08218706921437685,NEGATIVE
2.0,20,bearish_engulfing,1m,bear,pattern,3558,2585,0.4011605415860735,-0.15380907558793452,0.02100684790893553,-0.6602001609648649,0.7231177193667345,-0.14170045077391633,411.3184805305326,13.087814313346229,"{""session_end"": 0.03288201160541586, ""stop"": 0.39729206963249514, ""target"": 0.13152804642166344, ""timeout"": 0.43829787234042555}",0.3110367892976589,"{""0"": -0.1419624746906996, ""1"": -0.1265343327732829, ""2"": -0.17243157054673922, ""3"": -0.17602892777028822, ""4"": -0.20531301309335434, ""5"": -0.09926196245067952}",0.0,-0.19594875946259252,-0.1110424519865911,0.09309340547765418,NEGATIVE
2.0,20,bullish_harami,1m,bull,pattern,2376,1918,0.3800834202294056,-0.24391857733449857,-0.03604750380155252,-0.7905658059881422,0.6238370886428202,-0.2129541848542833,471.6082930289486,11.25912408759124,"{""session_end"": 0.018769551616266946, ""stop"": 0.48331595411887385, ""target"": 0.14911366006256518, ""timeout"": 0.3488008342022941}",0.31141868512110726,"{""0"": -0.20203316851108388, ""1"": -0.2980581819296776, ""2"": -0.24368589977214772, ""3"": -0.30043417136895684, ""4"": -0.1718283803371361, ""5"": -0.2537188601538861}",0.0,-0.2913365394657157,-0.1897425143157529,0.0063657687168813815,NEGATIVE
2.0,20,bearish_harami,1m,bear,pattern,2400,1950,0.3748717948717949,-0.22312863445378556,-0.017533322590428745,-0.7145643149439574,0.6558039762950847,-0.19150201942100242,437.18668595522587,11.124615384615385,"{""session_end"": 0.02717948717948718, ""stop"": 0.4841025641025641, ""target"": 0.1635897435897436, ""timeout"": 0.3251282051282051}",0.3356401384083045,"{""0"": -0.2585848098994473, ""1"": -0.21428345867225532, ""2"": -0.2883237797050856, ""3"": -0.21072340614964122, ""4"": -0.17745239342865943, ""5"": -0.18536592895654302}",0.0,-0.2742827993724671,-0.16920772166517373,0.02377384661180315,NEGATIVE
2.0,20,piercing_line,1m,bull,pattern,407,382,0.38219895287958117,-0.24014605285665147,-0.05011740797469644,-0.16471479197406455,0.5997730154057641,-0.2251303214775977,96.989093668285,12.06282722513089,"{""session_end"": 0.031413612565445025, ""stop"": 0.4397905759162304, ""target"": 0.12041884816753927, ""timeout"": 0.4083769633507853}",0.36363636363636365,"{""0"": -0.2299684059062905, ""1"": -0.2944017759283695, ""2"": -0.341467835330985, ""3"": -0.18236287459999662, ""4"": -0.09445483581439623, ""5"": -0.2814893962662557}",0.0,-0.3429490707526931,-0.1292086094126479,0.010138293194728476,NEGATIVE
2.0,20,dark_cloud_cover,1m,bear,pattern,440,422,0.4028436018957346,-0.14606321177951134,0.03051251690060224,-0.11734080021346452,0.7479988944965121,-0.1288379317193828,64.98575967205485,12.21563981042654,"{""session_end"": 0.03317535545023697, ""stop"": 0.4265402843601896, ""target"": 0.14928909952606634, ""timeout"": 0.3909952606635071}",0.4,"{""0"": -0.09197833263489485, ""1"": -0.14892355734095866, ""2"": -0.26587113843166243, ""3"": -0.039949570496274, ""4"": -0.21246351756570042, ""5"": -0.1378871910685931}",0.0,-0.25441628479127437,-0.03897782788056823,0.10083926928607737,NEGATIVE
2.0,20,tweezer_bottom,1m,bull,pattern,12810,5463,0.38568552077613033,-0.19968128111768535,-0.0015261535026005562,-1.9036562200556648,0.6733298768776879,-0.175981942458509,1090.5263709791573,11.827750320336811,"{""session_end"": 0.026176093721398497, ""stop"": 0.44572579168954785, ""target"": 0.14790408200622368, ""timeout"": 0.38019403258282997}",0.24666666666666667,"{""0"": -0.1741013499701244, ""1"": -0.272748949458311, ""2"": -0.18696370090037942, ""3"": -0.1790243349445, ""4"": -0.11370281567516774, ""5"": -0.2603826231781979}",0.0,-0.22955228576197448,-0.1684746338163046,0.0506030649336946,NEGATIVE
2.0,20,tweezer_top,1m,bear,pattern,12732,5425,0.3902304147465438,-0.17410919867814242,0.02400490585131373,-1.5594751889049974,0.710261536961425,-0.15244080145218153,956.442404241766,11.750046082949309,"{""session_end"": 0.03170506912442397, ""stop"": 0.4359447004608295, ""target"": 0.1616589861751152, ""timeout"": 0.37069124423963135}",0.26,"{""0"": -0.15334062788784883, ""1"": -0.15978957029373417, ""2"": -0.2294939442161122, ""3"": -0.20035097481012537, ""4"": -0.1692395269513827, ""5"": -0.13516171223835693}",0.0,-0.20503941991526348,-0.14327874444285787,0.07279328238744628,NEGATIVE
2.0,20,bullish_kicker,1m,bull,pattern,532,458,0.35807860262008734,-0.2504575884799242,-4.8131978905110316e-05,-0.1978689382895513,0.5531574288616816,-0.2525079942291372,116.37828845959882,14.90174672489083,"{""session_end"": 0.010917030567685589, ""stop"": 0.3296943231441048, ""target"": 0.08951965065502183, ""timeout"": 0.5698689956331878}",0.20833333333333334,"{""0"": -0.0922169358731601, ""1"": -0.2636789134763702, ""2"": -0.2848209667103288, ""3"": -0.3134481929700443, ""4"": -0.16207037100435281, ""5"": -0.4071839230784641}",0.0,-0.33615784776004287,-0.1604598622958469,-0.00017324242854427352,NEGATIVE
2.0,20,bearish_kicker,1m,bear,pattern,571,482,0.35684647302904565,-0.2715438054991732,-0.025682704118901067,-0.2486707391264697,0.5356511260798531,-0.2714139033781465,138.17825176747084,14.616182572614107,"{""session_end"": 0.016597510373443983, ""stop"": 0.34647302904564314, ""target"": 0.09336099585062241, ""timeout"": 0.5435684647302904}",0.25675675675675674,"{""0"": -0.2989065759138834, ""1"": -0.4040881954945926, ""2"": -0.27731919117221127, ""3"": -0.26162845764499204, ""4"": -0.1146333543061561, ""5"": -0.18942779793442213}",0.0,-0.362846267107322,-0.18437146083864006,-0.024641324433584466,NEGATIVE
2.0,20,hammer,1m,bull,pattern,4306,2989,0.3636667781866845,-0.2508379741626488,-0.031118168940944976,-1.2364221623012133,0.6262708368532308,-0.21343319957270868,754.0163728916089,10.93074606891937,"{""session_end"": 0.02040816326530612, ""stop"": 0.4964871194379391, ""target"": 0.16962194713951154, ""timeout"": 0.31348277015724324}",0.2966666666666667,"{""0"": -0.22269863732311537, ""1"": -0.31044051754730456, ""2"": -0.19044476029014304, ""3"": -0.30764513993153203, ""4"": -0.16025232941908074, ""5"": -0.30546922079061994}",0.0,-0.2937032569261745,-0.21131667306620708,-0.0005536281112688557,NEGATIVE
2.0,20,hanging_man,1m,bear,pattern,4264,3055,0.34828150572831423,-0.3038835186439159,-0.014069916979403786,-1.0769169688864038,0.6060104815912168,-0.23512421484742857,930.3736121256488,8.086415711947627,"{""session_end"": 0.016039279869067103, ""stop"": 0.5587561374795418, ""target"": 0.23404255319148937, ""timeout"": 0.1911620294599018}",0.2633333333333333,"{""0"": -0.35456949504320434, ""1"": -0.29939738853116815, ""2"": -0.3099154826097927, ""3"": -0.2213270334848279, ""4"": -0.389447715258348, ""5"": -0.22823347970026833}",0.0,-0.3482602801580968,-0.2581081125467958,-0.056981037578327176,NEGATIVE
2.0,20,inverted_hammer,1m,bull,pattern,4127,3024,0.35284391534391535,-0.28762252987950143,0.004963560788038812,-1.0480903755706537,0.6286823079817695,-0.21896506949571598,870.5638256821509,7.880291005291006,"{""session_end"": 0.012896825396825396, ""stop"": 0.5638227513227513, ""target"": 0.24404761904761904, ""timeout"": 0.17923280423280424}",0.3010033444816054,"{""0"": -0.23305735102560263, ""1"": -0.34740890865980323, ""2"": -0.25304116893663325, ""3"": -0.28391737730001493, ""4"": -0.19876005086645926, ""5"": -0.3982657219396062}",0.0,-0.33521005425796946,-0.24044553583045578,-0.037338183828121485,NEGATIVE
2.0,20,shooting_star,1m,bear,pattern,4020,2784,0.3714080459770115,-0.22194431319877855,-0.0007401924825961721,-0.9272635785190841,0.6626781678950249,-0.18655148595449095,619.2101969031949,11.110632183908047,"{""session_end"": 0.02514367816091954, ""stop"": 0.47772988505747127, ""target"": 0.17923850574712644, ""timeout"": 0.31788793103448276}",0.27946127946127947,"{""0"": -0.31551842733841484, ""1"": -0.19549809672937224, ""2"": -0.18228844932973298, ""3"": -0.18610711857455894, ""4"": -0.20163319220837544, ""5"": -0.24884891768857742}",0.0,-0.2658564627528239,-0.17766454282749733,0.024958167866810155,NEGATIVE
2.0,20,dragonfly_doji,1m,bull,pattern,1283,1113,0.3665768194070081,-0.24882915333304192,-0.008338069460860676,-0.4369116638317844,0.6264491088831933,-0.21160946181633206,283.4314427006271,11.382749326145552,"{""session_end"": 0.017070979335130278, ""stop"": 0.48247978436657685, ""target"": 0.1734052111410602, ""timeout"": 0.3270440251572327}",0.32558139534883723,"{""0"": -0.15272933327722232, ""1"": -0.2964663668948476, ""2"": -0.2796232043749056, ""3"": -0.33844183996387606, ""4"": -0.12427249560502003, ""5"": -0.29397620181686673}",0.0,-0.3176490902610291,-0.18243684734394713,0.001455192718338022,NEGATIVE
2.0,20,gravestone_doji,1m,bear,pattern,1208,1040,0.37596153846153846,-0.2258547232494955,-0.0002820416977691958,-0.3790553149516396,0.6574713357840082,-0.19087602392075373,236.79062938396757,11.28173076923077,"{""session_end"": 0.019230769230769232, ""stop"": 0.48365384615384616, ""target"": 0.1701923076923077, ""timeout"": 0.3269230769230769}",0.33495145631067963,"{""0"": -0.27614710925421854, ""1"": -0.30570236372839565, ""2"": -0.04672006809764944, ""3"": -0.15032508891834084, ""4"": -0.2875126911277352, ""5"": -0.3024191686375941}",0.0,-0.2983173276648149,-0.15292464047930313,0.02104775781609322,NEGATIVE
2.0,20,morning_star,1m,bull,pattern,149,145,0.4482758620689655,-0.025705533224317848,0.13782374597261843,0.009746293793364728,0.9456155863399694,-0.024018744127520336,11.866077950321458,13.703448275862069,"{""session_end"": 0.020689655172413793, ""stop"": 0.32413793103448274, ""target"": 0.1310344827586207, ""timeout"": 0.5241379310344828}",0.25,{},,-0.190758389484195,0.14359043739358002,0.2245788128270621,NOISE
2.0,20,evening_star,1m,bear,pattern,133,131,0.3816793893129771,-0.18780573553966448,-0.02094624043754563,-0.0546809230721385,0.6505367719833739,-0.18502191556773645,27.55825506323879,14.442748091603054,"{""session_end"": 0.03816793893129771, ""stop"": 0.3435114503816794, ""target"": 0.08396946564885496, ""timeout"": 0.5343511450381679}",0.5,{},,-0.3523537545113654,-0.00719497915909486,0.05909674552592423,NEGATIVE
2.0,20,three_white_soldiers,1m,bull,pattern,77,70,0.5142857142857142,0.07808250093404893,0.19156662740099567,0.01236880661187939,1.2745262115430696,0.09776253856041468,4.218988419989858,17.571428571428573,"{""session_end"": 0.014285714285714285, ""stop"": 0.12857142857142856, ""target"": 0.02857142857142857, ""timeout"": 0.8285714285714286}",,{},,-0.09016911783490963,0.263309709235228,0.3283668469854289,NOISE
2.0,20,three_black_crows,1m,bear,pattern,92,88,0.3409090909090909,-0.19001341825280146,-0.07909760587811063,-0.060113533751109706,0.55634558921122,-0.23977886259757208,18.90834535583027,16.511363636363637,"{""session_end"": 0.022727272727272728, ""stop"": 0.20454545454545456, ""target"": 0.03409090909090909, ""timeout"": 0.7386363636363636}",0.0,{},,-0.33654871954495863,-0.016351059649178226,0.056889062812787244,NEGATIVE
2.0,60,random_long,1m,bull,control,14275,5279,0.346277704110627,-0.25097291088514867,0.006591280976303575,-1.755339715614282,0.6865615892438565,-0.18084320618764071,1326.6588397329645,13.371282439856033,"{""session_end"": 0.029361621519227128, ""stop"": 0.6217086569426028, ""target"": 0.3000568289448759, ""timeout"": 0.048872892593294186}",0.2633333333333333,"{""0"": -0.2310346222308638, ""1"": -0.32643527596947786, ""2"": -0.2343593139601824, ""3"": -0.25684510373477937, ""4"": -0.1389410628910631, ""5"": -0.30186837709956255}",0.0,-0.2869143194661943,-0.21261561651690936,,NEGATIVE
2.0,60,random_short,1m,bear,control,14275,5261,0.34974339479186467,-0.2467980316813436,0.010284944944902064,-1.8744067805431859,0.6902354596925101,-0.17847227236436242,1308.899621783615,13.398783501235506,"{""session_end"": 0.028511689792815053, ""stop"": 0.6209846036875118, ""target"": 0.3001330545523665, ""timeout"": 0.0503706519673066}",0.26666666666666666,"{""0"": -0.2504462753001575, ""1"": -0.19265928550102332, ""2"": -0.2965198155139198, ""3"": -0.23521009278999344, ""4"": -0.31298075720161744, ""5"": -0.19537609072502696}",0.0,-0.2839915212352256,-0.20910308126752283,,NEGATIVE
2.0,60,bullish_engulfing,1m,bull,pattern,3637,2150,0.3697674418604651,-0.1647639648022296,0.007580309969306533,-0.7253548459687779,0.7659402766199168,-0.12542212344404702,357.81805951560847,22.54139534883721,"{""session_end"": 0.0413953488372093, ""stop"": 0.5776744186046512, ""target"": 0.25302325581395346, ""timeout"": 0.12790697674418605}",0.37333333333333335,"{""0"": -0.08369646690989534, ""1"": -0.20593391699967017, ""2"": -0.23296242991055713, ""3"": -0.12188799639600295, ""4"": -0.07653904672760721, ""5"": -0.2624619174229024}",0.0,-0.22092107472966574,-0.1081096407440396,0.08620894608291907,NEGATIVE
2.0,60,bearish_engulfing,1m,bear,pattern,3558,2119,0.365738555922605,-0.15541369676229846,0.017730291539742486,-0.5590019799206444,0.7775079527473128,-0.11837334453380632,344.5425281137617,22.636149126946673,"{""session_end"": 0.049079754601226995, ""stop"": 0.5691363850873054, ""target"": 0.25530910806984425, ""timeout"": 0.1264747522416234}",0.3400673400673401,"{""0"": -0.1429334784481332, ""1"": -0.11415364860979134, ""2"": -0.17229527338368553, ""3"": -0.15403750696537874, ""4"": -0.22754857976510096, ""5"": -0.11788050348151798}",0.0,-0.2106325518885857,-0.0994834388700554,0.09138433491904513,NEGATIVE
2.0,60,bullish_harami,1m,bull,pattern,2376,1738,0.3411967779056387,-0.2420674157202347,-0.03270941925193477,-0.7121381318460329,0.6860988144480945,-0.18040720302210408,427.83403712761964,17.649597238204834,"{""session_end"": 0.028768699654775604, ""stop"": 0.6231300345224395, ""target"": 0.27042577675489066, ""timeout"": 0.07767548906789414}",0.3310104529616725,"{""0"": -0.20672461981736728, ""1"": -0.2718289536750399, ""2"": -0.21267028733559157, ""3"": -0.37997390680189747, ""4"": -0.14175920304592515, ""5"": -0.24361254449168887}",0.0,-0.30477741757310484,-0.18086544833659704,0.008905495164913957,NEGATIVE
2.0,60,bearish_harami,1m,bear,pattern,2400,1773,0.34179357021996615,-0.22941079440525003,-0.025586414099486327,-0.6783649362663041,0.6997601135015606,-0.17064277008246384,412.16913824928446,17.457980823463057,"{""session_end"": 0.03722504230118443, ""stop"": 0.6175972927241963, ""target"": 0.27749576988155666, ""timeout"": 0.0676818950930626}",0.35664335664335667,"{""0"": -0.2394705499148584, ""1"": -0.24903025704510803, ""2"": -0.27397732877278724, ""3"": -0.21083650594797482, ""4"": -0.18531138645447673, ""5"": -0.21953117701392225}",0.0,-0.2880169133198763,-0.16660148660882193,0.017387237276093565,NEGATIVE
2.0,60,piercing_line,1m,bull,pattern,407,370,0.34594594594594597,-0.21568614283526621,-0.02648631916776366,-0.14312477798579304,0.7045809523897822,-0.16526878911157525,88.35207377636904,20.87837837837838,"{""session_end"": 0.04054054054054054, ""stop"": 0.5918918918918918, ""target"": 0.25135135135135134, ""timeout"": 0.11621621621621622}",0.35135135135135137,"{""0"": -0.20337595143014414, ""1"": -0.17322069831928627, ""2"": -0.2906985196154607, ""3"": -0.19278583839373964, ""4"": -0.053839427690108375, ""5"": -0.35203008954981496}",0.0,-0.3429016639062496,-0.0860063899461613,0.035286768049882455,NEGATIVE
2.0,60,dark_cloud_cover,1m,bear,pattern,440,414,0.3671497584541063,-0.10206551340402534,0.07390420016034349,-0.07880014465248461,0.8544134436433473,-0.07423000696404718,51.19898346605901,19.867149758454108,"{""session_end"": 0.043478260869565216, ""stop"": 0.5700483091787439, ""target"": 0.30193236714975846, ""timeout"": 0.08454106280193237}",0.32,"{""0"": -0.12038564330742531, ""1"": -0.22788278822278374, ""2"": -0.31612292627327543, ""3"": 0.04411141681008885, ""4"": -0.09213852335413386, ""5"": 0.07318674469397038}",0.3333333333333333,-0.2338795645453822,0.03651537559797379,0.14473251827731826,NOISE
2.0,60,tweezer_bottom,1m,bull,pattern,12810,4056,0.35922090729783035,-0.19166117502401636,0.007081978150137247,-1.4673190127214633,0.7398690008943873,-0.14297393775101336,791.3405804930475,19.108234714003945,"{""session_end"": 0.03994082840236687, ""stop"": 0.5946745562130178, ""target"": 0.2724358974358974, ""timeout"": 0.09294871794871795}",0.3233333333333333,"{""0"": -0.11406977533167663, ""1"": -0.25580345926889, ""2"": -0.1662287148024, ""3"": -0.2109921794258072, ""4"": -0.08114130095907603, ""5"": -0.3000621913410707}",0.0,-0.2298716902533834,-0.14934533331299557,0.05931173586113231,NEGATIVE
2.0,60,tweezer_top,1m,bear,pattern,12732,4036,0.3669474727452924,-0.1556084683517431,0.03872412816433439,-1.0669289668148476,0.78328261504718,-0.11570062448496501,651.2947662485258,19.02378592666006,"{""session_end"": 0.043855302279484636, ""stop"": 0.5775520317145689, ""target"": 0.28245787908820613, ""timeout"": 0.09613478691774034}",0.36333333333333334,"{""0"": -0.13043388913122045, ""1"": -0.1392778822560173, ""2"": -0.23204489264699518, ""3"": -0.1522067754405911, ""4"": -0.20190025825475882, ""5"": -0.08418923394260047}",0.0,-0.19672264027909744,-0.11108221826554371,0.09118956332960049,NEGATIVE
2.0,60,bullish_kicker,1m,bull,pattern,532,408,0.3602941176470588,-0.22787006320410938,0.018681247449970222,-0.16907185569908362,0.6852479129272238,-0.17678344317899508,107.99064409740174,28.465686274509803,"{""session_end"": 0.024509803921568627, ""stop"": 0.5465686274509803, ""target"": 0.23284313725490197, ""timeout"": 0.19607843137254902}",0.3230769230769231,"{""0"": 0.13862782021264253, ""1"": -0.27862234289312565, ""2"": -0.3162904440652345, ""3"": -0.3758938215422818, ""4"": -0.13196968052512403, ""5"": -0.4516198238092037}",0.16666666666666666,-0.35143424919206223,-0.10423219957829886,0.02310284768103929,NEGATIVE
2.0,60,bearish_kicker,1m,bear,pattern,571,427,0.33489461358313816,-0.300055212420871,-0.05975505385131393,-0.2603274117839532,0.5976463464901306,-0.24203678760895755,134.32890301987499,27.936768149882905,"{""session_end"": 0.0351288056206089, ""stop"": 0.5714285714285714, ""target"": 0.20843091334894615, ""timeout"": 0.18501170960187355}",0.2459016393442623,"{""0"": -0.3494043420206649, ""1"": -0.4970973036792842, ""2"": -0.30609604910937804, ""3"": -0.26510825346335204, ""4"": -0.20529448179434248, ""5"": -0.08327694483384648}",0.0,-0.4156907213917725,-0.18141598484896204,-0.05325718073952743,NEGATIVE
2.0,60,hammer,1m,bull,pattern,4306,2604,0.34485407066052226,-0.2325553452271575,-0.012579890537438574,-1.0461350458668008,0.6979168793758888,-0.17237046804532202,611.8396942773011,16.48847926267281,"{""session_end"": 0.0314900153609831, ""stop"": 0.6175115207373272, ""target"": 0.2814900153609831, ""timeout"": 0.0695084485407066}",0.34,"{""0"": -0.1965158448966969, ""1"": -0.298964909866785, ""2"": -0.21626802123013958, ""3"": -0.2710080851863491, ""4"": -0.13611459166109388, ""5"": -0.26701088784635474}",0.0,-0.28527863844590706,-0.18094594000963962,0.01841756565799116,NEGATIVE
2.0,60,hanging_man,1m,bear,pattern,4264,2841,0.33544526575149597,-0.3060028414890113,-0.014093673995353736,-1.016649833889243,0.6379762949195922,-0.21889822291092592,871.3635353387688,10.755719816965858,"{""session_end"": 0.020767335445265753, ""stop"": 0.6437873988032383, ""target"": 0.30763815557902147, ""timeout"": 0.027807110172474482}",0.2976588628762542,"{""0"": -0.33451260988648945, ""1"": -0.3000260233266194, ""2"": -0.2782818739362734, ""3"": -0.24873772281807405, ""4"": -0.4033216053264741, ""5"": -0.24906128747745251}",0.0,-0.3568248705599837,-0.25454131151073633,-0.05920480980766771,NEGATIVE
2.0,60,inverted_hammer,1m,bull,pattern,4127,2819,0.34338417878680383,-0.2748138818060969,0.018799274257099097,-0.9340115311982712,0.6722568094530162,-0.1934633213849829,778.9814996155326,10.2160340546293,"{""session_end"": 0.01596310748492373, ""stop"": 0.6395885065626109, ""target"": 0.32032635686413624, ""timeout"": 0.024122029088329194}",0.32550335570469796,"{""0"": -0.20696738215564145, ""1"": -0.34965420292470656, ""2"": -0.2332852678894798, ""3"": -0.26745238798170107, ""4"": -0.16580834421676885, ""5"": -0.40542202431211366}",0.0,-0.3263598301370678,-0.22469436934934087,-0.023840970920948223,NEGATIVE
2.0,60,shooting_star,1m,bear,pattern,4020,2462,0.3517465475223396,-0.20711345506295856,0.013096931703462598,-0.8069147749306523,0.7285378827787256,-0.15168476861601013,511.7419398812643,16.767668562144596,"{""session_end"": 0.034930950446791224, ""stop"": 0.6068237205523964, ""target"": 0.293663688058489, ""timeout"": 0.06458164094232331}",0.30976430976430974,"{""0"": -0.2749859873055543, ""1"": -0.1516815017008774, ""2"": -0.1958698087055268, ""3"": -0.1777577891063069, ""4"": -0.21550102154527911, ""5"": -0.22842842737384655}",0.0,-0.26395193572714815,-0.15137709631158303,0.03968457661838504,NEGATIVE
2.0,60,dragonfly_doji,1m,bull,pattern,1283,1043,0.36337488015340363,-0.2064641522775248,0.03443269431270035,-0.3564991666717594,0.7280228467423413,-0.15154163385988934,226.89116559017484,17.74784276126558,"{""session_end"": 0.027804410354745925, ""stop"": 0.5992329817833174, ""target"": 0.2972195589645254, ""timeout"": 0.07574304889741132}",0.3564356435643564,"{""0"": -0.09510804642232258, ""1"": -0.24361344473310922, ""2"": -0.2322574278119737, ""3"": -0.25402825123698514, ""4"": -0.1191275015654558, ""5"": -0.27975837237853446}",0.0,-0.2905806113136624,-0.12041402317205059,0.04450875860762388,NEGATIVE
2.0,60,gravestone_doji,1m,bear,pattern,1208,979,0.35240040858018384,-0.21358373460497465,0.010757377911351097,-0.3736909337798754,0.7207938401322282,-0.15703436447776664,210.87608724125894,17.454545454545453,"{""session_end"": 0.027579162410623085, ""stop"": 0.609805924412666, ""target"": 0.2931562819203269, ""timeout"": 0.06945863125638406}",0.35858585858585856,"{""0"": -0.23418827331410305, ""1"": -0.27502457691453386, ""2"": -0.1071861037015479, ""3"": -0.11382896519967585, ""4"": -0.30602276762324476, ""5"": -0.2517792360841988}",0.0,-0.29700575558173475,-0.13123204171053957,0.03321429707636894,NEGATIVE
2.0,60,morning_star,1m,bull,pattern,149,144,0.4375,-0.009862769814567166,0.15330317467307525,0.004043796492515195,0.9833227275650932,-0.007642017619182206,20.620748617666962,27.09027777777778,"{""session_end"": 0.0625, ""stop"": 0.4722222222222222, ""target"": 0.2569444444444444, ""timeout"": 0.20833333333333334}",0.5,{},,-0.21806828314486687,0.2144956801140888,0.2411101410705815,NOISE
2.0,60,evening_star,1m,bear,pattern,133,129,0.37209302325581395,-0.2061189884879236,-0.04155611430189041,-0.05595467126489807,0.7057835835295934,-0.1625010780674555,30.226544999550008,27.829457364341085,"{""session_end"": 0.03875968992248062, ""stop"": 0.5503875968992248, ""target"": 0.20155038759689922, ""timeout"": 0.20930232558139536}",0.75,{},,-0.40372884704654743,0.0012999546830063638,0.04067904319342,NOISE
2.0,60,three_white_soldiers,1m,bull,pattern,77,69,0.4492753623188406,-0.06097211495429732,0.05349035686535364,-0.021853078141491226,0.8833706316448671,-0.05356039690375601,9.614422877198736,40.27536231884058,"{""session_end"": 0.057971014492753624, ""stop"": 0.42028985507246375, ""target"": 0.15942028985507245, ""timeout"": 0.36231884057971014}",,{},,-0.3225159608425466,0.20389279273780903,0.19000079593085134,NOISE
2.0,60,three_black_crows,1m,bear,pattern,92,87,0.3218390804597701,-0.32329690110045745,-0.21120340037253407,-0.09959802352474387,0.5082082263284746,-0.30700428418323766,30.03823111137901,36.04597701149425,"{""session_end"": 0.05747126436781609, ""stop"": 0.5172413793103449, ""target"": 0.11494252873563218, ""timeout"": 0.3103448275862069}",0.0,{},,-0.534891030158988,-0.09576437379312458,-0.07649886941911385,NEGATIVE
3.0,5,random_long,1m,bull,control,14275,10000,0.3671,-0.23899012691937552,0.01378562453061327,-3.232813230309742,0.5237336781713717,-0.25675665724161595,2392.0156900867255,3.4059,"{""session_end"": 0.0079, ""stop"": 0.2515, ""target"": 0.02, ""timeout"": 0.7206}",0.16,"{""0"": -0.23641473466776833, ""1"": -0.3133515227238183, ""2"": -0.23531820036815443, ""3"": -0.23649716892142514, ""4"": -0.16052368281618426, ""5"": -0.25319411264713076}",0.0,-0.2570805996942125,-0.2208345927776365,,NEGATIVE
3.0,5,random_short,1m,bear,control,14275,9935,0.35631605435329644,-0.24107548788947847,0.013042849766333683,-3.2300634695193726,0.5233677733521996,-0.2562784968107441,2403.3230244974543,3.4102667337695016,"{""session_end"": 0.008354302969300453, ""stop"": 0.24851534977352793, ""target"": 0.02264720684448918, ""timeout"": 0.7204831404126825}",0.13,"{""0"": -0.23946920571356295, ""1"": -0.25443589235814346, ""2"": -0.2688681846430413, ""3"": -0.23922827262472635, ""4"": -0.2581118952984623, ""5"": -0.18583746859603806}",0.0,-0.2595782057312335,-0.22363532505896025,,NEGATIVE
3.0,5,bullish_engulfing,1m,bull,pattern,3637,3181,0.3866708582206853,-0.16818079058337954,0.0059284032560523664,-0.9315805775633685,0.5433629411855628,-0.2372721097813235,536.9514447294437,3.7551084564602326,"{""session_end"": 0.00785916378497328, ""stop"": 0.1402074819239233, ""target"": 0.0034580320653882428, ""timeout"": 0.8484753222257152}",0.24,"{""0"": -0.19135517572314734, ""1"": -0.16051969676598965, ""2"": -0.22300442347011945, ""3"": -0.15790946500215572, ""4"": -0.11986229639985155, ""5"": -0.16402853658845715}",0.0,-0.19239129403200333,-0.1428782959446482,0.07080933633599598,NEGATIVE
3.0,5,bearish_engulfing,1m,bear,pattern,3558,3134,0.38066368857689853,-0.16707005860121477,0.009365133930413862,-0.8860147602100776,0.5323872459307825,-0.24486238851711725,528.1764694823323,3.7657945118059986,"{""session_end"": 0.014358647096362476, ""stop"": 0.12858966177409062, ""target"": 0.003190810465858328, ""timeout"": 0.8538608806636886}",0.2508361204013378,"{""0"": -0.13412990650136197, ""1"": -0.17168520201664614, ""2"": -0.1756969414366676, ""3"": -0.2262469223849194, ""4"": -0.15317752417512545, ""5"": -0.14235698517954357}",0.0,-0.1911635576423135,-0.14309781562576115,0.0740054292882637,NEGATIVE
3.0,5,bullish_harami,1m,bull,pattern,2376,2176,0.3681066176470588,-0.22320318345703757,-0.016359168694939155,-0.8219339366986482,0.4889891179689779,-0.28078005013684865,486.19746010248576,3.572610294117647,"{""session_end"": 0.0055147058823529415, ""stop"": 0.20680147058823528, ""target"": 0.0078125, ""timeout"": 0.7798713235294118}",0.24914675767918087,"{""0"": -0.20071938686086352, ""1"": -0.2675809198494482, ""2"": -0.1865598799951326, ""3"": -0.28604731224885216, ""4"": -0.12910387817727415, ""5"": -0.2755993687877852}",0.0,-0.25646550507251786,-0.1897340446522302,0.015786943462337943,NEGATIVE
3.0,5,bearish_harami,1m,bear,pattern,2400,2198,0.3666969972702457,-0.22206502012029547,-0.01590116487249211,-0.810393360459668,0.49314841276084703,-0.28139761699968363,487.88286371435913,3.570063694267516,"{""session_end"": 0.01091901728844404, ""stop"": 0.2024567788898999, ""target"": 0.006369426751592357, ""timeout"": 0.7802547770700637}",0.25,"{""0"": -0.28415229490333144, ""1"": -0.23393888093566031, ""2"": -0.2529570848514034, ""3"": -0.22457039185967295, ""4"": -0.14619924327145417, ""5"": -0.19367120724333614}",0.0,-0.2561018516906575,-0.1883365978458669,0.019010467769182998,NEGATIVE
3.0,5,piercing_line,1m,bull,pattern,407,401,0.33665835411471323,-0.2402875748754462,-0.04742500398779121,-0.16200305698933518,0.438038581840565,-0.3258925144276058,100.55252105965073,3.6184538653366585,"{""session_end"": 0.004987531172069825, ""stop"": 0.19950124688279303, ""target"": 0.0024937655860349127, ""timeout"": 0.7930174563591023}",0.22916666666666666,"{""0"": -0.22279463762923152, ""1"": -0.40736273851990196, ""2"": -0.22824470941700584, ""3"": -0.1609326269466984, ""4"": -0.23008175704210593, ""5"": -0.2094330806040609}",0.0,-0.31464584244689653,-0.16777828188731156,-0.0012974479560706742,NEGATIVE
3.0,5,dark_cloud_cover,1m,bear,pattern,440,431,0.382830626450116,-0.170316963609252,0.006448335911338695,-0.15195852067078724,0.5498189488671871,-0.23311339023115907,74.4748690709573,3.691415313225058,"{""session_end"": 0.016241299303944315, ""stop"": 0.15777262180974477, ""target"": 0.002320185614849188, ""timeout"": 0.8236658932714617}",0.34615384615384615,"{""0"": -0.1366910931429086, ""1"": -0.3004780233914368, ""2"": -0.22784543696031617, ""3"": -0.08017637879024657, ""4"": -0.16139154603840303, ""5"": -0.14924658887703476}",0.0,-0.23947021016670006,-0.10125761072051953,0.07075852428022647,NEGATIVE
3.0,5,tweezer_bottom,1m,bull,pattern,12810,8618,0.37537711766071014,-0.2002195442339025,0.0020005096342386956,-2.87747476138746,0.5146782326124599,-0.2602975961889912,1724.3764357575444,3.641796240427013,"{""session_end"": 0.008818751450452541, ""stop"": 0.1778834996518914, ""target"": 0.005569737758180552, ""timeout"": 0.8077280111394756}",0.17,"{""0"": -0.19383740249272693, ""1"": -0.24005383211502226, ""2"": -0.19043834933984127, ""3"": -0.17739987393979048, ""4"": -0.165040937573219, ""5"": -0.23288010344855636}",0.0,-0.21683541459657468,-0.18295059278400108,0.03877058268547301,NEGATIVE
3.0,5,tweezer_top,1m,bear,pattern,12732,8606,0.3784568905414827,-0.19205651674991436,0.010410912191961025,-2.7307985376707915,0.521370675620735,-0.25453541687231224,1661.645080724177,3.661050429932605,"{""session_end"": 0.012200790146409481, ""stop"": 0.16546595398559144, ""target"": 0.005809900069718801, ""timeout"": 0.8165233557982803}",0.15,"{""0"": -0.1758789816080381, ""1"": -0.20377466554087176, ""2"": -0.20544981164814374, ""3"": -0.20117820531174696, ""4"": -0.18714646703338178, ""5"": -0.17940747844124105}",0.0,-0.20850046166939376,-0.17665471516000858,0.049018971139564105,NEGATIVE
3.0,5,bullish_kicker,1m,bull,pattern,532,511,0.3268101761252446,-0.21731216263501826,0.03496781892143583,-0.18554373231200452,0.3906459014091811,-0.3594904693734603,111.17043070571258,3.882583170254403,"{""session_end"": 0.0019569471624266144, ""stop"": 0.07436399217221135, ""target"": 0.003913894324853229, ""timeout"": 0.9197651663405088}",0.15584415584415584,"{""0"": -0.13807817331185665, ""1"": -0.26644395172849816, ""2"": -0.27619901589508694, ""3"": -0.22668382583649485, ""4"": -0.10227251156416943, ""5"": -0.25983888322171655}",0.0,-0.2671097510467086,-0.16550731168330288,0.021677964284357254,NEGATIVE
3.0,5,bearish_kicker,1m,bear,pattern,571,553,0.29294755877034356,-0.2732181466844699,-0.021500104361035666,-0.29507639691826737,0.2991289462995172,-0.47064714905944,150.97556321208967,3.880650994575045,"{""stop"": 0.08860759493670886, ""target"": 0.0018083182640144665, ""timeout"": 0.9095840867992767}",0.16455696202531644,"{""0"": -0.2735496205762767, ""1"": -0.32897392212869736, ""2"": -0.2418346271319739, ""3"": -0.26048397642841564, ""4"": -0.31069801009939246, ""5"": -0.21367936316545574}",0.0,-0.32203927879765176,-0.22530397212209616,-0.03214265879499145,NEGATIVE
3.0,5,hammer,1m,bull,pattern,4306,3555,0.3718706047819972,-0.2295927933414007,-0.00797294954929475,-1.28679687963485,0.4985141120417079,-0.27863435738343506,822.6475636917625,3.546554149085795,"{""session_end"": 0.009563994374120956, ""stop"": 0.21828410689170183, ""target"": 0.008438818565400843, ""timeout"": 0.7637130801687764}",0.18666666666666668,"{""0"": -0.197599027771167, ""1"": -0.27343564169713563, ""2"": -0.2098308773616075, ""3"": -0.3051992488783146, ""4"": -0.1682926223610846, ""5"": -0.2202189824988943}",0.0,-0.2560263420754885,-0.20215619324572875,0.009397333577974815,NEGATIVE
3.0,5,hanging_man,1m,bear,pattern,4264,3524,0.33598183881952326,-0.31442151022316706,-0.02780465920034103,-1.2714527027847333,0.46665124031270805,-0.31203292337765803,1111.1516614809605,3.1779228149829737,"{""session_end"": 0.007945516458569807, ""stop"": 0.32264472190692395, ""target"": 0.028093076049943246, ""timeout"": 0.641316685584563}",0.17333333333333334,"{""0"": -0.3695901254568396, ""1"": -0.32070979377981074, ""2"": -0.29712981667453536, ""3"": -0.2871858237374502, ""4"": -0.33838265328927886, ""5"": -0.26856614496038006}",0.0,-0.3470912730319863,-0.28218087241068723,-0.07334602233368859,NEGATIVE
3.0,5,inverted_hammer,1m,bull,pattern,4127,3409,0.35054268113816367,-0.2753601874183946,0.017793553696143834,-1.125238703310073,0.5321258837665447,-0.258705323437877,938.4855725237054,3.127896743913171,"{""session_end"": 0.007040187738339689, ""stop"": 0.33118216485772956, ""target"": 0.03402757406864183, ""timeout"": 0.627750073335289}",0.22073578595317725,"{""0"": -0.23825418936502593, ""1"": -0.31026382872340275, ""2"": -0.22349466910023286, ""3"": -0.3112438425809547, ""4"": -0.21611564578619022, ""5"": -0.3462054444036492}",0.0,-0.31498433920601854,-0.23973397961201115,-0.03637006049901906,NEGATIVE
3.0,5,shooting_star,1m,bear,pattern,4020,3316,0.3645958986731001,-0.22224106913600336,0.0016936579417760383,-1.0653387139526518,0.5025616815255315,-0.2719033470352398,740.203299364546,3.577201447527141,"{""session_end"": 0.009951749095295536, ""stop"": 0.2008443908323281, ""target"": 0.007840772014475271, ""timeout"": 0.7813630880579011}",0.23076923076923078,"{""0"": -0.2739507248045838, ""1"": -0.2189493452282139, ""2"": -0.18551237374650484, ""3"": -0.18764437874153547, ""4"": -0.19112210326445173, ""5"": -0.2757240172547364}",0.0,-0.24983795523743296,-0.19478677347956327,0.018834418753475107,NEGATIVE
3.0,5,dragonfly_doji,1m,bull,pattern,1283,1196,0.38127090301003347,-0.20797798125502281,0.03096956419382421,-0.37874928355460236,0.5290656150196796,-0.2532839751565698,252.13835787525423,3.5903010033444818,"{""session_end"": 0.008361204013377926, ""stop"": 0.19816053511705686, ""target"": 0.010033444816053512, ""timeout"": 0.7834448160535117}",0.2914798206278027,"{""0"": -0.18864908400268324, ""1"": -0.22353666180848014, ""2"": -0.21415932467045032, ""3"": -0.2846122867984465, ""4"": -0.12742470218575452, ""5"": -0.21361991481250622}",0.0,-0.25373521091915147,-0.1613766612931009,0.031012145664352703,NEGATIVE
3.0,5,gravestone_doji,1m,bear,pattern,1208,1117,0.3437779767233662,-0.2533562793818281,-0.02657801762549862,-0.42713668642900965,0.4563878534297469,-0.31356742218652145,284.529689758876,3.6016114592658908,"{""session_end"": 0.006266786034019696, ""stop"": 0.20411817367949867, ""target"": 0.008952551477170993, ""timeout"": 0.7806624888093107}",0.2830188679245283,"{""0"": -0.26590729845674854, ""1"": -0.2562779351512254, ""2"": -0.13522930570677133, ""3"": -0.2235665526586932, ""4"": -0.2572994173897575, ""5"": -0.3987688900020073}",0.0,-0.30077419068500577,-0.2052219219814459,-0.012280791492349619,NEGATIVE
3.0,5,morning_star,1m,bull,pattern,149,146,0.4383561643835616,-0.08313698463964844,0.08366366859612431,-0.012846872911726722,0.7475413799409522,-0.11184541420570296,17.541927919380743,3.808219178082192,"{""session_end"": 0.00684931506849315, ""stop"": 0.1232876712328767, ""timeout"": 0.8698630136986302}",0.5,"{""1"": -0.06638604639573406}",,-0.1956267545063978,0.03206663904988557,0.15585314227972707,NOISE
3.0,5,evening_star,1m,bear,pattern,133,132,0.4166666666666667,-0.09837884211377722,0.068057564457776,-0.014684477392181927,0.643613321127413,-0.16917091969222856,17.06124186146905,3.9242424242424243,"{""session_end"": 0.007575757575757576, ""stop"": 0.045454545454545456, ""timeout"": 0.946969696969697}",0.25,{},,-0.19760879421818134,-0.00038767930150283527,0.14269664577570124,NEGATIVE
3.0,5,three_white_soldiers,1m,bull,pattern,77,70,0.42857142857142855,-0.0615854534912466,0.05174745682118566,-0.019263973168483543,0.6437974139543385,-0.1656343749403298,5.183498638881297,4.0,"{""stop"": 0.014285714285714285, ""timeout"": 0.9857142857142858}",,{},,-0.14569521153991216,0.027529556635940887,0.17740467342812893,NOISE
3.0,5,three_black_crows,1m,bear,pattern,92,88,0.3977272727272727,-0.12528624354963264,-0.015917977957525628,-0.027030325770458222,0.4738897854354467,-0.2764504132840886,11.182821128288497,3.9545454545454546,"{""session_end"": 0.011363636363636364, ""stop"": 0.03409090909090909, ""timeout"": 0.9545454545454546}",0.0,{},,-0.22093450922599703,-0.03288988363292165,0.11578924433984583,NEGATIVE
3.0,20,random_long,1m,bull,control,14275,6043,0.34750951514148604,-0.23747024048893206,0.01740847864543912,-1.9324522108490265,0.6745382076977123,-0.17162636188041044,1437.80514563558,10.710739698825087,"{""session_end"": 0.02548403111037564, ""stop"": 0.5302002316730101, ""target"": 0.10110872083402284, ""timeout"": 0.34320701638259143}",0.2733333333333333,"{""0"": -0.23607454842820502, ""1"": -0.33001617167284886, ""2"": -0.1874256685036598, ""3"": -0.21197536771573744, ""4"": -0.15092104867050338, ""5"": -0.297297542918236}",0.0,-0.27329301776381454,-0.2002337738944569,,NEGATIVE
3.0,20,random_short,1m,bear,control,14275,6057,0.3382862803368004,-0.24386225913612533,0.010556966687301949,-2.0201332879715563,0.6675612496927742,-0.17617260346577637,1490.3759382014084,10.641736833415882,"{""session_end"": 0.024929833250784218, ""stop"": 0.5289747399702823, ""target"": 0.10665345880799075, ""timeout"": 0.3394419679709427}",0.21666666666666667,"{""0"": -0.23410477832574794, ""1"": -0.2087246543366806, ""2"": -0.31420081205761896, ""3"": -0.2181906903428098, ""4"": -0.3066933316235023, ""5"": -0.1827909835100694}",0.0,-0.2776667190944487,-0.20774251626940568,,NEGATIVE
3.0,20,bullish_engulfing,1m,bull,pattern,3637,2594,0.38704703161141096,-0.1638072167323305,0.008619506924766353,-0.7931598670221537,0.7134598593981245,-0.14233511463943122,430.36259253961094,13.729375481881265,"{""session_end"": 0.029298380878951428, ""stop"": 0.4097918272937548, ""target"": 0.04548959136468774, ""timeout"": 0.5154202004626061}",0.35,"{""0"": -0.14576861644337977, ""1"": -0.2132601304206187, ""2"": -0.12733211267234812, ""3"": -0.1368820254619073, ""4"": -0.11071605085482288, ""5"": -0.23885292092727906}",0.0,-0.2060013604631036,-0.11915466546005117,0.07366302375660155,NEGATIVE
3.0,20,bearish_engulfing,1m,bear,pattern,3558,2573,0.39059463661095994,-0.1548730686052972,0.0198056840568467,-0.6441894773188362,0.7254408777385866,-0.13450854563132744,413.15966856171553,13.879518072289157,"{""session_end"": 0.035367275553828216, ""stop"": 0.4018655266226195, ""target"": 0.04275165176836378, ""timeout"": 0.5200155460551885}",0.3110367892976589,"{""0"": -0.16437745777450216, ""1"": -0.1404654414288242, ""2"": -0.17728787373920443, ""3"": -0.16760564660078003, ""4"": -0.18197578515114074, ""5"": -0.09732852013889137}",0.0,-0.19916172031752458,-0.11022080908206326,0.08898919053082813,NEGATIVE
3.0,20,bullish_harami,1m,bull,pattern,2376,1908,0.3663522012578616,-0.24269671449591854,-0.03548770217659374,-0.7687296122068675,0.6340792687419604,-0.19665999105698898,468.82261463206726,12.177148846960169,"{""session_end"": 0.02358490566037736, ""stop"": 0.49266247379454925, ""target"": 0.06132075471698113, ""timeout"": 0.4224318658280922}",0.2881944444444444,"{""0"": -0.1890671476693661, ""1"": -0.3033758855956846, ""2"": -0.23902275748157853, ""3"": -0.27691935292484654, ""4"": -0.15829222928618045, ""5"": -0.29651883246532335}",0.0,-0.2995159451914846,-0.1863204852764608,-0.005226474006986476,NEGATIVE
3.0,20,bearish_harami,1m,bear,pattern,2400,1941,0.3616692426584235,-0.2274922505930447,-0.022701132811394915,-0.7243533261444126,0.6543731479148853,-0.18378197808138852,442.48742558618954,12.180834621329211,"{""session_end"": 0.03142709943328181, ""stop"": 0.4904688304997424, ""target"": 0.05821741370427615, ""timeout"": 0.4198866563626996}",0.3494809688581315,"{""0"": -0.2633365617514599, ""1"": -0.20758774931521898, ""2"": -0.2804793381522781, ""3"": -0.19325132375616355, ""4"": -0.23912292315119352, ""5"": -0.17389250899337874}",0.0,-0.2822837764910099,-0.17241785947387897,0.016370008543080627,NEGATIVE
3.0,20,piercing_line,1m,bull,pattern,407,382,0.3769633507853403,-0.20728888363790024,-0.01729073343024406,-0.13370350293731226,0.6575341230679778,-0.17586689022804924,82.98600619959488,12.767015706806284,"{""session_end"": 0.034031413612565446, ""stop"": 0.4424083769633508, ""target"": 0.0549738219895288, ""timeout"": 0.468586387434555}",0.4318181818181818,"{""0"": -0.13535198404124882, ""1"": -0.2219396400542706, ""2"": -0.38816887539946104, ""3"": -0.13195458814478384, ""4"": -0.07205305797070961, ""5"": -0.2775738314144075}",0.0,-0.3271039688680635,-0.09128905814438443,0.03018135685103182,NEGATIVE
3.0,20,dark_cloud_cover,1m,bear,pattern,440,420,0.38095238095238093,-0.18266546310857856,-0.006193683864715888,-0.14908987781459684,0.6944560356135643,-0.15523713293294655,81.03838427852799,13.09047619047619,"{""session_end"": 0.0380952380952381, ""stop"": 0.4357142857142857, ""target"": 0.05, ""timeout"": 0.47619047619047616}",0.3469387755102041,"{""0"": -0.14442568626795144, ""1"": -0.17645312020211212, ""2"": -0.21517934459500038, ""3"": -0.08573118823582607, ""4"": -0.3244075930270068, ""5"": -0.12586111263672906}",0.0,-0.29407651565534726,-0.06897389431642721,0.06119679602754677,NEGATIVE
3.0,20,tweezer_bottom,1m,bull,pattern,12810,5370,0.374487895716946,-0.191710731370733,0.006083241734693695,-1.77203458446862,0.6914837077779185,-0.15664357696721634,1029.1541596940801,12.723649906890131,"{""session_end"": 0.03128491620111732, ""stop"": 0.45102420856610803, ""target"": 0.05884543761638734, ""timeout"": 0.45884543761638735}",0.2733333333333333,"{""0"": -0.15680213825786163, ""1"": -0.2760339715285994, ""2"": -0.17993161943330666, ""3"": -0.15934220248063313, ""4"": -0.11305997154611712, ""5"": -0.2534074430459137}",0.0,-0.22446569501299246,-0.15792579381505872,0.045759509118199065,NEGATIVE
3.0,20,tweezer_top,1m,bear,pattern,12732,5321,0.3730501785378688,-0.18102622926665835,0.017036391511729605,-1.5980822360428282,0.7059563360903839,-0.14796846194202626,974.3744604290591,12.764705882352942,"{""session_end"": 0.034579966171772225, ""stop"": 0.4439015222702499, ""target"": 0.06089080999812065, ""timeout"": 0.46062770155985716}",0.2633333333333333,"{""0"": -0.15787102312479798, ""1"": -0.14426312337645442, ""2"": -0.23554941105325142, ""3"": -0.21920433959203056, ""4"": -0.19544989351252282, ""5"": -0.13639920277567077}",0.0,-0.21372288304507744,-0.14899859921858802,0.06283602986946699,NEGATIVE
3.0,20,bullish_kicker,1m,bull,pattern,532,455,0.35604395604395606,-0.24583674019770013,0.004142578167868992,-0.19718952416008295,0.5610566116673918,-0.23681642278190101,113.85697080591636,15.492307692307692,"{""session_end"": 0.01098901098901099, ""stop"": 0.32967032967032966, ""target"": 0.03296703296703297, ""timeout"": 0.6263736263736264}",0.2222222222222222,"{""0"": -0.0758577740292445, ""1"": -0.2717143087169204, ""2"": -0.25859725211864076, ""3"": -0.36220790901227756, ""4"": -0.17618145063510768, ""5"": -0.3498984476569012}",0.0,-0.34180610967491326,-0.15153383618365762,-0.008366499708768071,NEGATIVE
3.0,20,bearish_kicker,1m,bear,pattern,571,480,0.34791666666666665,-0.2745230147700216,-0.028386013210456803,-0.2554134809115773,0.5346008171963906,-0.2637685615098459,138.21641786506194,15.139583333333333,"{""session_end"": 0.016666666666666666, ""stop"": 0.3458333333333333, ""target"": 0.029166666666666667, ""timeout"": 0.6083333333333333}",0.22972972972972974,"{""0"": -0.2793723914433427, ""1"": -0.4091232329544776, ""2"": -0.26572017635612166, ""3"": -0.2511884957588763, ""4"": -0.13973329103283255, ""5"": -0.22771161220355246}",0.0,-0.3618276585090303,-0.17859587888073972,-0.03066075563389628,NEGATIVE
3.0,20,hammer,1m,bull,pattern,4306,2963,0.3496456294296321,-0.23783361748312562,-0.019109440588756677,-1.155264721635872,0.6526443520087054,-0.18525814172312746,708.880771755703,11.889301383732704,"{""session_end"": 0.023962200472494095, ""stop"": 0.5052311846101923, ""target"": 0.07256159298008776, ""timeout"": 0.3982450219372258}",0.31666666666666665,"{""0"": -0.22456505773351615, ""1"": -0.28952867206216265, ""2"": -0.17842246338534684, ""3"": -0.29430419106276434, ""4"": -0.1454585035669237, ""5"": -0.28845278321536566}",0.0,-0.28510920949956414,-0.19208298509961977,-0.0003633769941935594,NEGATIVE
3.0,20,hanging_man,1m,bear,pattern,4264,2999,0.3154384794931644,-0.304428583675624,-0.01502314260713575,-1.0564131116403837,0.6220452876928035,-0.21099172491075327,917.8693324263287,9.44481493831277,"{""session_end"": 0.021673891297099034, ""stop"": 0.5821940646882294, ""target"": 0.12104034678226075, ""timeout"": 0.2750916972324108}",0.29,"{""0"": -0.36304016893546476, ""1"": -0.26639747281867776, ""2"": -0.3198080962442164, ""3"": -0.2391579538032257, ""4"": -0.41835258563871836, ""5"": -0.1960823683083833}",0.0,-0.3590184586361492,-0.2488473114920838,-0.060566324539498645,NEGATIVE
3.0,20,inverted_hammer,1m,bull,pattern,4127,2958,0.32150101419878296,-0.2602732669508239,0.03202739475027231,-0.9098405315045347,0.6777831934189016,-0.17357881727437313,771.4001944931148,9.197430696416498,"{""session_end"": 0.016903313049357674, ""stop"": 0.5872210953346856, ""target"": 0.13691683569979715, ""timeout"": 0.2589587559161596}",0.33444816053511706,"{""0"": -0.17187796702352995, ""1"": -0.3799326342057114, ""2"": -0.25127005597723445, ""3"": -0.25064862154545664, ""4"": -0.13797809466022865, ""5"": -0.3534683469508139}",0.0,-0.31142582864188845,-0.20810223984637524,-0.022803026461891862,NEGATIVE
3.0,20,shooting_star,1m,bear,pattern,4020,2753,0.35779150018162004,-0.2049592426955222,0.01627226545871475,-0.8131878929910885,0.6950742626665233,-0.15670245159607124,567.9226641036076,12.143116600072648,"{""session_end"": 0.02905920813657828, ""stop"": 0.48674173628768613, ""target"": 0.08172902288412641, ""timeout"": 0.40247003269160914}",0.3333333333333333,"{""0"": -0.27504582854985427, ""1"": -0.14805600460220755, ""2"": -0.1690999269947016, ""3"": -0.21272106254248668, ""4"": -0.1823854135037727, ""5"": -0.23999764825030767}",0.0,-0.2539731526064259,-0.1552156360944795,0.03890301644060312,NEGATIVE
3.0,20,dragonfly_doji,1m,bull,pattern,1283,1109,0.3552750225428314,-0.2329428260981267,0.005945377211959281,-0.4144299974398193,0.6549451311833402,-0.18310940375207665,267.9508844076791,12.400360685302074,"{""session_end"": 0.020739404869251576, ""stop"": 0.48692515779981965, ""target"": 0.06853020739404869, ""timeout"": 0.4238052299368801}",0.33488372093023255,"{""0"": -0.1572966737403147, ""1"": -0.27493052809110957, ""2"": -0.2583928635832251, ""3"": -0.3169565947967178, ""4"": -0.11335813740763262, ""5"": -0.2727492813066562}",0.0,-0.3074844122199304,-0.1610284279569283,0.004527414390805368,NEGATIVE
3.0,20,gravestone_doji,1m,bear,pattern,1208,1038,0.36416184971098264,-0.2119142302510353,0.013688447738352642,-0.3445993106957236,0.6855756714000936,-0.16340885737342042,224.869445891513,12.1878612716763,"{""session_end"": 0.022157996146435453, ""stop"": 0.4932562620423892, ""target"": 0.07514450867052024, ""timeout"": 0.4094412331406551}",0.38349514563106796,"{""0"": -0.2304871567103589, ""1"": -0.25292511648129173, ""2"": -0.05506275620075722, ""3"": -0.14054700675293505, ""4"": -0.26515238030408234, ""5"": -0.34398835970902286}",0.0,-0.28994183263813267,-0.13513729413648895,0.03194802888509002,NEGATIVE
3.0,20,morning_star,1m,bull,pattern,149,144,0.4444444444444444,0.023644779099815272,0.1880241123467915,0.022361460200937173,1.0496795421085607,0.019674727581994282,10.953104009741747,14.23611111111111,"{""session_end"": 0.020833333333333332, ""stop"": 0.3263888888888889, ""target"": 0.06944444444444445, ""timeout"": 0.5833333333333334}",0.0,{},,-0.16284147036144453,0.22585902281799203,0.26111501958874733,NOISE
3.0,20,evening_star,1m,bear,pattern,133,131,0.3816793893129771,-0.15459506618411462,0.012260650457729004,-0.03721402495166515,0.7123341802693,-0.140143049889786,26.42423475777877,14.816793893129772,"{""session_end"": 0.03816793893129771, ""stop"": 0.3435114503816794, ""target"": 0.03816793893129771, ""timeout"": 0.5801526717557252}",0.5,{},,-0.3338446241368323,0.03811618142349569,0.08926719295201072,NOISE
3.0,20,three_white_soldiers,1m,bull,pattern,77,70,0.5142857142857142,0.0672755331319863,0.18075691457364382,0.011520085459256018,1.2365305544690979,0.08539841484749229,4.218988419989858,17.757142857142856,"{""session_end"": 0.014285714285714285, ""stop"": 0.12857142857142856, ""timeout"": 0.8571428571428571}",,{},,-0.1260047687341874,0.25515986630801296,0.30474577362091837,NOISE
3.0,20,three_black_crows,1m,bear,pattern,92,88,0.3409090909090909,-0.19143535811134652,-0.08052028694586197,-0.06035327410836547,0.5530255610999392,-0.24260296803721568,18.882775878933032,16.71590909090909,"{""session_end"": 0.022727272727272728, ""stop"": 0.20454545454545456, ""timeout"": 0.7727272727272727}",0.0,{},,-0.3560283670953169,-0.026357193684840952,0.052426901024778816,NEGATIVE
3.0,60,random_long,1m,bull,control,14275,4454,0.2968118545127975,-0.23231008342529305,0.026448827595421758,-1.3927470123930603,0.7304608060160682,-0.1422709339078986,1037.4815939372186,17.38167938931298,"{""session_end"": 0.03749438706780422, ""stop"": 0.6679389312977099, ""target"": 0.19308486753480017, ""timeout"": 0.10148181409968568}",0.31,"{""0"": -0.23249832573601026, ""1"": -0.32989115217688214, ""2"": -0.1980719651774511, ""3"": -0.19921491432660401, ""4"": -0.08946446418017837, ""5"": -0.3118886698345408}",0.0,-0.28030926765112657,-0.1846896484479951,,NEGATIVE
3.0,60,random_short,1m,bear,control,14275,4541,0.293767892534684,-0.23263673342318777,0.02384829538395474,-1.4681374905082833,0.7302229357634887,-0.1423829380568042,1067.1165033483069,16.89539748953975,"{""session_end"": 0.03787711957718564, ""stop"": 0.6694560669456067, ""target"": 0.19841444615723408, ""timeout"": 0.09425236731997358}",0.30333333333333334,"{""0"": -0.23899691330178482, ""1"": -0.15704551963656366, ""2"": -0.3255819156890854, ""3"": -0.2562989988502119, ""4"": -0.3248157182219837, ""5"": -0.10279668729330957}",0.0,-0.27726722591913844,-0.18538975077638403,,NEGATIVE
3.0,60,bullish_engulfing,1m,bull,pattern,3637,2019,0.34026745913818723,-0.16281789926141235,0.01006994813959157,-0.7117671079560239,0.777297661858253,-0.1110297904231017,342.2719664842527,26.960376423972264,"{""session_end"": 0.05993065874195146, ""stop"": 0.5968301139177811, ""target"": 0.12877662209014362, ""timeout"": 0.2144626052501238}",0.37666666666666665,"{""0"": -0.05163122388600142, ""1"": -0.27074323134091394, ""2"": -0.18232040524572946, ""3"": -0.14884709110670744, ""4"": -0.08922534462323642, ""5"": -0.21682591614554403}",0.0,-0.2244629776917426,-0.09722676183555361,0.0694921841638807,NEGATIVE
3.0,60,bearish_engulfing,1m,bear,pattern,3558,2011,0.33714569865738436,-0.14126301674454225,0.030383307720357373,-0.4070782505045923,0.8050115702562577,-0.0953922901213525,298.34405456492954,26.962207856787668,"{""session_end"": 0.0626553953257086, ""stop"": 0.5872700149179513, ""target"": 0.1352560914967678, ""timeout"": 0.21481849825957236}",0.3783783783783784,"{""0"": -0.17288725538235533, ""1"": -0.09478012451748401, ""2"": -0.1714453884979201, ""3"": -0.11436182089438918, ""4"": -0.21705069691287715, ""5"": -0.07312137823318009}",0.0,-0.20634632755568227,-0.0761362333651002,0.09137371667864552,NEGATIVE
3.0,60,bullish_harami,1m,bull,pattern,2376,1668,0.302158273381295,-0.22622626805249543,-0.016549895384836207,-0.6304578369692198,0.7229525876680153,-0.1458211347335556,387.2590673709126,21.72182254196643,"{""session_end"": 0.04016786570743405, ""stop"": 0.6558752997601919, ""target"": 0.1606714628297362, ""timeout"": 0.1432853717026379}",0.3368421052631579,"{""0"": -0.1906122665416279, ""1"": -0.284065769624182, ""2"": -0.18757065781951787, ""3"": -0.3700692347181681, ""4"": -0.06726016151652267, ""5"": -0.2644360591022032}",0.0,-0.29928525120311333,-0.15631621615263877,0.0060838153727976185,NEGATIVE
3.0,60,bearish_harami,1m,bear,pattern,2400,1688,0.29917061611374407,-0.2308291015272153,-0.029772646476151906,-0.6531557810438555,0.7145405393702855,-0.15002662050520932,393.320817665757,21.975710900473935,"{""session_end"": 0.04976303317535545, ""stop"": 0.6528436018957346, ""target"": 0.15876777251184834, ""timeout"": 0.1386255924170616}",0.3462897526501767,"{""0"": -0.22910797098332794, ""1"": -0.282689680322524, ""2"": -0.23682245600810367, ""3"": -0.21402353550647663, ""4"": -0.24669958865792302, ""5"": -0.1720019279537776}",0.0,-0.3020821290567191,-0.1555926305086168,0.0018076318959724669,NEGATIVE
3.0,60,piercing_line,1m,bull,pattern,407,366,0.33060109289617484,-0.14773815352824737,0.040611502968296256,-0.09026297820121942,0.8025606374742819,-0.09712948752420787,61.87334705015041,24.612021857923498,"{""session_end"": 0.05191256830601093, ""stop"": 0.6065573770491803, ""target"": 0.1557377049180328, ""timeout"": 0.18579234972677597}",0.5,"{""0"": -0.0826323230163838, ""1"": -0.04939322142928277, ""2"": -0.3352506120160836, ""3"": -0.06849001873512787, ""4"": 0.03138200014942312, ""5"": -0.3423218111640723}",0.16666666666666666,-0.30678670883348197,0.010563002729755536,0.08457192989704568,NOISE
3.0,60,dark_cloud_cover,1m,bear,pattern,440,411,0.31873479318734793,-0.11716288563021016,0.05919419189690685,-0.1117446322637008,0.8441394654625359,-0.07480493013387388,59.36124134677107,24.47931873479319,"{""session_end"": 0.05596107055961071, ""stop"": 0.6082725060827251, ""target"": 0.1654501216545012, ""timeout"": 0.170316301703163}",0.4375,"{""0"": -0.10670110887721511, ""1"": -0.2995767662855598, ""2"": -0.23990076094191298, ""3"": -0.016753316671324077, ""4"": -0.17492118678488802, ""5"": 0.1604330707903305}",0.16666666666666666,-0.2687407203895245,0.041574847385791994,0.11547384779297762,NOISE
3.0,60,tweezer_bottom,1m,bull,pattern,12810,3641,0.32243889041472124,-0.17834139096790316,0.019788757872510193,-1.2505293490557172,0.7704346659530179,-0.11598574557261179,660.748018475543,23.33754463059599,"{""session_end"": 0.054380664652567974, ""stop"": 0.6242790442186212, ""target"": 0.15545179895633068, ""timeout"": 0.16588849217248008}",0.35333333333333333,"{""0"": -0.07836621289426297, ""1"": -0.27343423236204095, ""2"": -0.16728755024848177, ""3"": -0.17646697471796494, ""4"": -0.0876596019871949, ""5"": -0.26285474674363285}",0.0,-0.22738273898252875,-0.12743724715896582,0.05396869245738989,NEGATIVE
3.0,60,tweezer_top,1m,bear,pattern,12732,3619,0.32025421387123515,-0.17349768914742184,0.019358434661739435,-1.101138381931699,0.7743930168152596,-0.11338545767875816,641.8804685773463,23.352307267200885,"{""session_end"": 0.05609284332688588, ""stop"": 0.6181265542967671, ""target"": 0.15612047526941145, ""timeout"": 0.16966012710693562}",0.36666666666666664,"{""0"": -0.15016591590013553, ""1"": -0.163357812600292, ""2"": -0.2286320976518559, ""3"": -0.15822192306349675, ""4"": -0.23181343039988195, ""5"": -0.1084742372392323}",0.0,-0.2244529891034075,-0.12457627767175337,0.05913904427576594,NEGATIVE
3.0,60,bullish_kicker,1m,bull,pattern,532,395,0.34177215189873417,-0.20642114347512858,0.03840460364374071,-0.15293180042502033,0.7196332146944923,-0.14533603988875346,105.32047123257922,33.050632911392405,"{""session_end"": 0.035443037974683546, ""stop"": 0.5544303797468354, ""target"": 0.10632911392405063, ""timeout"": 0.3037974683544304}",0.3492063492063492,"{""0"": 0.22493276198979822, ""1"": -0.2953693048273155, ""2"": -0.2879015634486625, ""3"": -0.41694661460387394, ""4"": -0.08177398753469692, ""5"": -0.4144274140155236}",0.16666666666666666,-0.3397358501389072,-0.06355389904623748,0.025888939950164475,NEGATIVE
3.0,60,bearish_kicker,1m,bear,pattern,571,416,0.3173076923076923,-0.285721153903702,-0.04504504853182588,-0.26133908638329867,0.627185404390922,-0.20795789003465276,127.39792016438916,31.033653846153847,"{""session_end"": 0.05048076923076923, ""stop"": 0.5865384615384616, ""target"": 0.10336538461538461, ""timeout"": 0.25961538461538464}",0.32786885245901637,"{""0"": -0.33626038126625596, ""1"": -0.5249972558770697, ""2"": -0.2807402156606829, ""3"": -0.14449891047848118, ""4"": -0.2850782018442554, ""5"": -0.06684818976872375}",0.0,-0.4152701429465327,-0.14287929378985695,-0.05308442048051423,NEGATIVE
3.0,60,hammer,1m,bull,pattern,4306,2432,0.2989309210526316,-0.2253404895772134,-0.007670456397455119,-0.9268312941671741,0.7255474790629725,-0.14433876865796033,559.6311700884017,20.828536184210527,"{""session_end"": 0.04276315789473684, ""stop"": 0.6570723684210527, ""target"": 0.16652960526315788, ""timeout"": 0.13363486842105263}",0.35,"{""0"": -0.18973761997227123, ""1"": -0.2891312271783286, ""2"": -0.1805295659913689, ""3"": -0.2968758802670776, ""4"": -0.12004912658391578, ""5"": -0.26229973316718563}",0.0,-0.2890978769994388,-0.1635807864139086,0.006969593848079658,NEGATIVE
3.0,60,hanging_man,1m,bear,pattern,4264,2663,0.267743146826887,-0.3104582843875045,-0.020073878519318963,-0.969120564581899,0.6651278871881122,-0.1878307780101543,828.337734366436,14.23732632369508,"{""session_end"": 0.028914757791963952, ""stop"": 0.7063462260608336, ""target"": 0.20390536988358993, ""timeout"": 0.06083364626361247}",0.2976588628762542,"{""0"": -0.3554307663026038, ""1"": -0.2620908917640955, ""2"": -0.3208706847237179, ""3"": -0.28326931366514535, ""4"": -0.39461642904795596, ""5"": -0.2312378386223553}",0.0,-0.37303814934902635,-0.24680064253018333,-0.07782155096431673,NEGATIVE
3.0,60,inverted_hammer,1m,bull,pattern,4127,2641,0.284361984096933,-0.24517036750968377,0.04775734778318558,-0.7681379621397366,0.7305183603789658,-0.14441032557510897,653.8300141208355,13.712230215827338,"{""session_end"": 0.025747822794396063, ""stop"": 0.6925407042786823, ""target"": 0.2192351382052253, ""timeout"": 0.06247633472169633}",0.36577181208053694,"{""0"": -0.11358444451310389, ""1"": -0.38880513866681815, ""2"": -0.21015353330181216, ""3"": -0.21554230801911414, ""4"": -0.12842159857760682, ""5"": -0.37846323002364785}",0.0,-0.305190427567157,-0.18149449969191472,-0.012860284084390716,NEGATIVE
3.0,60,shooting_star,1m,bear,pattern,4020,2297,0.30474531998258597,-0.18688784861334976,0.031797698019788045,-0.6376820509161211,0.7699123011882922,-0.1171532633221087,433.40735891682937,20.92903787548977,"{""session_end"": 0.045276447540269917, ""stop"": 0.6443186765346104, ""target"": 0.18371789290378754, ""timeout"": 0.12668698302133216}",0.3569023569023569,"{""0"": -0.2627587389533293, ""1"": -0.0946508021792436, ""2"": -0.20678164037476227, ""3"": -0.23271863018165326, ""4"": -0.16029413236137244, ""5"": -0.1718824773152514}",0.0,-0.24817831977485885,-0.12626897819990998,0.04574888480983802,NEGATIVE
3.0,60,dragonfly_doji,1m,bull,pattern,1283,1015,0.31822660098522165,-0.19454210661757412,0.04474644752783639,-0.31829336396660163,0.760442072922667,-0.1229518492246979,213.21240974556886,22.35960591133005,"{""session_end"": 0.04532019704433497, ""stop"": 0.638423645320197, ""target"": 0.17142857142857143, ""timeout"": 0.14482758620689656}",0.415,"{""0"": -0.05648832786089565, ""1"": -0.21727612668292332, ""2"": -0.2914846451089717, ""3"": -0.29100313673967165, ""4"": -0.07755897160998987, ""5"": -0.2371212459493753}",0.0,-0.29218846227488704,-0.0947084094393243,0.03776797680771893,NEGATIVE
3.0,60,gravestone_doji,1m,bear,pattern,1208,946,0.3033826638477801,-0.19635375366862368,0.028050903407369095,-0.32634351780070026,0.7595232712547225,-0.12362191915657281,192.0928297843033,21.627906976744185,"{""session_end"": 0.03805496828752643, ""stop"": 0.645877378435518, ""target"": 0.18181818181818182, ""timeout"": 0.13424947145877378}",0.3769633507853403,"{""0"": -0.2110948973276762, ""1"": -0.29112289566572497, ""2"": -0.14584005974718023, ""3"": -0.05848640837422333, ""4"": -0.2668414375647059, ""5"": -0.21612013352325826}",0.0,-0.29407729518389625,-0.09837648848739952,0.0362829797545641,NEGATIVE
3.0,60,morning_star,1m,bull,pattern,149,143,0.4125874125874126,0.004346427857396602,0.1682910456770307,-0.006418128492919763,1.0071030141782162,0.003007141644630914,19.76969681079396,31.405594405594407,"{""session_end"": 0.07692307692307693, ""stop"": 0.48951048951048953, ""target"": 0.11188811188811189, ""timeout"": 0.32167832167832167}",0.3333333333333333,{},,-0.21789308427309284,0.24455253036761426,0.23665651128268966,NOISE
3.0,60,evening_star,1m,bear,pattern,133,129,0.3643410852713178,-0.20185811453016597,-0.0368766405273663,-0.04926648243104609,0.715512001864849,-0.14719113557023275,27.882494996435305,31.5968992248062,"{""session_end"": 0.03875968992248062, ""stop"": 0.5581395348837209, ""target"": 0.09302325581395349, ""timeout"": 0.31007751937984496}",0.75,{},,-0.4362768963234854,0.03333334693889038,0.030778618893021803,NOISE
3.0,60,three_white_soldiers,1m,bull,pattern,77,69,0.4492753623188406,-0.09026479978132584,0.024274289017527855,-0.025212468693293008,0.8273386679945471,-0.07886584792886864,9.99924082806602,43.63768115942029,"{""session_end"": 0.057971014492753624, ""stop"": 0.42028985507246375, ""target"": 0.043478260869565216, ""timeout"": 0.4782608695652174}",,{},,-0.34893469899996404,0.1834094730811006,0.1420452836439672,NOISE
3.0,60,three_black_crows,1m,bear,pattern,92,87,0.3218390804597701,-0.30229220032412196,-0.1900414126867628,-0.09481545578023023,0.5401600916729059,-0.27086631076632733,28.411626742907576,39.13793103448276,"{""session_end"": 0.05747126436781609, ""stop"": 0.5172413793103449, ""target"": 0.034482758620689655, ""timeout"": 0.39080459770114945}",0.0,{},,-0.5407495918063245,-0.06039371292347994,-0.06965546690093419,NEGATIVE
